<?xml version="1.0"?>
<!DOCTYPE pathway SYSTEM "https://www.kegg.jp/kegg/xml/KGML_v0.7.2_.dtd">
<!-- Creation date: Jul 12, 2022 09:59:49 +0900 (GMT+9) -->
<pathway name="path:ko00627" org="ko" number="00627"
         title="Aminobenzoate degradation"
         image="https://www.kegg.jp/kegg/pathway/ko/ko00627.png"
         link="https://www.kegg.jp/kegg-bin/show_pathway?ko00627">
    <entry id="7" name="path:ko00361" type="map"
        link="https://www.kegg.jp/dbget-bin/www_bget?ko00361">
        <graphics name="Chlorocyclohexane and chlorobenzene degradation" fgcolor="#000000" bgcolor="#FFFFFF"
             type="roundrectangle" x="162" y="58" width="243" height="25"/>
    </entry>
    <entry id="10" name="cpd:C00568" type="compound"
        link="https://www.kegg.jp/dbget-bin/www_bget?C00568">
        <graphics name="C00568" fgcolor="#000000" bgcolor="#FFFFFF"
             type="circle" x="391" y="649" width="8" height="8"/>
    </entry>
    <entry id="13" name="cpd:C00230" type="compound"
        link="https://www.kegg.jp/dbget-bin/www_bget?C00230">
        <graphics name="C00230" fgcolor="#000000" bgcolor="#FFFFFF"
             type="circle" x="587" y="649" width="8" height="8"/>
    </entry>
    <entry id="32" name="cpd:C07103" type="compound"
        link="https://www.kegg.jp/dbget-bin/www_bget?C07103">
        <graphics name="C07103" fgcolor="#000000" bgcolor="#FFFFFF"
             type="circle" x="1028" y="955" width="8" height="8"/>
    </entry>
    <entry id="35" name="ko:K23529" type="ortholog" reaction="rn:R05399"
        link="https://www.kegg.jp/dbget-bin/www_bget?K23529">
        <graphics name="K23529" fgcolor="#000000" bgcolor="#BFBFFF"
             type="rectangle" x="1081" y="966" width="46" height="17"/>
    </entry>
    <entry id="38" name="ko:K01101" type="ortholog" reaction="rn:R03024"
        link="https://www.kegg.jp/dbget-bin/www_bget?K01101">
        <graphics name="K01101" fgcolor="#000000" bgcolor="#BFBFFF"
             type="rectangle" x="763" y="968" width="46" height="17"/>
    </entry>
    <entry id="41" name="ko:K23528" type="ortholog" reaction="rn:R05244"
        link="https://www.kegg.jp/dbget-bin/www_bget?K23528">
        <graphics name="K23528" fgcolor="#000000" bgcolor="#BFBFFF"
             type="rectangle" x="971" y="1004" width="46" height="17"/>
    </entry>
    <entry id="42" name="ko:K21726 ko:K21727" type="ortholog" reaction="rn:R03023"
        link="https://www.kegg.jp/dbget-bin/www_bget?K21726+K21727">
        <graphics name="K21726..." fgcolor="#000000" bgcolor="#BFBFFF"
             type="rectangle" x="841" y="1039" width="48" height="17"/>
    </entry>
    <entry id="43" name="ko:K21725" type="ortholog" reaction="rn:R05258"
        link="https://www.kegg.jp/dbget-bin/www_bget?K21725">
        <graphics name="K21725" fgcolor="#000000" bgcolor="#BFBFFF"
             type="rectangle" x="841" y="1006" width="46" height="17"/>
    </entry>
    <entry id="44" name="ko:K14338" type="ortholog" reaction="rn:R05259"
        link="https://www.kegg.jp/dbget-bin/www_bget?K14338">
        <graphics name="K14338" fgcolor="#000000" bgcolor="#BFBFFF"
             type="rectangle" x="442" y="974" width="46" height="17"/>
    </entry>
    <entry id="45" name="cpd:C03360" type="compound"
        link="https://www.kegg.jp/dbget-bin/www_bget?C03360">
        <graphics name="C03360" fgcolor="#000000" bgcolor="#FFFFFF"
             type="circle" x="763" y="940" width="8" height="8"/>
    </entry>
    <entry id="46" name="cpd:C06604" type="compound"
        link="https://www.kegg.jp/dbget-bin/www_bget?C06604">
        <graphics name="C06604" fgcolor="#000000" bgcolor="#FFFFFF"
             type="circle" x="442" y="950" width="8" height="8"/>
    </entry>
    <entry id="47" name="cpd:C06606" type="compound"
        link="https://www.kegg.jp/dbget-bin/www_bget?C06606">
        <graphics name="C06606" fgcolor="#000000" bgcolor="#FFFFFF"
             type="circle" x="442" y="1004" width="8" height="8"/>
    </entry>
    <entry id="48" name="cpd:C02372" type="compound"
        link="https://www.kegg.jp/dbget-bin/www_bget?C02372">
        <graphics name="C02372" fgcolor="#000000" bgcolor="#FFFFFF"
             type="circle" x="577" y="911" width="8" height="8"/>
    </entry>
    <entry id="49" name="cpd:C06608" type="compound"
        link="https://www.kegg.jp/dbget-bin/www_bget?C06608">
        <graphics name="C06608" fgcolor="#000000" bgcolor="#FFFFFF"
             type="circle" x="686" y="950" width="8" height="8"/>
    </entry>
    <entry id="50" name="cpd:C06607" type="compound"
        link="https://www.kegg.jp/dbget-bin/www_bget?C06607">
        <graphics name="C06607" fgcolor="#000000" bgcolor="#FFFFFF"
             type="circle" x="609" y="950" width="8" height="8"/>
    </entry>
    <entry id="51" name="cpd:C00472" type="compound"
        link="https://www.kegg.jp/dbget-bin/www_bget?C00472">
        <graphics name="C00472" fgcolor="#000000" bgcolor="#FFFFFF"
             type="circle" x="914" y="1004" width="8" height="8"/>
    </entry>
    <entry id="52" name="cpd:C02235" type="compound"
        link="https://www.kegg.jp/dbget-bin/www_bget?C02235">
        <graphics name="C02235" fgcolor="#000000" bgcolor="#FFFFFF"
             type="circle" x="971" y="1039" width="8" height="8"/>
    </entry>
    <entry id="53" name="cpd:C00530" type="compound"
        link="https://www.kegg.jp/dbget-bin/www_bget?C00530">
        <graphics name="C00530" fgcolor="#000000" bgcolor="#FFFFFF"
             type="circle" x="1028" y="1004" width="8" height="8"/>
    </entry>
    <entry id="54" name="cpd:C00870" type="compound"
        link="https://www.kegg.jp/dbget-bin/www_bget?C00870">
        <graphics name="C00870" fgcolor="#000000" bgcolor="#FFFFFF"
             type="circle" x="763" y="1004" width="8" height="8"/>
    </entry>
    <entry id="55" name="cpd:C06605" type="compound"
        link="https://www.kegg.jp/dbget-bin/www_bget?C06605">
        <graphics name="C06605" fgcolor="#000000" bgcolor="#FFFFFF"
             type="circle" x="503" y="950" width="8" height="8"/>
    </entry>
    <entry id="62" name="path:ko00362" type="map"
        link="https://www.kegg.jp/dbget-bin/www_bget?ko00362">
        <graphics name="Benzoate degradation" fgcolor="#000000" bgcolor="#FFFFFF"
             type="roundrectangle" x="329" y="1029" width="122" height="25"/>
    </entry>
    <entry id="64" name="ko:K20990" type="ortholog" reaction="rn:R05420"
        link="https://www.kegg.jp/dbget-bin/www_bget?K20990">
        <graphics name="K20990" fgcolor="#000000" bgcolor="#BFBFFF"
             type="rectangle" x="329" y="923" width="46" height="17"/>
    </entry>
    <entry id="67" name="cpd:C06335" type="compound"
        link="https://www.kegg.jp/dbget-bin/www_bget?C06335">
        <graphics name="C06335" fgcolor="#000000" bgcolor="#FFFFFF"
             type="circle" x="329" y="701" width="8" height="8"/>
    </entry>
    <entry id="69" name="cpd:C06674" type="compound"
        link="https://www.kegg.jp/dbget-bin/www_bget?C06674">
        <graphics name="C06674" fgcolor="#000000" bgcolor="#FFFFFF"
             type="circle" x="329" y="766" width="8" height="8"/>
    </entry>
    <entry id="71" name="cpd:C06675" type="compound"
        link="https://www.kegg.jp/dbget-bin/www_bget?C06675">
        <graphics name="C06675" fgcolor="#000000" bgcolor="#FFFFFF"
             type="circle" x="329" y="831" width="8" height="8"/>
    </entry>
    <entry id="72" name="cpd:C06676" type="compound"
        link="https://www.kegg.jp/dbget-bin/www_bget?C06676">
        <graphics name="C06676" fgcolor="#000000" bgcolor="#FFFFFF"
             type="circle" x="329" y="896" width="8" height="8"/>
    </entry>
    <entry id="73" name="cpd:C02222" type="compound"
        link="https://www.kegg.jp/dbget-bin/www_bget?C02222">
        <graphics name="C02222" fgcolor="#000000" bgcolor="#FFFFFF"
             type="circle" x="329" y="961" width="8" height="8"/>
    </entry>
    <entry id="77" name="ko:K25916" type="ortholog" reaction="rn:R07668"
        link="https://www.kegg.jp/dbget-bin/www_bget?K25916">
        <graphics name="K25916" fgcolor="#000000" bgcolor="#BFBFFF"
             type="rectangle" x="587" y="615" width="46" height="17"/>
    </entry>
    <entry id="78" name="cpd:C00755" type="compound"
        link="https://www.kegg.jp/dbget-bin/www_bget?C00755">
        <graphics name="C00755" fgcolor="#000000" bgcolor="#FFFFFF"
             type="circle" x="482" y="573" width="8" height="8"/>
    </entry>
    <entry id="79" name="cpd:C06317" type="compound"
        link="https://www.kegg.jp/dbget-bin/www_bget?C06317">
        <graphics name="C06317" fgcolor="#000000" bgcolor="#FFFFFF"
             type="circle" x="377" y="573" width="8" height="8"/>
    </entry>
    <entry id="80" name="cpd:C06672" type="compound"
        link="https://www.kegg.jp/dbget-bin/www_bget?C06672">
        <graphics name="C06672" fgcolor="#000000" bgcolor="#FFFFFF"
             type="circle" x="587" y="573" width="8" height="8"/>
    </entry>
    <entry id="81" name="ko:K03862 ko:K03863" type="ortholog" reaction="rn:R05274"
        link="https://www.kegg.jp/dbget-bin/www_bget?K03862+K03863">
        <graphics name="K03862..." fgcolor="#000000" bgcolor="#BFBFFF"
             type="rectangle" x="562" y="596" width="46" height="17"/>
    </entry>
    <entry id="82" name="ko:K21802" type="ortholog" reaction="rn:R05699"
        link="https://www.kegg.jp/dbget-bin/www_bget?K21802">
        <graphics name="K21802" fgcolor="#000000" bgcolor="#BFBFFF"
             type="rectangle" x="533" y="574" width="46" height="17"/>
    </entry>
    <entry id="96" name="ko:K15056" type="ortholog" reaction="rn:R07730"
        link="https://www.kegg.jp/dbget-bin/www_bget?K15056">
        <graphics name="K15056" fgcolor="#000000" bgcolor="#BFBFFF"
             type="rectangle" x="291" y="478" width="46" height="17"/>
    </entry>
    <entry id="98" name="ko:K15055" type="ortholog" reaction="rn:R07727"
        link="https://www.kegg.jp/dbget-bin/www_bget?K15055">
        <graphics name="K15055" fgcolor="#000000" bgcolor="#BFBFFF"
             type="rectangle" x="291" y="409" width="46" height="17"/>
    </entry>
    <entry id="99" name="cpd:C16234" type="compound"
        link="https://www.kegg.jp/dbget-bin/www_bget?C16234">
        <graphics name="C16234" fgcolor="#000000" bgcolor="#FFFFFF"
             type="circle" x="291" y="381" width="8" height="8"/>
    </entry>
    <entry id="100" name="cpd:C16235" type="compound"
        link="https://www.kegg.jp/dbget-bin/www_bget?C16235">
        <graphics name="C16235" fgcolor="#000000" bgcolor="#FFFFFF"
             type="circle" x="291" y="445" width="8" height="8"/>
    </entry>
    <entry id="101" name="cpd:C00632" type="compound"
        link="https://www.kegg.jp/dbget-bin/www_bget?C00632">
        <graphics name="C00632" fgcolor="#000000" bgcolor="#FFFFFF"
             type="circle" x="291" y="519" width="8" height="8"/>
    </entry>
    <entry id="102" name="path:ko00380" type="map"
        link="https://www.kegg.jp/dbget-bin/www_bget?ko00380">
        <graphics name="Tryptophan metabolism" fgcolor="#000000" bgcolor="#FFFFFF"
             type="roundrectangle" x="399" y="519" width="134" height="25"/>
    </entry>
    <entry id="103" name="ko:K14333" type="ortholog" reaction="rn:R00821"
        link="https://www.kegg.jp/dbget-bin/www_bget?K14333">
        <graphics name="K14333" fgcolor="#000000" bgcolor="#BFBFFF"
             type="rectangle" x="670" y="446" width="46" height="17"/>
    </entry>
    <entry id="104" name="ko:K09461" type="ortholog" reaction="rn:R03998 rn:R03999"
        link="https://www.kegg.jp/dbget-bin/www_bget?K09461">
        <graphics name="K09461" fgcolor="#000000" bgcolor="#BFBFFF"
             type="rectangle" x="534" y="387" width="46" height="17"/>
    </entry>
    <entry id="105" name="ko:K08295" type="ortholog" reaction="rn:R00982"
        link="https://www.kegg.jp/dbget-bin/www_bget?K08295">
        <graphics name="K08295" fgcolor="#000000" bgcolor="#BFBFFF"
             type="rectangle" x="436" y="388" width="46" height="17"/>
    </entry>
    <entry id="106" name="ko:K05599 ko:K05600 ko:K11311 ko:K16319 ko:K16320 ko:K18248 ko:K18249" type="ortholog" reaction="rn:R00823 rn:R00825"
        link="https://www.kegg.jp/dbget-bin/www_bget?K05599+K05600+K11311+K16319+K16320+K18248+K18249">
        <graphics name="K05599..." fgcolor="#000000" bgcolor="#BFBFFF"
             type="rectangle" x="495" y="478" width="46" height="17"/>
    </entry>
    <entry id="108" name="cpd:C05165" type="compound"
        link="https://www.kegg.jp/dbget-bin/www_bget?C05165">
        <graphics name="C05165" fgcolor="#000000" bgcolor="#FFFFFF"
             type="circle" x="586" y="387" width="8" height="8"/>
    </entry>
    <entry id="109" name="cpd:C02247" type="compound"
        link="https://www.kegg.jp/dbget-bin/www_bget?C02247">
        <graphics name="C02247" fgcolor="#000000" bgcolor="#FFFFFF"
             type="circle" x="491" y="387" width="8" height="8"/>
    </entry>
    <entry id="110" name="cpd:C08063" type="compound"
        link="https://www.kegg.jp/dbget-bin/www_bget?C08063">
        <graphics name="C08063" fgcolor="#000000" bgcolor="#FFFFFF"
             type="circle" x="665" y="387" width="8" height="8"/>
    </entry>
    <entry id="118" name="ko:K14579 ko:K14580 ko:K14578 ko:K14581" type="ortholog" reaction="rn:R07706"
        link="https://www.kegg.jp/dbget-bin/www_bget?K14579+K14580+K14578+K14581">
        <graphics name="K14579..." fgcolor="#000000" bgcolor="#BFBFFF"
             type="rectangle" x="747" y="399" width="46" height="17"/>
    </entry>
    <entry id="119" name="ko:K01865" type="ortholog" reaction="rn:R05383"
        link="https://www.kegg.jp/dbget-bin/www_bget?K01865">
        <graphics name="K01865" fgcolor="#000000" bgcolor="#BFBFFF"
             type="rectangle" x="983" y="368" width="46" height="17"/>
    </entry>
    <entry id="120" name="path:ko00362" type="map"
        link="https://www.kegg.jp/dbget-bin/www_bget?ko00362">
        <graphics name="Benzoate degradation" fgcolor="#000000" bgcolor="#FFFFFF"
             type="roundrectangle" x="1020" y="445" width="122" height="25"/>
    </entry>
    <entry id="121" name="cpd:C03824" type="compound"
        link="https://www.kegg.jp/dbget-bin/www_bget?C03824">
        <graphics name="C03824" fgcolor="#000000" bgcolor="#FFFFFF"
             type="circle" x="1134" y="367" width="8" height="8"/>
    </entry>
    <entry id="122" name="cpd:C01987" type="compound"
        link="https://www.kegg.jp/dbget-bin/www_bget?C01987">
        <graphics name="C01987" fgcolor="#000000" bgcolor="#FFFFFF"
             type="circle" x="1037" y="367" width="8" height="8"/>
    </entry>
    <entry id="123" name="cpd:C02720" type="compound"
        link="https://www.kegg.jp/dbget-bin/www_bget?C02720">
        <graphics name="C02720" fgcolor="#000000" bgcolor="#FFFFFF"
             type="circle" x="940" y="367" width="8" height="8"/>
    </entry>
    <entry id="124" name="cpd:C06876" type="compound"
        link="https://www.kegg.jp/dbget-bin/www_bget?C06876">
        <graphics name="C06876" fgcolor="#000000" bgcolor="#FFFFFF"
             type="circle" x="843" y="367" width="8" height="8"/>
    </entry>
    <entry id="125" name="cpd:C06813" type="compound"
        link="https://www.kegg.jp/dbget-bin/www_bget?C06813">
        <graphics name="C06813" fgcolor="#000000" bgcolor="#FFFFFF"
             type="circle" x="747" y="367" width="8" height="8"/>
    </entry>
    <entry id="126" name="ko:K15058 ko:K15059" type="ortholog" reaction="rn:R05405"
        link="https://www.kegg.jp/dbget-bin/www_bget?K15058+K15059">
        <graphics name="K15058..." fgcolor="#000000" bgcolor="#BFBFFF"
             type="rectangle" x="1081" y="368" width="46" height="17"/>
    </entry>
    <entry id="127" name="ko:K15057" type="ortholog" reaction="rn:R05401"
        link="https://www.kegg.jp/dbget-bin/www_bget?K15057">
        <graphics name="K15057" fgcolor="#000000" bgcolor="#BFBFFF"
             type="rectangle" x="791" y="368" width="46" height="17"/>
    </entry>
    <entry id="128" name="ko:K15057" type="ortholog" reaction="rn:R05400"
        link="https://www.kegg.jp/dbget-bin/www_bget?K15057">
        <graphics name="K15057" fgcolor="#000000" bgcolor="#BFBFFF"
             type="rectangle" x="887" y="368" width="46" height="17"/>
    </entry>
    <entry id="129" name="path:ko00380" type="map"
        link="https://www.kegg.jp/dbget-bin/www_bget?ko00380">
        <graphics name="Tryptophan metabolism" fgcolor="#000000" bgcolor="#FFFFFF"
             type="roundrectangle" x="1227" y="366" width="72" height="34"/>
    </entry>
    <entry id="133" name="ko:K16239 ko:K01612 ko:K21759 ko:K03186" type="ortholog" reaction="rn:R01238"
        link="https://www.kegg.jp/dbget-bin/www_bget?K16239+K01612+K21759+K03186">
        <graphics name="K16239..." fgcolor="#000000" bgcolor="#BFBFFF"
             type="rectangle" x="288" y="316" width="46" height="17"/>
    </entry>
    <entry id="134" name="ko:K25932 ko:K25933 ko:K25934 ko:K25935" type="ortholog" reaction="rn:R05603"
        link="https://www.kegg.jp/dbget-bin/www_bget?K25932+K25933+K25934+K25935">
        <graphics name="K25932..." fgcolor="#000000" bgcolor="#BFBFFF"
             type="rectangle" x="343" y="358" width="46" height="17"/>
    </entry>
    <entry id="135" name="ko:K25936 ko:K25937 ko:K25938" type="ortholog" reaction="rn:R05625"
        link="https://www.kegg.jp/dbget-bin/www_bget?K25936+K25937+K25938">
        <graphics name="K25936..." fgcolor="#000000" bgcolor="#BFBFFF"
             type="rectangle" x="232" y="357" width="46" height="17"/>
    </entry>
    <entry id="136" name="cpd:C00156" type="compound"
        link="https://www.kegg.jp/dbget-bin/www_bget?C00156">
        <graphics name="C00156" fgcolor="#000000" bgcolor="#FFFFFF"
             type="circle" x="391" y="316" width="8" height="8"/>
    </entry>
    <entry id="137" name="cpd:C02734" type="compound"
        link="https://www.kegg.jp/dbget-bin/www_bget?C02734">
        <graphics name="C02734" fgcolor="#000000" bgcolor="#FFFFFF"
             type="circle" x="285" y="357" width="8" height="8"/>
    </entry>
    <entry id="138" name="cpd:C00146" type="compound"
        link="https://www.kegg.jp/dbget-bin/www_bget?C00146">
        <graphics name="C00146" fgcolor="#000000" bgcolor="#FFFFFF"
             type="circle" x="186" y="316" width="8" height="8"/>
    </entry>
    <entry id="139" name="cpd:C00090" type="compound"
        link="https://www.kegg.jp/dbget-bin/www_bget?C00090">
        <graphics name="C00090" fgcolor="#000000" bgcolor="#FFFFFF"
             type="circle" x="747" y="445" width="8" height="8"/>
    </entry>
    <entry id="145" name="cpd:C00292" type="compound"
        link="https://www.kegg.jp/dbget-bin/www_bget?C00292">
        <graphics name="C00292" fgcolor="#000000" bgcolor="#FFFFFF"
             type="circle" x="646" y="524" width="8" height="8"/>
    </entry>
    <entry id="146" name="cpd:C16200" type="compound"
        link="https://www.kegg.jp/dbget-bin/www_bget?C16200">
        <graphics name="C16200" fgcolor="#000000" bgcolor="#FFFFFF"
             type="circle" x="71" y="316" width="8" height="8"/>
    </entry>
    <entry id="149" name="ko:K03380" type="ortholog" reaction="rn:R00815"
        link="https://www.kegg.jp/dbget-bin/www_bget?K03380">
        <graphics name="K03380" fgcolor="#000000" bgcolor="#BFBFFF"
             type="rectangle" x="495" y="550" width="46" height="17"/>
    </entry>
    <entry id="151" name="cpd:C02949" type="compound"
        link="https://www.kegg.jp/dbget-bin/www_bget?C02949">
        <graphics name="C02949" fgcolor="#000000" bgcolor="#FFFFFF"
             type="circle" x="491" y="316" width="8" height="8"/>
    </entry>
    <entry id="152" name="ko:K04105 ko:K20458" type="ortholog" reaction="rn:R01300"
        link="https://www.kegg.jp/dbget-bin/www_bget?K04105+K20458">
        <graphics name="K04105..." fgcolor="#000000" bgcolor="#BFBFFF"
             type="rectangle" x="436" y="317" width="46" height="17"/>
    </entry>
    <entry id="153" name="ko:K04107 ko:K04108 ko:K04109" type="ortholog" reaction="rn:R05316"
        link="https://www.kegg.jp/dbget-bin/www_bget?K04107+K04108+K04109">
        <graphics name="K04107..." fgcolor="#000000" bgcolor="#BFBFFF"
             type="rectangle" x="544" y="318" width="46" height="17"/>
    </entry>
    <entry id="154" name="cpd:C00512" type="compound"
        link="https://www.kegg.jp/dbget-bin/www_bget?C00512">
        <graphics name="C00512" fgcolor="#000000" bgcolor="#FFFFFF"
             type="circle" x="603" y="317" width="8" height="8"/>
    </entry>
    <entry id="156" name="path:ko00362" type="map"
        link="https://www.kegg.jp/dbget-bin/www_bget?ko00362">
        <graphics name="Benzoate degradation" fgcolor="#000000" bgcolor="#FFFFFF"
             type="roundrectangle" x="780" y="317" width="122" height="25"/>
    </entry>
    <entry id="161" name="cpd:C06206" type="compound"
        link="https://www.kegg.jp/dbget-bin/www_bget?C06206">
        <graphics name="C06206" fgcolor="#000000" bgcolor="#FFFFFF"
             type="circle" x="253" y="138" width="8" height="8"/>
    </entry>
    <entry id="162" name="ko:K01512" type="ortholog" reaction="rn:R01421"
        link="https://www.kegg.jp/dbget-bin/www_bget?K01512">
        <graphics name="K01512" fgcolor="#000000" bgcolor="#BFBFFF"
             type="rectangle" x="324" y="139" width="46" height="17"/>
    </entry>
    <entry id="163" name="ko:K07824" type="ortholog" reaction="rn:R01295"
        link="https://www.kegg.jp/dbget-bin/www_bget?K07824">
        <graphics name="K07824" fgcolor="#000000" bgcolor="#BFBFFF"
             type="rectangle" x="391" y="225" width="46" height="17"/>
    </entry>
    <entry id="164" name="ko:K04110 ko:K04105" type="ortholog" reaction="rn:R01422"
        link="https://www.kegg.jp/dbget-bin/www_bget?K04110+K04105">
        <graphics name="K04110..." fgcolor="#000000" bgcolor="#BFBFFF"
             type="rectangle" x="436" y="179" width="46" height="17"/>
    </entry>
    <entry id="170" name="cpd:C16281" type="compound"
        link="https://www.kegg.jp/dbget-bin/www_bget?C16281">
        <graphics name="C16281" fgcolor="#000000" bgcolor="#FFFFFF"
             type="circle" x="826" y="144" width="8" height="8"/>
    </entry>
    <entry id="171" name="cpd:C16283" type="compound"
        link="https://www.kegg.jp/dbget-bin/www_bget?C16283">
        <graphics name="C16283" fgcolor="#000000" bgcolor="#FFFFFF"
             type="circle" x="737" y="144" width="8" height="8"/>
    </entry>
    <entry id="172" name="cpd:C16285" type="compound"
        link="https://www.kegg.jp/dbget-bin/www_bget?C16285">
        <graphics name="C16285" fgcolor="#000000" bgcolor="#FFFFFF"
             type="circle" x="649" y="144" width="8" height="8"/>
    </entry>
    <entry id="173" name="ko:K10215" type="ortholog" reaction="rn:R07836"
        link="https://www.kegg.jp/dbget-bin/www_bget?K10215">
        <graphics name="K10215" fgcolor="#000000" bgcolor="#BFBFFF"
             type="rectangle" x="789" y="145" width="46" height="17"/>
    </entry>
    <entry id="174" name="ko:K10215" type="ortholog" reaction="rn:R07837"
        link="https://www.kegg.jp/dbget-bin/www_bget?K10215">
        <graphics name="K10215" fgcolor="#000000" bgcolor="#BFBFFF"
             type="rectangle" x="701" y="146" width="46" height="17"/>
    </entry>
    <entry id="175" name="ko:K01721 ko:K20807" type="ortholog" reaction="rn:R05596"
        link="https://www.kegg.jp/dbget-bin/www_bget?K01721+K20807">
        <graphics name="K01721..." fgcolor="#000000" bgcolor="#BFBFFF"
             type="rectangle" x="538" y="145" width="46" height="17"/>
    </entry>
    <entry id="176" name="ko:K01501" type="ortholog" reaction="rn:R05591"
        link="https://www.kegg.jp/dbget-bin/www_bget?K01501">
        <graphics name="K01501" fgcolor="#000000" bgcolor="#BFBFFF"
             type="rectangle" x="482" y="108" width="46" height="17"/>
    </entry>
    <entry id="177" name="ko:K01426" type="ortholog" reaction="rn:R05590"
        link="https://www.kegg.jp/dbget-bin/www_bget?K01426">
        <graphics name="K01426" fgcolor="#000000" bgcolor="#BFBFFF"
             type="rectangle" x="442" y="146" width="46" height="17"/>
    </entry>
    <entry id="178" name="cpd:C09814" type="compound"
        link="https://www.kegg.jp/dbget-bin/www_bget?C09814">
        <graphics name="C09814" fgcolor="#000000" bgcolor="#FFFFFF"
             type="circle" x="580" y="144" width="8" height="8"/>
    </entry>
    <entry id="179" name="cpd:C09815" type="compound"
        link="https://www.kegg.jp/dbget-bin/www_bget?C09815">
        <graphics name="C09815" fgcolor="#000000" bgcolor="#FFFFFF"
             type="circle" x="485" y="144" width="8" height="8"/>
    </entry>
    <entry id="180" name="cpd:C06337" type="compound"
        link="https://www.kegg.jp/dbget-bin/www_bget?C06337">
        <graphics name="C06337" fgcolor="#000000" bgcolor="#FFFFFF"
             type="circle" x="466" y="210" width="8" height="8"/>
    </entry>
    <entry id="181" name="cpd:C00180" type="compound"
        link="https://www.kegg.jp/dbget-bin/www_bget?C00180">
        <graphics name="C00180" fgcolor="#000000" bgcolor="#FFFFFF"
             type="circle" x="391" y="178" width="8" height="8"/>
    </entry>
    <entry id="183" name="cpd:C00261" type="compound"
        link="https://www.kegg.jp/dbget-bin/www_bget?C00261">
        <graphics name="C00261" fgcolor="#000000" bgcolor="#FFFFFF"
             type="circle" x="288" y="178" width="8" height="8"/>
    </entry>
    <entry id="184" name="ko:K00141" type="ortholog" reaction="rn:R01419"
        link="https://www.kegg.jp/dbget-bin/www_bget?K00141">
        <graphics name="K00141" fgcolor="#000000" bgcolor="#BFBFFF"
             type="rectangle" x="340" y="189" width="46" height="17"/>
    </entry>
    <entry id="188" name="ko:K00141" type="ortholog" reaction="rn:R01293"
        link="https://www.kegg.jp/dbget-bin/www_bget?K00141">
        <graphics name="K00141" fgcolor="#000000" bgcolor="#BFBFFF"
             type="rectangle" x="340" y="292" width="46" height="17"/>
    </entry>
    <entry id="190" name="cpd:C00633" type="compound"
        link="https://www.kegg.jp/dbget-bin/www_bget?C00633">
        <graphics name="C00633" fgcolor="#000000" bgcolor="#FFFFFF"
             type="circle" x="288" y="272" width="8" height="8"/>
    </entry>
    <entry id="195" name="cpd:C01983" type="compound"
        link="https://www.kegg.jp/dbget-bin/www_bget?C01983">
        <graphics name="C01983" fgcolor="#000000" bgcolor="#FFFFFF"
             type="circle" x="100" y="111" width="8" height="8"/>
    </entry>
    <entry id="196" name="cpd:C02137" type="compound"
        link="https://www.kegg.jp/dbget-bin/www_bget?C02137">
        <graphics name="C02137" fgcolor="#000000" bgcolor="#FFFFFF"
             type="circle" x="195" y="178" width="8" height="8"/>
    </entry>
    <entry id="197" name="ko:K01576" type="ortholog" reaction="rn:R01764"
        link="https://www.kegg.jp/dbget-bin/www_bget?K01576">
        <graphics name="K01576" fgcolor="#000000" bgcolor="#BFBFFF"
             type="rectangle" x="239" y="178" width="46" height="17"/>
    </entry>
    <entry id="198" name="ko:K15054" type="ortholog" reaction="rn:R07664"
        link="https://www.kegg.jp/dbget-bin/www_bget?K15054">
        <graphics name="K15054" fgcolor="#000000" bgcolor="#BFBFFF"
             type="rectangle" x="148" y="179" width="46" height="17"/>
    </entry>
    <entry id="199" name="ko:K01781" type="ortholog" reaction="rn:R03791"
        link="https://www.kegg.jp/dbget-bin/www_bget?K01781">
        <graphics name="K01781" fgcolor="#000000" bgcolor="#BFBFFF"
             type="rectangle" x="100" y="145" width="46" height="17"/>
    </entry>
    <entry id="203" name="cpd:C03198" type="compound"
        link="https://www.kegg.jp/dbget-bin/www_bget?C03198">
        <graphics name="C03198" fgcolor="#000000" bgcolor="#FFFFFF"
             type="circle" x="100" y="272" width="8" height="8"/>
    </entry>
    <entry id="206" name="ko:K15054" type="ortholog" reaction="rn:R04160"
        link="https://www.kegg.jp/dbget-bin/www_bget?K15054">
        <graphics name="K15054" fgcolor="#000000" bgcolor="#BFBFFF"
             type="rectangle" x="148" y="242" width="46" height="17"/>
    </entry>
    <entry id="208" name="ko:K01576" type="ortholog" reaction="rn:R02672"
        link="https://www.kegg.jp/dbget-bin/www_bget?K01576">
        <graphics name="K01576" fgcolor="#000000" bgcolor="#BFBFFF"
             type="rectangle" x="239" y="243" width="46" height="17"/>
    </entry>
    <entry id="215" name="cpd:C04434" type="compound"
        link="https://www.kegg.jp/dbget-bin/www_bget?C04434">
        <graphics name="C04434" fgcolor="#000000" bgcolor="#FFFFFF"
             type="circle" x="842" y="786" width="8" height="8"/>
    </entry>
    <entry id="216" name="cpd:C03671" type="compound"
        link="https://www.kegg.jp/dbget-bin/www_bget?C03671">
        <graphics name="C03671" fgcolor="#000000" bgcolor="#FFFFFF"
             type="circle" x="708" y="740" width="8" height="8"/>
    </entry>
    <entry id="217" name="ko:K04099" type="ortholog" reaction="rn:R09565"
        link="https://www.kegg.jp/dbget-bin/www_bget?K04099">
        <graphics name="K04099" fgcolor="#000000" bgcolor="#BFBFFF"
             type="rectangle" x="639" y="822" width="46" height="17"/>
    </entry>
    <entry id="218" name="ko:K04100 ko:K04101" type="ortholog" reaction="rn:R04280"
        link="https://www.kegg.jp/dbget-bin/www_bget?K04100+K04101">
        <graphics name="K04100..." fgcolor="#000000" bgcolor="#BFBFFF"
             type="rectangle" x="639" y="751" width="46" height="17"/>
    </entry>
    <entry id="219" name="ko:K10221" type="ortholog" reaction="rn:R04277"
        link="https://www.kegg.jp/dbget-bin/www_bget?K10221">
        <graphics name="K10221" fgcolor="#000000" bgcolor="#BFBFFF"
             type="rectangle" x="790" y="741" width="46" height="17"/>
    </entry>
    <entry id="231" name="cpd:C16267" type="compound"
        link="https://www.kegg.jp/dbget-bin/www_bget?C16267">
        <graphics name="C16267" fgcolor="#000000" bgcolor="#FFFFFF"
             type="circle" x="1120" y="651" width="8" height="8"/>
    </entry>
    <entry id="232" name="cpd:C16268" type="compound"
        link="https://www.kegg.jp/dbget-bin/www_bget?C16268">
        <graphics name="C16268" fgcolor="#000000" bgcolor="#FFFFFF"
             type="circle" x="1120" y="722" width="8" height="8"/>
    </entry>
    <entry id="233" name="cpd:C16273" type="compound"
        link="https://www.kegg.jp/dbget-bin/www_bget?C16273">
        <graphics name="C16273" fgcolor="#000000" bgcolor="#FFFFFF"
             type="circle" x="1025" y="866" width="8" height="8"/>
    </entry>
    <entry id="234" name="cpd:C16272" type="compound"
        link="https://www.kegg.jp/dbget-bin/www_bget?C16272">
        <graphics name="C16272" fgcolor="#000000" bgcolor="#FFFFFF"
             type="circle" x="930" y="866" width="8" height="8"/>
    </entry>
    <entry id="235" name="cpd:C06719" type="compound"
        link="https://www.kegg.jp/dbget-bin/www_bget?C06719">
        <graphics name="C06719" fgcolor="#000000" bgcolor="#FFFFFF"
             type="circle" x="835" y="866" width="8" height="8"/>
    </entry>
    <entry id="236" name="cpd:C02183" type="compound"
        link="https://www.kegg.jp/dbget-bin/www_bget?C02183">
        <graphics name="C02183" fgcolor="#000000" bgcolor="#FFFFFF"
             type="circle" x="740" y="866" width="8" height="8"/>
    </entry>
    <entry id="237" name="cpd:C01108" type="compound"
        link="https://www.kegg.jp/dbget-bin/www_bget?C01108">
        <graphics name="C01108" fgcolor="#000000" bgcolor="#FFFFFF"
             type="circle" x="645" y="866" width="8" height="8"/>
    </entry>
    <entry id="239" name="ko:K01034 ko:K01035 ko:K19709" type="ortholog" reaction="rn:R07832"
        link="https://www.kegg.jp/dbget-bin/www_bget?K01034+K01035+K19709">
        <graphics name="K01034..." fgcolor="#000000" bgcolor="#BFBFFF"
             type="rectangle" x="972" y="867" width="46" height="17"/>
    </entry>
    <entry id="243" name="ko:K22958 ko:K22959 ko:K22960" type="ortholog" reaction="rn:R03247"
        link="https://www.kegg.jp/dbget-bin/www_bget?K22958+K22959+K22960">
        <graphics name="K22958..." fgcolor="#000000" bgcolor="#BFBFFF"
             type="rectangle" x="592" y="866" width="46" height="17"/>
    </entry>
    <entry id="244" name="cpd:C00877" type="compound"
        link="https://www.kegg.jp/dbget-bin/www_bget?C00877">
        <graphics name="C00877" fgcolor="#000000" bgcolor="#FFFFFF"
             type="circle" x="1120" y="794" width="8" height="8"/>
    </entry>
    <entry id="245" name="ko:K01692 ko:K07515 ko:K07514 ko:K07511" type="ortholog" reaction="rn:R03026"
        link="https://www.kegg.jp/dbget-bin/www_bget?K01692+K07515+K07514+K07511">
        <graphics name="K01692..." fgcolor="#000000" bgcolor="#BFBFFF"
             type="rectangle" x="1120" y="827" width="46" height="17"/>
    </entry>
    <entry id="246" name="cpd:C01144" type="compound"
        link="https://www.kegg.jp/dbget-bin/www_bget?C01144">
        <graphics name="C01144" fgcolor="#000000" bgcolor="#FFFFFF"
             type="circle" x="1120" y="866" width="8" height="8"/>
    </entry>
    <entry id="247" name="cpd:C10833" type="compound"
        link="https://www.kegg.jp/dbget-bin/www_bget?C10833">
        <graphics name="C10833" fgcolor="#000000" bgcolor="#FFFFFF"
             type="circle" x="446" y="786" width="8" height="8"/>
    </entry>
    <entry id="248" name="ko:K15064" type="ortholog" reaction="rn:R09270"
        link="https://www.kegg.jp/dbget-bin/www_bget?K15064">
        <graphics name="K15064" fgcolor="#000000" bgcolor="#BFBFFF"
             type="rectangle" x="496" y="786" width="46" height="17"/>
    </entry>
    <entry id="250" name="ko:K15066" type="ortholog" reaction="rn:R09271"
        link="https://www.kegg.jp/dbget-bin/www_bget?K15066">
        <graphics name="K15066" fgcolor="#000000" bgcolor="#BFBFFF"
             type="rectangle" x="549" y="816" width="46" height="17"/>
    </entry>
    <entry id="251" name="cpd:C01424" type="compound"
        link="https://www.kegg.jp/dbget-bin/www_bget?C01424">
        <graphics name="C01424" fgcolor="#000000" bgcolor="#FFFFFF"
             type="circle" x="549" y="866" width="8" height="8"/>
    </entry>
    <entry id="253" name="cpd:C04484" type="compound"
        link="https://www.kegg.jp/dbget-bin/www_bget?C04484">
        <graphics name="C04484" fgcolor="#000000" bgcolor="#FFFFFF"
             type="circle" x="708" y="676" width="8" height="8"/>
    </entry>
    <entry id="254" name="ko:K04100 ko:K04101" type="ortholog" reaction="rn:R01632"
        link="https://www.kegg.jp/dbget-bin/www_bget?K04100+K04101">
        <graphics name="K04100..." fgcolor="#000000" bgcolor="#BFBFFF"
             type="rectangle" x="639" y="677" width="46" height="17"/>
    </entry>
    <entry id="256" name="ko:K10219" type="ortholog" reaction="rn:R04489 rn:R04278 rn:R04279"
        link="https://www.kegg.jp/dbget-bin/www_bget?K10219">
        <graphics name="K10219" fgcolor="#000000" bgcolor="#BFBFFF"
             type="rectangle" x="708" y="705" width="46" height="17"/>
    </entry>
    <entry id="258" name="cpd:C18338" type="compound"
        link="https://www.kegg.jp/dbget-bin/www_bget?C18338">
        <graphics name="C18338" fgcolor="#000000" bgcolor="#FFFFFF"
             type="circle" x="687" y="573" width="8" height="8"/>
    </entry>
    <entry id="259" name="ko:K15063" type="ortholog" reaction="rn:R09278"
        link="https://www.kegg.jp/dbget-bin/www_bget?K15063">
        <graphics name="K15063" fgcolor="#000000" bgcolor="#BFBFFF"
             type="rectangle" x="644" y="574" width="46" height="17"/>
    </entry>
    <entry id="262" name="ko:K15065" type="ortholog" reaction="rn:R09272"
        link="https://www.kegg.jp/dbget-bin/www_bget?K15065">
        <graphics name="K15065" fgcolor="#000000" bgcolor="#BFBFFF"
             type="rectangle" x="639" y="776" width="46" height="17"/>
    </entry>
    <entry id="265" name="cpd:C18349" type="compound"
        link="https://www.kegg.jp/dbget-bin/www_bget?C18349">
        <graphics name="C18349" fgcolor="#000000" bgcolor="#FFFFFF"
             type="circle" x="787" y="573" width="8" height="8"/>
    </entry>
    <entry id="266" name="ko:K15062" type="ortholog" reaction="rn:R09277"
        link="https://www.kegg.jp/dbget-bin/www_bget?K15062">
        <graphics name="K15062" fgcolor="#000000" bgcolor="#BFBFFF"
             type="rectangle" x="745" y="574" width="46" height="17"/>
    </entry>
    <entry id="268" name="cpd:C18348" type="compound"
        link="https://www.kegg.jp/dbget-bin/www_bget?C18348">
        <graphics name="C18348" fgcolor="#000000" bgcolor="#FFFFFF"
             type="circle" x="887" y="573" width="8" height="8"/>
    </entry>
    <entry id="269" name="ko:K15061" type="ortholog" reaction="rn:R09276"
        link="https://www.kegg.jp/dbget-bin/www_bget?K15061">
        <graphics name="K15061" fgcolor="#000000" bgcolor="#BFBFFF"
             type="rectangle" x="845" y="574" width="46" height="17"/>
    </entry>
    <entry id="271" name="cpd:C18347" type="compound"
        link="https://www.kegg.jp/dbget-bin/www_bget?C18347">
        <graphics name="C18347" fgcolor="#000000" bgcolor="#FFFFFF"
             type="circle" x="987" y="573" width="8" height="8"/>
    </entry>
    <entry id="272" name="ko:K15060 ko:K24244 ko:K24245" type="ortholog" reaction="rn:R09275"
        link="https://www.kegg.jp/dbget-bin/www_bget?K15060+K24244+K24245">
        <graphics name="K15060..." fgcolor="#000000" bgcolor="#BFBFFF"
             type="rectangle" x="945" y="574" width="46" height="17"/>
    </entry>
    <entry id="273" name="cpd:C14418" type="compound"
        link="https://www.kegg.jp/dbget-bin/www_bget?C14418">
        <graphics name="C14418" fgcolor="#000000" bgcolor="#FFFFFF"
             type="circle" x="763" y="1081" width="8" height="8"/>
    </entry>
    <entry id="277" name="cpd:C18351" type="compound"
        link="https://www.kegg.jp/dbget-bin/www_bget?C18351">
        <graphics name="C18351" fgcolor="#000000" bgcolor="#FFFFFF"
             type="circle" x="1028" y="1081" width="8" height="8"/>
    </entry>
    <entry id="278" name="ko:K20712" type="ortholog" reaction="rn:R09284"
        link="https://www.kegg.jp/dbget-bin/www_bget?K20712">
        <graphics name="K20712" fgcolor="#000000" bgcolor="#BFBFFF"
             type="rectangle" x="971" y="1082" width="46" height="17"/>
    </entry>
    <entry id="281" name="ko:K20712" type="ortholog" reaction="rn:R06988"
        link="https://www.kegg.jp/dbget-bin/www_bget?K20712">
        <graphics name="K20712" fgcolor="#000000" bgcolor="#BFBFFF"
             type="rectangle" x="971" y="1114" width="46" height="17"/>
    </entry>
    <entry id="282" name="cpd:C14604" type="compound"
        link="https://www.kegg.jp/dbget-bin/www_bget?C14604">
        <graphics name="C14604" fgcolor="#000000" bgcolor="#FFFFFF"
             type="circle" x="1029" y="1114" width="8" height="8"/>
    </entry>
    <entry id="284" name="cpd:C00108" type="compound"
        link="https://www.kegg.jp/dbget-bin/www_bget?C00108">
        <graphics name="C00108" fgcolor="#000000" bgcolor="#FFFFFF"
             type="circle" x="391" y="445" width="8" height="8"/>
    </entry>
    <entry id="285" name="cpd:C18345" type="compound"
        link="https://www.kegg.jp/dbget-bin/www_bget?C18345">
        <graphics name="C18345" fgcolor="#000000" bgcolor="#FFFFFF"
             type="circle" x="708" y="786" width="8" height="8"/>
    </entry>
    <entry id="286" name="cpd:C05616" type="compound"
        link="https://www.kegg.jp/dbget-bin/www_bget?C05616">
        <graphics name="C05616" fgcolor="#000000" bgcolor="#FFFFFF"
             type="circle" x="549" y="786" width="8" height="8"/>
    </entry>
    <entry id="287" name="cpd:C01984" type="compound"
        link="https://www.kegg.jp/dbget-bin/www_bget?C01984">
        <graphics name="C01984" fgcolor="#000000" bgcolor="#FFFFFF"
             type="circle" x="100" y="178" width="8" height="8"/>
    </entry>
    <entry id="288" name="cpd:C00196" type="compound"
        link="https://www.kegg.jp/dbget-bin/www_bget?C00196">
        <graphics name="C00196" fgcolor="#000000" bgcolor="#FFFFFF"
             type="circle" x="587" y="445" width="8" height="8"/>
    </entry>
    <entry id="289" name="cpd:C06673" type="compound"
        link="https://www.kegg.jp/dbget-bin/www_bget?C06673">
        <graphics name="C06673" fgcolor="#000000" bgcolor="#FFFFFF"
             type="circle" x="238" y="649" width="8" height="8"/>
    </entry>
    <entry id="290" name="cpd:C14602" type="compound"
        link="https://www.kegg.jp/dbget-bin/www_bget?C14602">
        <graphics name="C14602" fgcolor="#000000" bgcolor="#FFFFFF"
             type="circle" x="914" y="1081" width="8" height="8"/>
    </entry>
    <entry id="291" name="cpd:C02814" type="compound"
        link="https://www.kegg.jp/dbget-bin/www_bget?C02814">
        <graphics name="C02814" fgcolor="#000000" bgcolor="#FFFFFF"
             type="circle" x="1141" y="1004" width="8" height="8"/>
    </entry>
    <entry id="292" name="cpd:C03590" type="compound"
        link="https://www.kegg.jp/dbget-bin/www_bget?C03590">
        <graphics name="C03590" fgcolor="#000000" bgcolor="#FFFFFF"
             type="circle" x="195" y="241" width="8" height="8"/>
    </entry>
    <entry id="293" name="ko:K15066" type="ortholog" reaction="rn:R10136"
        link="https://www.kegg.jp/dbget-bin/www_bget?K15066">
        <graphics name="K15066" fgcolor="#000000" bgcolor="#BFBFFF"
             type="rectangle" x="612" y="596" width="46" height="17"/>
    </entry>
    <entry id="294" name="ko:K04100 ko:K04101" type="ortholog" reaction="rn:R09565"
        link="https://www.kegg.jp/dbget-bin/www_bget?K04100+K04101">
        <graphics name="K04100..." fgcolor="#000000" bgcolor="#BFBFFF"
             type="rectangle" x="639" y="844" width="46" height="17"/>
    </entry>
    <entry id="295" name="ko:K04100 ko:K04101" type="ortholog" reaction="rn:R09272"
        link="https://www.kegg.jp/dbget-bin/www_bget?K04100+K04101">
        <graphics name="K04100..." fgcolor="#000000" bgcolor="#BFBFFF"
             type="rectangle" x="639" y="797" width="46" height="17"/>
    </entry>
    <entry id="296" name="ko:K15065" type="ortholog" reaction="rn:R04280"
        link="https://www.kegg.jp/dbget-bin/www_bget?K15065">
        <graphics name="K15065" fgcolor="#000000" bgcolor="#BFBFFF"
             type="rectangle" x="639" y="730" width="46" height="17"/>
    </entry>
    <entry id="297" name="cpd:C07301" type="compound"
        link="https://www.kegg.jp/dbget-bin/www_bget?C07301">
        <graphics name="C07301" fgcolor="#000000" bgcolor="#FFFFFF"
             type="circle" x="215" y="111" width="8" height="8"/>
    </entry>
    <entry id="299" name="ko:K18541" type="ortholog" reaction="rn:R05783"
        link="https://www.kegg.jp/dbget-bin/www_bget?K18541">
        <graphics name="K18541" fgcolor="#000000" bgcolor="#BFBFFF"
             type="rectangle" x="160" y="112" width="46" height="17"/>
    </entry>
    <entry id="300" name="cpd:C01502" type="compound"
        link="https://www.kegg.jp/dbget-bin/www_bget?C01502">
        <graphics name="C01502" fgcolor="#000000" bgcolor="#FFFFFF"
             type="circle" x="646" y="497" width="8" height="8"/>
    </entry>
    <entry id="302" name="ko:K23526 ko:K23527" type="ortholog" reaction="rn:R12301"
        link="https://www.kegg.jp/dbget-bin/www_bget?K23526+K23527">
        <graphics name="K23526..." fgcolor="#000000" bgcolor="#BFBFFF"
             type="rectangle" x="697" y="498" width="46" height="17"/>
    </entry>
    <relation entry1="38" entry2="42" type="ECrel">
        <subtype name="compound" value="54"/>
    </relation>
    <relation entry1="38" entry2="43" type="ECrel">
        <subtype name="compound" value="54"/>
    </relation>
    <relation entry1="42" entry2="43" type="ECrel">
        <subtype name="compound" value="54"/>
    </relation>
    <relation entry1="41" entry2="43" type="ECrel">
        <subtype name="compound" value="51"/>
    </relation>
    <relation entry1="173" entry2="174" type="ECrel">
        <subtype name="compound" value="171"/>
    </relation>
    <relation entry1="175" entry2="176" type="ECrel">
        <subtype name="compound" value="178"/>
    </relation>
    <relation entry1="175" entry2="177" type="ECrel">
        <subtype name="compound" value="179"/>
    </relation>
    <relation entry1="177" entry2="162" type="ECrel">
        <subtype name="compound" value="181"/>
    </relation>
    <relation entry1="177" entry2="164" type="ECrel">
        <subtype name="compound" value="181"/>
    </relation>
    <relation entry1="177" entry2="163" type="ECrel">
        <subtype name="compound" value="181"/>
    </relation>
    <relation entry1="162" entry2="164" type="ECrel">
        <subtype name="compound" value="181"/>
    </relation>
    <relation entry1="162" entry2="163" type="ECrel">
        <subtype name="compound" value="181"/>
    </relation>
    <relation entry1="164" entry2="163" type="ECrel">
        <subtype name="compound" value="181"/>
    </relation>
    <relation entry1="164" entry2="153" type="ECrel">
        <subtype name="compound" value="154"/>
    </relation>
    <relation entry1="164" entry2="156" type="maplink">
        <subtype name="compound" value="154"/>
    </relation>
    <relation entry1="153" entry2="156" type="maplink">
        <subtype name="compound" value="154"/>
    </relation>
    <relation entry1="152" entry2="153" type="ECrel">
        <subtype name="compound" value="151"/>
    </relation>
    <relation entry1="133" entry2="152" type="ECrel">
        <subtype name="compound" value="136"/>
    </relation>
    <relation entry1="133" entry2="134" type="ECrel">
        <subtype name="compound" value="136"/>
    </relation>
    <relation entry1="152" entry2="134" type="ECrel">
        <subtype name="compound" value="136"/>
    </relation>
    <relation entry1="133" entry2="163" type="ECrel">
        <subtype name="compound" value="136"/>
    </relation>
    <relation entry1="163" entry2="152" type="ECrel">
        <subtype name="compound" value="136"/>
    </relation>
    <relation entry1="163" entry2="134" type="ECrel">
        <subtype name="compound" value="136"/>
    </relation>
    <relation entry1="135" entry2="149" type="ECrel">
        <subtype name="compound" value="138"/>
    </relation>
    <relation entry1="135" entry2="133" type="ECrel">
        <subtype name="compound" value="138"/>
    </relation>
    <relation entry1="149" entry2="133" type="ECrel">
        <subtype name="compound" value="138"/>
    </relation>
    <relation entry1="135" entry2="134" type="ECrel">
        <subtype name="compound" value="137"/>
    </relation>
    <relation entry1="98" entry2="96" type="ECrel">
        <subtype name="compound" value="100"/>
    </relation>
    <relation entry1="105" entry2="106" type="ECrel">
        <subtype name="compound" value="284"/>
    </relation>
    <relation entry1="105" entry2="104" type="ECrel">
        <subtype name="compound" value="109"/>
    </relation>
    <relation entry1="127" entry2="118" type="ECrel">
        <subtype name="compound" value="125"/>
    </relation>
    <relation entry1="127" entry2="128" type="ECrel">
        <subtype name="compound" value="124"/>
    </relation>
    <relation entry1="128" entry2="119" type="ECrel">
        <subtype name="compound" value="123"/>
    </relation>
    <relation entry1="119" entry2="126" type="ECrel">
        <subtype name="compound" value="122"/>
    </relation>
    <relation entry1="126" entry2="129" type="maplink">
        <subtype name="compound" value="121"/>
    </relation>
    <relation entry1="118" entry2="106" type="ECrel">
        <subtype name="compound" value="139"/>
    </relation>
    <relation entry1="118" entry2="149" type="ECrel">
        <subtype name="compound" value="139"/>
    </relation>
    <relation entry1="118" entry2="120" type="maplink">
        <subtype name="compound" value="139"/>
    </relation>
    <relation entry1="118" entry2="103" type="ECrel">
        <subtype name="compound" value="139"/>
    </relation>
    <relation entry1="106" entry2="149" type="ECrel">
        <subtype name="compound" value="139"/>
    </relation>
    <relation entry1="106" entry2="120" type="maplink">
        <subtype name="compound" value="139"/>
    </relation>
    <relation entry1="106" entry2="103" type="ECrel">
        <subtype name="compound" value="139"/>
    </relation>
    <relation entry1="149" entry2="120" type="maplink">
        <subtype name="compound" value="139"/>
    </relation>
    <relation entry1="149" entry2="103" type="ECrel">
        <subtype name="compound" value="139"/>
    </relation>
    <relation entry1="120" entry2="103" type="maplink">
        <subtype name="compound" value="139"/>
    </relation>
    <relation entry1="96" entry2="102" type="maplink">
        <subtype name="compound" value="101"/>
    </relation>
    <relation entry1="64" entry2="62" type="maplink">
        <subtype name="compound" value="73"/>
    </relation>
    <relation entry1="219" entry2="217" type="ECrel">
        <subtype name="compound" value="215"/>
    </relation>
    <relation entry1="218" entry2="219" type="ECrel">
        <subtype name="compound" value="216"/>
    </relation>
    <relation entry1="82" entry2="81" type="ECrel">
        <subtype name="compound" value="80"/>
    </relation>
    <relation entry1="82" entry2="77" type="ECrel">
        <subtype name="compound" value="80"/>
    </relation>
    <relation entry1="199" entry2="198" type="ECrel">
        <subtype name="compound" value="287"/>
    </relation>
    <relation entry1="206" entry2="208" type="ECrel">
        <subtype name="compound" value="292"/>
    </relation>
    <relation entry1="208" entry2="188" type="ECrel">
        <subtype name="compound" value="190"/>
    </relation>
    <relation entry1="198" entry2="197" type="ECrel">
        <subtype name="compound" value="196"/>
    </relation>
    <relation entry1="197" entry2="184" type="ECrel">
        <subtype name="compound" value="183"/>
    </relation>
    <relation entry1="177" entry2="176" type="ECrel">
        <subtype name="compound" value="181"/>
    </relation>
    <relation entry1="177" entry2="184" type="ECrel">
        <subtype name="compound" value="181"/>
    </relation>
    <relation entry1="176" entry2="162" type="ECrel">
        <subtype name="compound" value="181"/>
    </relation>
    <relation entry1="176" entry2="164" type="ECrel">
        <subtype name="compound" value="181"/>
    </relation>
    <relation entry1="176" entry2="163" type="ECrel">
        <subtype name="compound" value="181"/>
    </relation>
    <relation entry1="176" entry2="184" type="ECrel">
        <subtype name="compound" value="181"/>
    </relation>
    <relation entry1="162" entry2="184" type="ECrel">
        <subtype name="compound" value="181"/>
    </relation>
    <relation entry1="164" entry2="184" type="ECrel">
        <subtype name="compound" value="181"/>
    </relation>
    <relation entry1="163" entry2="184" type="ECrel">
        <subtype name="compound" value="181"/>
    </relation>
    <relation entry1="152" entry2="188" type="ECrel">
        <subtype name="compound" value="136"/>
    </relation>
    <relation entry1="134" entry2="188" type="ECrel">
        <subtype name="compound" value="136"/>
    </relation>
    <relation entry1="133" entry2="188" type="ECrel">
        <subtype name="compound" value="136"/>
    </relation>
    <relation entry1="188" entry2="163" type="ECrel">
        <subtype name="compound" value="136"/>
    </relation>
    <relation entry1="81" entry2="120" type="maplink">
        <subtype name="compound" value="13"/>
    </relation>
    <relation entry1="77" entry2="120" type="maplink">
        <subtype name="compound" value="13"/>
    </relation>
    <relation entry1="259" entry2="266" type="ECrel">
        <subtype name="compound" value="258"/>
    </relation>
    <relation entry1="266" entry2="269" type="ECrel">
        <subtype name="compound" value="265"/>
    </relation>
    <relation entry1="269" entry2="272" type="ECrel">
        <subtype name="compound" value="268"/>
    </relation>
    <relation entry1="82" entry2="259" type="ECrel">
        <subtype name="compound" value="80"/>
    </relation>
    <relation entry1="81" entry2="259" type="ECrel">
        <subtype name="compound" value="80"/>
    </relation>
    <relation entry1="77" entry2="259" type="ECrel">
        <subtype name="compound" value="80"/>
    </relation>
    <relation entry1="81" entry2="254" type="ECrel">
        <subtype name="compound" value="13"/>
    </relation>
    <relation entry1="77" entry2="254" type="ECrel">
        <subtype name="compound" value="13"/>
    </relation>
    <relation entry1="254" entry2="256" type="ECrel">
        <subtype name="compound" value="253"/>
    </relation>
    <relation entry1="218" entry2="256" type="ECrel">
        <subtype name="compound" value="216"/>
    </relation>
    <relation entry1="256" entry2="219" type="ECrel">
        <subtype name="compound" value="216"/>
    </relation>
    <relation entry1="248" entry2="262" type="ECrel">
        <subtype name="compound" value="286"/>
    </relation>
    <relation entry1="248" entry2="250" type="ECrel">
        <subtype name="compound" value="286"/>
    </relation>
    <relation entry1="262" entry2="250" type="ECrel">
        <subtype name="compound" value="286"/>
    </relation>
    <relation entry1="250" entry2="217" type="ECrel">
        <subtype name="compound" value="251"/>
    </relation>
    <relation entry1="250" entry2="243" type="ECrel">
        <subtype name="compound" value="251"/>
    </relation>
    <relation entry1="217" entry2="243" type="ECrel">
        <subtype name="compound" value="251"/>
    </relation>
    <relation entry1="248" entry2="218" type="ECrel">
        <subtype name="compound" value="286"/>
    </relation>
    <relation entry1="218" entry2="262" type="ECrel">
        <subtype name="compound" value="286"/>
    </relation>
    <relation entry1="218" entry2="250" type="ECrel">
        <subtype name="compound" value="286"/>
    </relation>
    <relation entry1="134" entry2="156" type="maplink">
        <subtype name="compound" value="136"/>
    </relation>
    <relation entry1="152" entry2="156" type="maplink">
        <subtype name="compound" value="136"/>
    </relation>
    <relation entry1="133" entry2="156" type="maplink">
        <subtype name="compound" value="136"/>
    </relation>
    <relation entry1="188" entry2="156" type="maplink">
        <subtype name="compound" value="136"/>
    </relation>
    <relation entry1="163" entry2="156" type="maplink">
        <subtype name="compound" value="136"/>
    </relation>
    <relation entry1="164" entry2="156" type="maplink">
        <subtype name="compound" value="181"/>
    </relation>
    <relation entry1="163" entry2="156" type="maplink">
        <subtype name="compound" value="181"/>
    </relation>
    <relation entry1="184" entry2="156" type="maplink">
        <subtype name="compound" value="181"/>
    </relation>
    <relation entry1="162" entry2="156" type="maplink">
        <subtype name="compound" value="181"/>
    </relation>
    <relation entry1="176" entry2="156" type="maplink">
        <subtype name="compound" value="181"/>
    </relation>
    <relation entry1="177" entry2="156" type="maplink">
        <subtype name="compound" value="181"/>
    </relation>
    <relation entry1="103" entry2="120" type="maplink">
        <subtype name="compound" value="288"/>
    </relation>
    <relation entry1="35" entry2="120" type="maplink">
        <subtype name="compound" value="291"/>
    </relation>
    <relation entry1="219" entry2="120" type="maplink">
        <subtype name="compound" value="215"/>
    </relation>
    <relation entry1="217" entry2="120" type="maplink">
        <subtype name="compound" value="215"/>
    </relation>
    <relation entry1="245" entry2="120" type="maplink">
        <subtype name="compound" value="246"/>
    </relation>
    <relation entry1="243" entry2="294" type="ECrel">
        <subtype name="compound" value="251"/>
    </relation>
    <relation entry1="294" entry2="250" type="ECrel">
        <subtype name="compound" value="251"/>
    </relation>
    <relation entry1="250" entry2="295" type="ECrel">
        <subtype name="compound" value="286"/>
    </relation>
    <relation entry1="250" entry2="296" type="ECrel">
        <subtype name="compound" value="286"/>
    </relation>
    <relation entry1="295" entry2="248" type="ECrel">
        <subtype name="compound" value="286"/>
    </relation>
    <relation entry1="295" entry2="296" type="ECrel">
        <subtype name="compound" value="286"/>
    </relation>
    <relation entry1="248" entry2="296" type="ECrel">
        <subtype name="compound" value="286"/>
    </relation>
    <relation entry1="296" entry2="256" type="ECrel">
        <subtype name="compound" value="216"/>
    </relation>
    <relation entry1="82" entry2="293" type="ECrel">
        <subtype name="compound" value="80"/>
    </relation>
    <relation entry1="293" entry2="259" type="ECrel">
        <subtype name="compound" value="80"/>
    </relation>
    <relation entry1="293" entry2="254" type="ECrel">
        <subtype name="compound" value="13"/>
    </relation>
    <relation entry1="293" entry2="120" type="maplink">
        <subtype name="compound" value="13"/>
    </relation>
    <relation entry1="254" entry2="120" type="maplink">
        <subtype name="compound" value="13"/>
    </relation>
    <relation entry1="296" entry2="219" type="ECrel">
        <subtype name="compound" value="216"/>
    </relation>
    <relation entry1="219" entry2="294" type="ECrel">
        <subtype name="compound" value="215"/>
    </relation>
    <relation entry1="120" entry2="294" type="maplink">
        <subtype name="compound" value="215"/>
    </relation>
    <relation entry1="199" entry2="299" type="ECrel">
        <subtype name="compound" value="195"/>
    </relation>
    <relation entry1="103" entry2="302" type="ECrel">
        <subtype name="compound" value="139"/>
    </relation>
    <relation entry1="106" entry2="302" type="ECrel">
        <subtype name="compound" value="139"/>
    </relation>
    <relation entry1="118" entry2="302" type="ECrel">
        <subtype name="compound" value="139"/>
    </relation>
    <relation entry1="120" entry2="302" type="maplink">
        <subtype name="compound" value="139"/>
    </relation>
    <relation entry1="149" entry2="302" type="ECrel">
        <subtype name="compound" value="139"/>
    </relation>
    <reaction id="35" name="rn:R05399" type="reversible">
        <substrate id="32" name="cpd:C07103"/>
        <product id="291" name="cpd:C02814"/>
    </reaction>
    <reaction id="38" name="rn:R03024" type="irreversible">
        <substrate id="45" name="cpd:C03360"/>
        <product id="54" name="cpd:C00870"/>
    </reaction>
    <reaction id="41" name="rn:R05244" type="irreversible">
        <substrate id="51" name="cpd:C00472"/>
        <product id="53" name="cpd:C00530"/>
    </reaction>
    <reaction id="42" name="rn:R03023" type="irreversible">
        <substrate id="54" name="cpd:C00870"/>
        <product id="52" name="cpd:C02235"/>
    </reaction>
    <reaction id="43" name="rn:R05258" type="irreversible">
        <substrate id="54" name="cpd:C00870"/>
        <product id="51" name="cpd:C00472"/>
    </reaction>
    <reaction id="44" name="rn:R05259" type="irreversible">
        <substrate id="46" name="cpd:C06604"/>
        <product id="47" name="cpd:C06606"/>
    </reaction>
    <reaction id="77" name="rn:R07668" type="irreversible">
        <substrate id="80" name="cpd:C06672"/>
        <product id="13" name="cpd:C00230"/>
    </reaction>
    <reaction id="81" name="rn:R05274" type="irreversible">
        <substrate id="80" name="cpd:C06672"/>
        <product id="13" name="cpd:C00230"/>
    </reaction>
    <reaction id="82" name="rn:R05699" type="irreversible">
        <substrate id="78" name="cpd:C00755"/>
        <product id="80" name="cpd:C06672"/>
    </reaction>
    <reaction id="64" name="rn:R05420" type="irreversible">
        <substrate id="72" name="cpd:C06676"/>
        <product id="73" name="cpd:C02222"/>
    </reaction>
    <reaction id="118" name="rn:R07706" type="irreversible">
        <substrate id="125" name="cpd:C06813"/>
        <product id="139" name="cpd:C00090"/>
    </reaction>
    <reaction id="119" name="rn:R05383" type="irreversible">
        <substrate id="123" name="cpd:C02720"/>
        <product id="122" name="cpd:C01987"/>
    </reaction>
    <reaction id="126" name="rn:R05405" type="irreversible">
        <substrate id="122" name="cpd:C01987"/>
        <product id="121" name="cpd:C03824"/>
    </reaction>
    <reaction id="127" name="rn:R05401" type="irreversible">
        <substrate id="125" name="cpd:C06813"/>
        <product id="124" name="cpd:C06876"/>
    </reaction>
    <reaction id="128" name="rn:R05400" type="irreversible">
        <substrate id="124" name="cpd:C06876"/>
        <product id="123" name="cpd:C02720"/>
    </reaction>
    <reaction id="149" name="rn:R00815" type="irreversible">
        <substrate id="138" name="cpd:C00146"/>
        <product id="139" name="cpd:C00090"/>
    </reaction>
    <reaction id="96" name="rn:R07730" type="irreversible">
        <substrate id="100" name="cpd:C16235"/>
        <product id="101" name="cpd:C00632"/>
    </reaction>
    <reaction id="98" name="rn:R07727" type="irreversible">
        <substrate id="99" name="cpd:C16234"/>
        <product id="100" name="cpd:C16235"/>
    </reaction>
    <reaction id="103" name="rn:R00821" type="irreversible">
        <substrate id="288" name="cpd:C00196"/>
        <product id="139" name="cpd:C00090"/>
    </reaction>
    <reaction id="104" name="rn:R03998 rn:R03999" type="irreversible">
        <substrate id="109" name="cpd:C02247"/>
        <product id="108" name="cpd:C05165"/>
    </reaction>
    <reaction id="105" name="rn:R00982" type="irreversible">
        <substrate id="284" name="cpd:C00108"/>
        <product id="109" name="cpd:C02247"/>
    </reaction>
    <reaction id="106" name="rn:R00823 rn:R00825" type="irreversible">
        <substrate id="284" name="cpd:C00108"/>
        <product id="139" name="cpd:C00090"/>
    </reaction>
    <reaction id="217" name="rn:R09565" type="irreversible">
        <substrate id="251" name="cpd:C01424"/>
        <product id="215" name="cpd:C04434"/>
    </reaction>
    <reaction id="218" name="rn:R04280" type="irreversible">
        <substrate id="286" name="cpd:C05616"/>
        <product id="216" name="cpd:C03671"/>
    </reaction>
    <reaction id="219" name="rn:R04277" type="irreversible">
        <substrate id="216" name="cpd:C03671"/>
        <product id="215" name="cpd:C04434"/>
    </reaction>
    <reaction id="173" name="rn:R07836" type="irreversible">
        <substrate id="170" name="cpd:C16281"/>
        <product id="171" name="cpd:C16283"/>
    </reaction>
    <reaction id="174" name="rn:R07837" type="irreversible">
        <substrate id="171" name="cpd:C16283"/>
        <product id="172" name="cpd:C16285"/>
    </reaction>
    <reaction id="239" name="rn:R07832" type="irreversible">
        <substrate id="234" name="cpd:C16272"/>
        <product id="233" name="cpd:C16273"/>
    </reaction>
    <reaction id="243" name="rn:R03247" type="irreversible">
        <substrate id="251" name="cpd:C01424"/>
        <product id="237" name="cpd:C01108"/>
    </reaction>
    <reaction id="162" name="rn:R01421" type="irreversible">
        <substrate id="161" name="cpd:C06206"/>
        <product id="181" name="cpd:C00180"/>
    </reaction>
    <reaction id="245" name="rn:R03026" type="irreversible">
        <substrate id="244" name="cpd:C00877"/>
        <product id="246" name="cpd:C01144"/>
    </reaction>
    <reaction id="163" name="rn:R01295" type="irreversible">
        <substrate id="181" name="cpd:C00180"/>
        <product id="136" name="cpd:C00156"/>
    </reaction>
    <reaction id="152" name="rn:R01300" type="irreversible">
        <substrate id="136" name="cpd:C00156"/>
        <product id="151" name="cpd:C02949"/>
    </reaction>
    <reaction id="175" name="rn:R05596" type="irreversible">
        <substrate id="178" name="cpd:C09814"/>
        <product id="179" name="cpd:C09815"/>
    </reaction>
    <reaction id="133" name="rn:R01238" type="irreversible">
        <substrate id="138" name="cpd:C00146"/>
        <product id="136" name="cpd:C00156"/>
    </reaction>
    <reaction id="134" name="rn:R05603" type="irreversible">
        <substrate id="137" name="cpd:C02734"/>
        <product id="136" name="cpd:C00156"/>
    </reaction>
    <reaction id="153" name="rn:R05316" type="irreversible">
        <substrate id="151" name="cpd:C02949"/>
        <product id="154" name="cpd:C00512"/>
    </reaction>
    <reaction id="135" name="rn:R05625" type="irreversible">
        <substrate id="138" name="cpd:C00146"/>
        <product id="137" name="cpd:C02734"/>
    </reaction>
    <reaction id="176" name="rn:R05591" type="irreversible">
        <substrate id="178" name="cpd:C09814"/>
        <product id="181" name="cpd:C00180"/>
    </reaction>
    <reaction id="177" name="rn:R05590" type="irreversible">
        <substrate id="179" name="cpd:C09815"/>
        <product id="181" name="cpd:C00180"/>
    </reaction>
    <reaction id="164" name="rn:R01422" type="irreversible">
        <substrate id="181" name="cpd:C00180"/>
        <product id="154" name="cpd:C00512"/>
    </reaction>
    <reaction id="184" name="rn:R01419" type="irreversible">
        <substrate id="183" name="cpd:C00261"/>
        <product id="181" name="cpd:C00180"/>
    </reaction>
    <reaction id="188" name="rn:R01293" type="irreversible">
        <substrate id="190" name="cpd:C00633"/>
        <product id="136" name="cpd:C00156"/>
    </reaction>
    <reaction id="197" name="rn:R01764" type="irreversible">
        <substrate id="196" name="cpd:C02137"/>
        <product id="183" name="cpd:C00261"/>
    </reaction>
    <reaction id="198" name="rn:R07664" type="irreversible">
        <substrate id="287" name="cpd:C01984"/>
        <product id="196" name="cpd:C02137"/>
    </reaction>
    <reaction id="199" name="rn:R03791" type="reversible">
        <substrate id="287" name="cpd:C01984"/>
        <product id="195" name="cpd:C01983"/>
    </reaction>
    <reaction id="206" name="rn:R04160" type="irreversible">
        <substrate id="203" name="cpd:C03198"/>
        <product id="292" name="cpd:C03590"/>
    </reaction>
    <reaction id="208" name="rn:R02672" type="irreversible">
        <substrate id="292" name="cpd:C03590"/>
        <product id="190" name="cpd:C00633"/>
    </reaction>
    <reaction id="248" name="rn:R09270" type="irreversible">
        <substrate id="247" name="cpd:C10833"/>
        <product id="286" name="cpd:C05616"/>
    </reaction>
    <reaction id="250" name="rn:R09271" type="irreversible">
        <substrate id="286" name="cpd:C05616"/>
        <product id="251" name="cpd:C01424"/>
    </reaction>
    <reaction id="254" name="rn:R01632" type="irreversible">
        <substrate id="13" name="cpd:C00230"/>
        <product id="253" name="cpd:C04484"/>
    </reaction>
    <reaction id="259" name="rn:R09278" type="irreversible">
        <substrate id="258" name="cpd:C18338"/>
        <product id="80" name="cpd:C06672"/>
    </reaction>
    <reaction id="262" name="rn:R09272" type="irreversible">
        <substrate id="286" name="cpd:C05616"/>
        <product id="285" name="cpd:C18345"/>
    </reaction>
    <reaction id="266" name="rn:R09277" type="irreversible">
        <substrate id="265" name="cpd:C18349"/>
        <product id="258" name="cpd:C18338"/>
    </reaction>
    <reaction id="269" name="rn:R09276" type="irreversible">
        <substrate id="268" name="cpd:C18348"/>
        <product id="265" name="cpd:C18349"/>
    </reaction>
    <reaction id="272" name="rn:R09275" type="irreversible">
        <substrate id="271" name="cpd:C18347"/>
        <product id="268" name="cpd:C18348"/>
    </reaction>
    <reaction id="278" name="rn:R09284" type="irreversible">
        <substrate id="290" name="cpd:C14602"/>
        <product id="277" name="cpd:C18351"/>
    </reaction>
    <reaction id="281" name="rn:R06988" type="irreversible">
        <substrate id="290" name="cpd:C14602"/>
        <product id="282" name="cpd:C14604"/>
    </reaction>
    <reaction id="293" name="rn:R10136" type="irreversible">
        <substrate id="80" name="cpd:C06672"/>
        <product id="13" name="cpd:C00230"/>
    </reaction>
    <reaction id="294" name="rn:R09565" type="irreversible">
        <substrate id="251" name="cpd:C01424"/>
        <product id="215" name="cpd:C04434"/>
    </reaction>
    <reaction id="295" name="rn:R09272" type="irreversible">
        <substrate id="286" name="cpd:C05616"/>
        <product id="285" name="cpd:C18345"/>
    </reaction>
    <reaction id="296" name="rn:R04280" type="irreversible">
        <substrate id="286" name="cpd:C05616"/>
        <product id="216" name="cpd:C03671"/>
    </reaction>
    <reaction id="299" name="rn:R05783" type="irreversible">
        <substrate id="297" name="cpd:C07301"/>
        <product id="195" name="cpd:C01983"/>
    </reaction>
    <reaction id="302" name="rn:R12301" type="irreversible">
        <substrate id="300" name="cpd:C01502"/>
        <product id="139" name="cpd:C00090"/>
    </reaction>
</pathway>
