<?xml version="1.0"?>
<!DOCTYPE pathway SYSTEM "https://www.kegg.jp/kegg/xml/KGML_v0.7.2_.dtd">
<!-- Creation date: Feb 27, 2017 16:48:26 +0900 (GMT+9) -->
<pathway name="path:ko00365" org="ko" number="00365"
         title="Furfural degradation"
         image="https://www.kegg.jp/kegg/pathway/ko/ko00365.png"
         link="https://www.kegg.jp/kegg-bin/show_pathway?ko00365">
    <entry id="6" name="path:ko00365" type="map"
        link="https://www.kegg.jp/dbget-bin/www_bget?ko00365">
        <graphics name="TITLE:Furfural degradation" fgcolor="#000000" bgcolor="#FFFFFF"
             type="roundrectangle" x="141" y="58" width="201" height="25"/>
    </entry>
    <entry id="8" name="cpd:C20441" type="compound"
        link="https://www.kegg.jp/dbget-bin/www_bget?C20441">
        <graphics name="C20441" fgcolor="#000000" bgcolor="#FFFFFF"
             type="circle" x="72" y="205" width="8" height="8"/>
    </entry>
    <entry id="9" name="cpd:C14279" type="compound"
        link="https://www.kegg.jp/dbget-bin/www_bget?C14279">
        <graphics name="C14279" fgcolor="#000000" bgcolor="#FFFFFF"
             type="circle" x="72" y="131" width="8" height="8"/>
    </entry>
    <entry id="11" name="ko:K16873" type="ortholog" reaction="rn:R10212"
        link="https://www.kegg.jp/dbget-bin/www_bget?K16873">
        <graphics name="K16873" fgcolor="#000000" bgcolor="#BFBFFF"
             type="rectangle" x="138" y="132" width="46" height="17"/>
    </entry>
    <entry id="12" name="cpd:C01546" type="compound"
        link="https://www.kegg.jp/dbget-bin/www_bget?C01546">
        <graphics name="C01546" fgcolor="#000000" bgcolor="#FFFFFF"
             type="circle" x="208" y="131" width="8" height="8"/>
    </entry>
    <entry id="14" name="ko:K16876" type="ortholog" reaction="rn:R02986"
        link="https://www.kegg.jp/dbget-bin/www_bget?K16876">
        <graphics name="K16876" fgcolor="#000000" bgcolor="#BFBFFF"
             type="rectangle" x="268" y="132" width="46" height="17"/>
    </entry>
    <entry id="15" name="cpd:C00845" type="compound"
        link="https://www.kegg.jp/dbget-bin/www_bget?C00845">
        <graphics name="C00845" fgcolor="#000000" bgcolor="#FFFFFF"
             type="circle" x="338" y="131" width="8" height="8"/>
    </entry>
    <entry id="16" name="ko:K16877 ko:K16878 ko:K16879" type="ortholog" reaction="rn:R02987"
        link="https://www.kegg.jp/dbget-bin/www_bget?K16877+K16878+K16879">
        <graphics name="K16877..." fgcolor="#000000" bgcolor="#BFBFFF"
             type="rectangle" x="399" y="132" width="46" height="17"/>
    </entry>
    <entry id="17" name="cpd:C03724" type="compound"
        link="https://www.kegg.jp/dbget-bin/www_bget?C03724">
        <graphics name="C03724" fgcolor="#000000" bgcolor="#FFFFFF"
             type="circle" x="468" y="131" width="8" height="8"/>
    </entry>
    <entry id="19" name="cpd:C20447" type="compound"
        link="https://www.kegg.jp/dbget-bin/www_bget?C20447">
        <graphics name="C20447" fgcolor="#000000" bgcolor="#FFFFFF"
             type="circle" x="598" y="131" width="8" height="8"/>
    </entry>
    <entry id="20" name="ko:K16880" type="ortholog" reaction="rn:R10210"
        link="https://www.kegg.jp/dbget-bin/www_bget?K16880">
        <graphics name="K16880" fgcolor="#000000" bgcolor="#BFBFFF"
             type="rectangle" x="657" y="132" width="46" height="17"/>
    </entry>
    <entry id="22" name="path:ko00020" type="map"
        link="https://www.kegg.jp/dbget-bin/www_bget?ko00020">
        <graphics name="Citrate cycle (TCA cycle)" fgcolor="#000000" bgcolor="#FFFFFF"
             type="roundrectangle" x="836" y="131" width="84" height="25"/>
    </entry>
    <entry id="25" name="cpd:C20443" type="compound"
        link="https://www.kegg.jp/dbget-bin/www_bget?C20443">
        <graphics name="C20443" fgcolor="#000000" bgcolor="#FFFFFF"
             type="circle" x="72" y="343" width="8" height="8"/>
    </entry>
    <entry id="26" name="cpd:C11101" type="compound"
        link="https://www.kegg.jp/dbget-bin/www_bget?C11101">
        <graphics name="C11101" fgcolor="#000000" bgcolor="#FFFFFF"
             type="circle" x="72" y="261" width="8" height="8"/>
    </entry>
    <entry id="28" name="ko:K16873" type="ortholog" reaction="rn:R10858"
        link="https://www.kegg.jp/dbget-bin/www_bget?K16873">
        <graphics name="K16873" fgcolor="#000000" bgcolor="#BFBFFF"
             type="rectangle" x="138" y="262" width="46" height="17"/>
    </entry>
    <entry id="29" name="cpd:C20450" type="compound"
        link="https://www.kegg.jp/dbget-bin/www_bget?C20450">
        <graphics name="C20450" fgcolor="#000000" bgcolor="#FFFFFF"
             type="circle" x="208" y="261" width="8" height="8"/>
    </entry>
    <entry id="31" name="ko:K16874 ko:K16875" type="ortholog" reaction="rn:R10213"
        link="https://www.kegg.jp/dbget-bin/www_bget?K16874+K16875">
        <graphics name="K16874..." fgcolor="#000000" bgcolor="#BFBFFF"
             type="rectangle" x="208" y="203" width="46" height="17"/>
    </entry>
    <entry id="32" name="cpd:C00026" type="compound"
        link="https://www.kegg.jp/dbget-bin/www_bget?C00026">
        <graphics name="C00026" fgcolor="#000000" bgcolor="#FFFFFF"
             type="circle" x="728" y="131" width="8" height="8"/>
    </entry>
    <relation entry1="11" entry2="14" type="ECrel">
        <subtype name="compound" value="12"/>
    </relation>
    <relation entry1="11" entry2="31" type="ECrel">
        <subtype name="compound" value="12"/>
    </relation>
    <relation entry1="14" entry2="31" type="ECrel">
        <subtype name="compound" value="12"/>
    </relation>
    <relation entry1="14" entry2="16" type="ECrel">
        <subtype name="compound" value="15"/>
    </relation>
    <relation entry1="20" entry2="22" type="maplink">
        <subtype name="compound" value="32"/>
    </relation>
    <relation entry1="28" entry2="31" type="ECrel">
        <subtype name="compound" value="29"/>
    </relation>
    <reaction id="31" name="rn:R10213" type="irreversible">
        <substrate id="29" name="cpd:C20450"/>
        <product id="12" name="cpd:C01546"/>
    </reaction>
    <reaction id="28" name="rn:R10858" type="irreversible">
        <substrate id="26" name="cpd:C11101"/>
        <product id="29" name="cpd:C20450"/>
    </reaction>
    <reaction id="20" name="rn:R10210" type="irreversible">
        <substrate id="19" name="cpd:C20447"/>
        <product id="32" name="cpd:C00026"/>
    </reaction>
    <reaction id="16" name="rn:R02987" type="irreversible">
        <substrate id="15" name="cpd:C00845"/>
        <product id="17" name="cpd:C03724"/>
    </reaction>
    <reaction id="14" name="rn:R02986" type="irreversible">
        <substrate id="12" name="cpd:C01546"/>
        <product id="15" name="cpd:C00845"/>
    </reaction>
    <reaction id="11" name="rn:R10212" type="irreversible">
        <substrate id="9" name="cpd:C14279"/>
        <product id="12" name="cpd:C01546"/>
    </reaction>
</pathway>
