<?xml version="1.0"?>
<!DOCTYPE pathway SYSTEM "https://www.kegg.jp/kegg/xml/KGML_v0.7.2_.dtd">
<!-- Creation date: Jun 6, 2013 12:15:27 +0900 (GMT+09:00) -->
<pathway name="path:ko00942" org="ko" number="00942"
         title="Anthocyanin biosynthesis"
         image="https://www.kegg.jp/kegg/pathway/ko/ko00942.png"
         link="https://www.kegg.jp/kegg-bin/show_pathway?ko00942">
    <entry id="5" name="cpd:C16370" type="compound"
        link="https://www.kegg.jp/dbget-bin/www_bget?C16370">
        <graphics name="C16370" fgcolor="#000000" bgcolor="#FFFFFF"
             type="circle" x="353" y="1314" width="8" height="8"/>
    </entry>
    <entry id="6" name="cpd:C16368" type="compound"
        link="https://www.kegg.jp/dbget-bin/www_bget?C16368">
        <graphics name="C16368" fgcolor="#000000" bgcolor="#FFFFFF"
             type="circle" x="353" y="289" width="8" height="8"/>
    </entry>
    <entry id="7" name="cpd:C16349" type="compound"
        link="https://www.kegg.jp/dbget-bin/www_bget?C16349">
        <graphics name="C16349" fgcolor="#000000" bgcolor="#FFFFFF"
             type="circle" x="353" y="404" width="8" height="8"/>
    </entry>
    <entry id="8" name="cpd:C08725" type="compound"
        link="https://www.kegg.jp/dbget-bin/www_bget?C08725">
        <graphics name="C08725" fgcolor="#000000" bgcolor="#FFFFFF"
             type="circle" x="257" y="375" width="8" height="8"/>
    </entry>
    <entry id="9" name="cpd:C16373" type="compound"
        link="https://www.kegg.jp/dbget-bin/www_bget?C16373">
        <graphics name="C16373" fgcolor="#000000" bgcolor="#FFFFFF"
             type="circle" x="449" y="488" width="8" height="8"/>
    </entry>
    <entry id="10" name="cpd:C16372" type="compound"
        link="https://www.kegg.jp/dbget-bin/www_bget?C16372">
        <graphics name="C16372" fgcolor="#000000" bgcolor="#FFFFFF"
             type="circle" x="353" y="914" width="8" height="8"/>
    </entry>
    <entry id="11" name="cpd:C16350" type="compound"
        link="https://www.kegg.jp/dbget-bin/www_bget?C16350">
        <graphics name="C16350" fgcolor="#000000" bgcolor="#FFFFFF"
             type="circle" x="353" y="900" width="8" height="8"/>
    </entry>
    <entry id="12" name="cpd:C16369" type="compound"
        link="https://www.kegg.jp/dbget-bin/www_bget?C16369">
        <graphics name="C16369" fgcolor="#000000" bgcolor="#FFFFFF"
             type="circle" x="353" y="822" width="8" height="8"/>
    </entry>
    <entry id="13" name="cpd:C16367" type="compound"
        link="https://www.kegg.jp/dbget-bin/www_bget?C16367">
        <graphics name="C16367" fgcolor="#000000" bgcolor="#FFFFFF"
             type="circle" x="353" y="1328" width="8" height="8"/>
    </entry>
    <entry id="14" name="cpd:C16351" type="compound"
        link="https://www.kegg.jp/dbget-bin/www_bget?C16351">
        <graphics name="C16351" fgcolor="#000000" bgcolor="#FFFFFF"
             type="circle" x="353" y="1424" width="8" height="8"/>
    </entry>
    <entry id="15" name="cpd:C16354" type="compound"
        link="https://www.kegg.jp/dbget-bin/www_bget?C16354">
        <graphics name="C16354" fgcolor="#000000" bgcolor="#FFFFFF"
             type="circle" x="449" y="1438" width="8" height="8"/>
    </entry>
    <entry id="16" name="cpd:C12095" type="compound"
        link="https://www.kegg.jp/dbget-bin/www_bget?C12095">
        <graphics name="C12095" fgcolor="#000000" bgcolor="#FFFFFF"
             type="circle" x="353" y="808" width="8" height="8"/>
    </entry>
    <entry id="17" name="cpd:C16371" type="compound"
        link="https://www.kegg.jp/dbget-bin/www_bget?C16371">
        <graphics name="C16371" fgcolor="#000000" bgcolor="#FFFFFF"
             type="circle" x="353" y="418" width="8" height="8"/>
    </entry>
    <entry id="18" name="cpd:C08641" type="compound"
        link="https://www.kegg.jp/dbget-bin/www_bget?C08641">
        <graphics name="C08641" fgcolor="#000000" bgcolor="#FFFFFF"
             type="circle" x="545" y="1438" width="8" height="8"/>
    </entry>
    <entry id="19" name="cpd:C16313" type="compound"
        link="https://www.kegg.jp/dbget-bin/www_bget?C16313">
        <graphics name="C16313" fgcolor="#000000" bgcolor="#FFFFFF"
             type="circle" x="353" y="1438" width="8" height="8"/>
    </entry>
    <entry id="20" name="cpd:C16312" type="compound"
        link="https://www.kegg.jp/dbget-bin/www_bget?C16312">
        <graphics name="C16312" fgcolor="#000000" bgcolor="#FFFFFF"
             type="circle" x="257" y="1377" width="8" height="8"/>
    </entry>
    <entry id="21" name="cpd:C16314" type="compound"
        link="https://www.kegg.jp/dbget-bin/www_bget?C16314">
        <graphics name="C16314" fgcolor="#000000" bgcolor="#FFFFFF"
             type="circle" x="353" y="1377" width="8" height="8"/>
    </entry>
    <entry id="22" name="cpd:C12645" type="compound"
        link="https://www.kegg.jp/dbget-bin/www_bget?C12645">
        <graphics name="C12645" fgcolor="#000000" bgcolor="#FFFFFF"
             type="circle" x="449" y="167" width="8" height="8"/>
    </entry>
    <entry id="23" name="cpd:C12141" type="compound"
        link="https://www.kegg.jp/dbget-bin/www_bget?C12141">
        <graphics name="C12141" fgcolor="#000000" bgcolor="#FFFFFF"
             type="circle" x="353" y="630" width="8" height="8"/>
    </entry>
    <entry id="24" name="cpd:C16303" type="compound"
        link="https://www.kegg.jp/dbget-bin/www_bget?C16303">
        <graphics name="C16303" fgcolor="#000000" bgcolor="#FFFFFF"
             type="circle" x="545" y="1002" width="8" height="8"/>
    </entry>
    <entry id="25" name="cpd:C16296" type="compound"
        link="https://www.kegg.jp/dbget-bin/www_bget?C16296">
        <graphics name="C16296" fgcolor="#000000" bgcolor="#FFFFFF"
             type="circle" x="641" y="1252" width="8" height="8"/>
    </entry>
    <entry id="26" name="cpd:C16302" type="compound"
        link="https://www.kegg.jp/dbget-bin/www_bget?C16302">
        <graphics name="C16302" fgcolor="#000000" bgcolor="#FFFFFF"
             type="circle" x="641" y="1002" width="8" height="8"/>
    </entry>
    <entry id="27" name="cpd:C16295" type="compound"
        link="https://www.kegg.jp/dbget-bin/www_bget?C16295">
        <graphics name="C16295" fgcolor="#000000" bgcolor="#FFFFFF"
             type="circle" x="545" y="1252" width="8" height="8"/>
    </entry>
    <entry id="28" name="cpd:C12646" type="compound"
        link="https://www.kegg.jp/dbget-bin/www_bget?C12646">
        <graphics name="C12646" fgcolor="#000000" bgcolor="#FFFFFF"
             type="circle" x="449" y="697" width="8" height="8"/>
    </entry>
    <entry id="29" name="cpd:C16294" type="compound"
        link="https://www.kegg.jp/dbget-bin/www_bget?C16294">
        <graphics name="C16294" fgcolor="#000000" bgcolor="#FFFFFF"
             type="circle" x="449" y="1252" width="8" height="8"/>
    </entry>
    <entry id="30" name="cpd:C05904" type="compound"
        link="https://www.kegg.jp/dbget-bin/www_bget?C05904">
        <graphics name="C05904" fgcolor="#000000" bgcolor="#FFFFFF"
             type="circle" x="161" y="297" width="8" height="8"/>
    </entry>
    <entry id="31" name="cpd:C05908" type="compound"
        link="https://www.kegg.jp/dbget-bin/www_bget?C05908">
        <graphics name="C05908" fgcolor="#000000" bgcolor="#FFFFFF"
             type="circle" x="161" y="1252" width="8" height="8"/>
    </entry>
    <entry id="32" name="cpd:C16290" type="compound"
        link="https://www.kegg.jp/dbget-bin/www_bget?C16290">
        <graphics name="C16290" fgcolor="#000000" bgcolor="#FFFFFF"
             type="circle" x="449" y="958" width="8" height="8"/>
    </entry>
    <entry id="33" name="cpd:C12644" type="compound"
        link="https://www.kegg.jp/dbget-bin/www_bget?C12644">
        <graphics name="C12644" fgcolor="#000000" bgcolor="#FFFFFF"
             type="circle" x="353" y="167" width="8" height="8"/>
    </entry>
    <entry id="34" name="cpd:C12642" type="compound"
        link="https://www.kegg.jp/dbget-bin/www_bget?C12642">
        <graphics name="C12642" fgcolor="#000000" bgcolor="#FFFFFF"
             type="circle" x="353" y="91" width="8" height="8"/>
    </entry>
    <entry id="35" name="cpd:C16305" type="compound"
        link="https://www.kegg.jp/dbget-bin/www_bget?C16305">
        <graphics name="C16305" fgcolor="#000000" bgcolor="#FFFFFF"
             type="circle" x="353" y="129" width="8" height="8"/>
    </entry>
    <entry id="36" name="cpd:C16301" type="compound"
        link="https://www.kegg.jp/dbget-bin/www_bget?C16301">
        <graphics name="C16301" fgcolor="#000000" bgcolor="#FFFFFF"
             type="circle" x="353" y="1002" width="8" height="8"/>
    </entry>
    <entry id="37" name="path:ko00942" type="map"
        link="https://www.kegg.jp/dbget-bin/www_bget?ko00942">
        <graphics name="TITLE:Anthocyanin biosynthesis" fgcolor="#000000" bgcolor="#FFFFFF"
             type="roundrectangle" x="155" y="58" width="229" height="25"/>
    </entry>
    <entry id="38" name="path:ko00941" type="map"
        link="https://www.kegg.jp/dbget-bin/www_bget?ko00941">
        <graphics name="Flavonoid biosynthesis" fgcolor="#000000" bgcolor="#FFFFFF"
             type="roundrectangle" x="105" y="196" width="129" height="25"/>
    </entry>
    <entry id="39" name="cpd:C12643" type="compound"
        link="https://www.kegg.jp/dbget-bin/www_bget?C12643">
        <graphics name="C12643" fgcolor="#000000" bgcolor="#FFFFFF"
             type="circle" x="353" y="488" width="8" height="8"/>
    </entry>
    <entry id="40" name="cpd:C12640" type="compound"
        link="https://www.kegg.jp/dbget-bin/www_bget?C12640">
        <graphics name="C12640" fgcolor="#000000" bgcolor="#FFFFFF"
             type="circle" x="449" y="303" width="8" height="8"/>
    </entry>
    <entry id="41" name="cpd:C12641" type="compound"
        link="https://www.kegg.jp/dbget-bin/www_bget?C12641">
        <graphics name="C12641" fgcolor="#000000" bgcolor="#FFFFFF"
             type="circle" x="545" y="303" width="8" height="8"/>
    </entry>
    <entry id="42" name="cpd:C16299" type="compound"
        link="https://www.kegg.jp/dbget-bin/www_bget?C16299">
        <graphics name="C16299" fgcolor="#000000" bgcolor="#FFFFFF"
             type="circle" x="545" y="808" width="8" height="8"/>
    </entry>
    <entry id="43" name="cpd:C16306" type="compound"
        link="https://www.kegg.jp/dbget-bin/www_bget?C16306">
        <graphics name="C16306" fgcolor="#000000" bgcolor="#FFFFFF"
             type="circle" x="353" y="566" width="8" height="8"/>
    </entry>
    <entry id="44" name="cpd:C16307" type="compound"
        link="https://www.kegg.jp/dbget-bin/www_bget?C16307">
        <graphics name="C16307" fgcolor="#000000" bgcolor="#FFFFFF"
             type="circle" x="353" y="1057" width="8" height="8"/>
    </entry>
    <entry id="45" name="cpd:C12096" type="compound"
        link="https://www.kegg.jp/dbget-bin/www_bget?C12096">
        <graphics name="C12096" fgcolor="#000000" bgcolor="#FFFFFF"
             type="circle" x="449" y="808" width="8" height="8"/>
    </entry>
    <entry id="46" name="cpd:C16315" type="compound"
        link="https://www.kegg.jp/dbget-bin/www_bget?C16315">
        <graphics name="C16315" fgcolor="#000000" bgcolor="#FFFFFF"
             type="circle" x="353" y="1252" width="8" height="8"/>
    </entry>
    <entry id="47" name="cpd:C16298" type="compound"
        link="https://www.kegg.jp/dbget-bin/www_bget?C16298">
        <graphics name="C16298" fgcolor="#000000" bgcolor="#FFFFFF"
             type="circle" x="161" y="869" width="8" height="8"/>
    </entry>
    <entry id="48" name="cpd:C16297" type="compound"
        link="https://www.kegg.jp/dbget-bin/www_bget?C16297">
        <graphics name="C16297" fgcolor="#000000" bgcolor="#FFFFFF"
             type="circle" x="353" y="303" width="8" height="8"/>
    </entry>
    <entry id="49" name="cpd:C12139" type="compound"
        link="https://www.kegg.jp/dbget-bin/www_bget?C12139">
        <graphics name="C12139" fgcolor="#000000" bgcolor="#FFFFFF"
             type="circle" x="353" y="1125" width="8" height="8"/>
    </entry>
    <entry id="50" name="cpd:C08604" type="compound"
        link="https://www.kegg.jp/dbget-bin/www_bget?C08604">
        <graphics name="C08604" fgcolor="#000000" bgcolor="#FFFFFF"
             type="circle" x="257" y="730" width="8" height="8"/>
    </entry>
    <entry id="51" name="cpd:C16304" type="compound"
        link="https://www.kegg.jp/dbget-bin/www_bget?C16304">
        <graphics name="C16304" fgcolor="#000000" bgcolor="#FFFFFF"
             type="circle" x="449" y="1002" width="8" height="8"/>
    </entry>
    <entry id="52" name="cpd:C05905" type="compound"
        link="https://www.kegg.jp/dbget-bin/www_bget?C05905">
        <graphics name="C05905" fgcolor="#000000" bgcolor="#FFFFFF"
             type="circle" x="161" y="730" width="8" height="8"/>
    </entry>
    <entry id="53" name="cpd:C16288" type="compound"
        link="https://www.kegg.jp/dbget-bin/www_bget?C16288">
        <graphics name="C16288" fgcolor="#000000" bgcolor="#FFFFFF"
             type="circle" x="449" y="91" width="8" height="8"/>
    </entry>
    <entry id="54" name="cpd:C12138" type="compound"
        link="https://www.kegg.jp/dbget-bin/www_bget?C12138">
        <graphics name="C12138" fgcolor="#000000" bgcolor="#FFFFFF"
             type="circle" x="257" y="1252" width="8" height="8"/>
    </entry>
    <entry id="55" name="cpd:C16292" type="compound"
        link="https://www.kegg.jp/dbget-bin/www_bget?C16292">
        <graphics name="C16292" fgcolor="#000000" bgcolor="#FFFFFF"
             type="circle" x="449" y="730" width="8" height="8"/>
    </entry>
    <entry id="56" name="cpd:C12140" type="compound"
        link="https://www.kegg.jp/dbget-bin/www_bget?C12140">
        <graphics name="C12140" fgcolor="#000000" bgcolor="#FFFFFF"
             type="circle" x="353" y="1156" width="8" height="8"/>
    </entry>
    <entry id="57" name="cpd:C08639" type="compound"
        link="https://www.kegg.jp/dbget-bin/www_bget?C08639">
        <graphics name="C08639" fgcolor="#000000" bgcolor="#FFFFFF"
             type="circle" x="257" y="869" width="8" height="8"/>
    </entry>
    <entry id="58" name="cpd:C16293" type="compound"
        link="https://www.kegg.jp/dbget-bin/www_bget?C16293">
        <graphics name="C16293" fgcolor="#000000" bgcolor="#FFFFFF"
             type="circle" x="545" y="730" width="8" height="8"/>
    </entry>
    <entry id="59" name="cpd:C08620" type="compound"
        link="https://www.kegg.jp/dbget-bin/www_bget?C08620">
        <graphics name="C08620" fgcolor="#000000" bgcolor="#FFFFFF"
             type="circle" x="353" y="730" width="8" height="8"/>
    </entry>
    <entry id="60" name="cpd:C12647" type="compound"
        link="https://www.kegg.jp/dbget-bin/www_bget?C12647">
        <graphics name="C12647" fgcolor="#000000" bgcolor="#FFFFFF"
             type="circle" x="641" y="303" width="8" height="8"/>
    </entry>
    <entry id="61" name="cpd:C16289" type="compound"
        link="https://www.kegg.jp/dbget-bin/www_bget?C16289">
        <graphics name="C16289" fgcolor="#000000" bgcolor="#FFFFFF"
             type="circle" x="449" y="452" width="8" height="8"/>
    </entry>
    <entry id="62" name="cpd:C12137" type="compound"
        link="https://www.kegg.jp/dbget-bin/www_bget?C12137">
        <graphics name="C12137" fgcolor="#000000" bgcolor="#FFFFFF"
             type="circle" x="257" y="297" width="8" height="8"/>
    </entry>
    <entry id="117" name="ko:K12931" type="ortholog" reaction="rn:R06801"
        link="https://www.kegg.jp/dbget-bin/www_bget?K12931">
        <graphics name="K12931" fgcolor="#000000" bgcolor="#BFBFFF"
             type="rectangle" x="300" y="92" width="46" height="17"/>
    </entry>
    <entry id="118" name="ko:K12932" type="ortholog" reaction="rn:R07884"
        link="https://www.kegg.jp/dbget-bin/www_bget?K12932">
        <graphics name="K12932" fgcolor="#000000" bgcolor="#BFBFFF"
             type="rectangle" x="395" y="92" width="46" height="17"/>
    </entry>
    <entry id="119" name="ko:K12933" type="ortholog" reaction="rn:R07877"
        link="https://www.kegg.jp/dbget-bin/www_bget?K12933">
        <graphics name="K12933" fgcolor="#000000" bgcolor="#BFBFFF"
             type="rectangle" x="300" y="130" width="46" height="17"/>
    </entry>
    <entry id="120" name="ko:K12930" type="ortholog" reaction="rn:R06534"
        link="https://www.kegg.jp/dbget-bin/www_bget?K12930">
        <graphics name="K12930" fgcolor="#000000" bgcolor="#BFBFFF"
             type="rectangle" x="204" y="297" width="46" height="17"/>
    </entry>
    <entry id="121" name="ko:K21383" type="ortholog" reaction="rn:R07927 rn:R07873"
        link="https://www.kegg.jp/dbget-bin/www_bget?K21383">
        <graphics name="K21383" fgcolor="#000000" bgcolor="#BFBFFF"
             type="rectangle" x="300" y="297" width="46" height="17"/>
    </entry>
    <entry id="122" name="ko:K23261" type="ortholog" reaction="rn:R06803"
        link="https://www.kegg.jp/dbget-bin/www_bget?K23261">
        <graphics name="K23261" fgcolor="#000000" bgcolor="#BFBFFF"
             type="rectangle" x="395" y="168" width="46" height="17"/>
    </entry>
    <entry id="123" name="ko:K12934" type="ortholog" reaction="rn:R06799"
        link="https://www.kegg.jp/dbget-bin/www_bget?K12934">
        <graphics name="K12934" fgcolor="#000000" bgcolor="#BFBFFF"
             type="rectangle" x="493" y="304" width="46" height="17"/>
    </entry>
    <entry id="124" name="ko:K12935" type="ortholog" reaction="rn:R06800"
        link="https://www.kegg.jp/dbget-bin/www_bget?K12935">
        <graphics name="K12935" fgcolor="#000000" bgcolor="#BFBFFF"
             type="rectangle" x="585" y="304" width="46" height="17"/>
    </entry>
    <entry id="125" name="ko:K12936" type="ortholog" reaction="rn:R07880 rn:R07930"
        link="https://www.kegg.jp/dbget-bin/www_bget?K12936">
        <graphics name="K12936" fgcolor="#000000" bgcolor="#BFBFFF"
             type="rectangle" x="300" y="412" width="46" height="17"/>
    </entry>
    <entry id="126" name="ko:K12338" type="ortholog" reaction="rn:R07874"
        link="https://www.kegg.jp/dbget-bin/www_bget?K12338">
        <graphics name="K12338" fgcolor="#000000" bgcolor="#BFBFFF"
             type="rectangle" x="232" y="343" width="46" height="17"/>
    </entry>
    <entry id="127" name="ko:K21383" type="ortholog" reaction="rn:R07876"
        link="https://www.kegg.jp/dbget-bin/www_bget?K21383">
        <graphics name="K21383" fgcolor="#000000" bgcolor="#BFBFFF"
             type="rectangle" x="353" y="376" width="46" height="17"/>
    </entry>
    <entry id="128" name="ko:K12937" type="ortholog" reaction="rn:R07932"
        link="https://www.kegg.jp/dbget-bin/www_bget?K12937">
        <graphics name="K12937" fgcolor="#000000" bgcolor="#BFBFFF"
             type="rectangle" x="395" y="489" width="46" height="17"/>
    </entry>
    <entry id="129" name="ko:K12932" type="ortholog" reaction="rn:R07885"
        link="https://www.kegg.jp/dbget-bin/www_bget?K12932">
        <graphics name="K12932" fgcolor="#000000" bgcolor="#BFBFFF"
             type="rectangle" x="395" y="453" width="46" height="17"/>
    </entry>
    <entry id="130" name="ko:K12931" type="ortholog" reaction="rn:R06817"
        link="https://www.kegg.jp/dbget-bin/www_bget?K12931">
        <graphics name="K12931" fgcolor="#000000" bgcolor="#BFBFFF"
             type="rectangle" x="300" y="490" width="46" height="17"/>
    </entry>
    <entry id="131" name="ko:K12933" type="ortholog" reaction="rn:R07878"
        link="https://www.kegg.jp/dbget-bin/www_bget?K12933">
        <graphics name="K12933" fgcolor="#000000" bgcolor="#BFBFFF"
             type="rectangle" x="300" y="567" width="46" height="17"/>
    </entry>
    <entry id="132" name="ko:K23261" type="ortholog" reaction="rn:R06819"
        link="https://www.kegg.jp/dbget-bin/www_bget?K23261">
        <graphics name="K23261" fgcolor="#000000" bgcolor="#BFBFFF"
             type="rectangle" x="395" y="698" width="46" height="17"/>
    </entry>
    <entry id="135" name="ko:K12930" type="ortholog" reaction="rn:R06535"
        link="https://www.kegg.jp/dbget-bin/www_bget?K12930">
        <graphics name="K12930" fgcolor="#000000" bgcolor="#BFBFFF"
             type="rectangle" x="204" y="731" width="46" height="17"/>
    </entry>
    <entry id="136" name="ko:K12938" type="ortholog" reaction="rn:R07908"
        link="https://www.kegg.jp/dbget-bin/www_bget?K12938">
        <graphics name="K12938" fgcolor="#000000" bgcolor="#BFBFFF"
             type="rectangle" x="162" y="816" width="46" height="17"/>
    </entry>
    <entry id="137" name="ko:K21383" type="ortholog" reaction="rn:R06544 rn:R07928"
        link="https://www.kegg.jp/dbget-bin/www_bget?K21383">
        <graphics name="K21383" fgcolor="#000000" bgcolor="#BFBFFF"
             type="rectangle" x="300" y="815" width="46" height="17"/>
    </entry>
    <entry id="138" name="ko:K12338" type="ortholog" reaction="rn:R06546"
        link="https://www.kegg.jp/dbget-bin/www_bget?K12338">
        <graphics name="K12338" fgcolor="#000000" bgcolor="#BFBFFF"
             type="rectangle" x="232" y="836" width="46" height="17"/>
    </entry>
    <entry id="139" name="ko:K12938" type="ortholog" reaction="rn:R07909"
        link="https://www.kegg.jp/dbget-bin/www_bget?K12938">
        <graphics name="K12938" fgcolor="#000000" bgcolor="#BFBFFF"
             type="rectangle" x="204" y="870" width="46" height="17"/>
    </entry>
    <entry id="140" name="ko:K12934" type="ortholog" reaction="rn:R07910"
        link="https://www.kegg.jp/dbget-bin/www_bget?K12934">
        <graphics name="K12934" fgcolor="#000000" bgcolor="#BFBFFF"
             type="rectangle" x="493" y="808" width="46" height="17"/>
    </entry>
    <entry id="141" name="ko:K12338" type="ortholog" reaction="rn:R06547"
        link="https://www.kegg.jp/dbget-bin/www_bget?K12338">
        <graphics name="K12338" fgcolor="#000000" bgcolor="#BFBFFF"
             type="rectangle" x="395" y="809" width="46" height="17"/>
    </entry>
    <entry id="142" name="ko:K21383" type="ortholog" reaction="rn:R06545"
        link="https://www.kegg.jp/dbget-bin/www_bget?K21383">
        <graphics name="K21383" fgcolor="#000000" bgcolor="#BFBFFF"
             type="rectangle" x="353" y="870" width="46" height="17"/>
    </entry>
    <entry id="143" name="ko:K12936" type="ortholog" reaction="rn:R07882 rn:R07931"
        link="https://www.kegg.jp/dbget-bin/www_bget?K12936">
        <graphics name="K12936" fgcolor="#000000" bgcolor="#BFBFFF"
             type="rectangle" x="300" y="907" width="46" height="17"/>
    </entry>
    <entry id="144" name="ko:K12932" type="ortholog" reaction="rn:R07886"
        link="https://www.kegg.jp/dbget-bin/www_bget?K12932">
        <graphics name="K12932" fgcolor="#000000" bgcolor="#BFBFFF"
             type="rectangle" x="395" y="958" width="46" height="17"/>
    </entry>
    <entry id="145" name="ko:K12939" type="ortholog" reaction="rn:R07913"
        link="https://www.kegg.jp/dbget-bin/www_bget?K12939">
        <graphics name="K12939" fgcolor="#000000" bgcolor="#BFBFFF"
             type="rectangle" x="395" y="992" width="46" height="17"/>
    </entry>
    <entry id="147" name="ko:K12931" type="ortholog" reaction="rn:R07938"
        link="https://www.kegg.jp/dbget-bin/www_bget?K12931">
        <graphics name="K12931" fgcolor="#000000" bgcolor="#BFBFFF"
             type="rectangle" x="300" y="1003" width="46" height="17"/>
    </entry>
    <entry id="148" name="ko:K12933" type="ortholog" reaction="rn:R07879"
        link="https://www.kegg.jp/dbget-bin/www_bget?K12933">
        <graphics name="K12933" fgcolor="#000000" bgcolor="#BFBFFF"
             type="rectangle" x="300" y="1058" width="46" height="17"/>
    </entry>
    <entry id="149" name="ko:K12930" type="ortholog" reaction="rn:R06536"
        link="https://www.kegg.jp/dbget-bin/www_bget?K12930">
        <graphics name="K12930" fgcolor="#000000" bgcolor="#BFBFFF"
             type="rectangle" x="204" y="1253" width="46" height="17"/>
    </entry>
    <entry id="154" name="ko:K21383" type="ortholog" reaction="rn:R07929 rn:R07926"
        link="https://www.kegg.jp/dbget-bin/www_bget?K21383">
        <graphics name="K21383" fgcolor="#000000" bgcolor="#BFBFFF"
             type="rectangle" x="300" y="1320" width="46" height="17"/>
    </entry>
    <entry id="155" name="ko:K12338" type="ortholog" reaction="rn:R07911"
        link="https://www.kegg.jp/dbget-bin/www_bget?K12338">
        <graphics name="K12338" fgcolor="#000000" bgcolor="#BFBFFF"
             type="rectangle" x="232" y="1345" width="46" height="17"/>
    </entry>
    <entry id="156" name="ko:K12939" type="ortholog" reaction="rn:R07912"
        link="https://www.kegg.jp/dbget-bin/www_bget?K12939">
        <graphics name="K12939" fgcolor="#000000" bgcolor="#BFBFFF"
             type="rectangle" x="300" y="1378" width="46" height="17"/>
    </entry>
    <entry id="157" name="ko:K12936" type="ortholog" reaction="rn:R07883 rn:R07944"
        link="https://www.kegg.jp/dbget-bin/www_bget?K12936">
        <graphics name="K12936" fgcolor="#000000" bgcolor="#BFBFFF"
             type="rectangle" x="300" y="1432" width="46" height="17"/>
    </entry>
    <entry id="158" name="ko:K12939" type="ortholog" reaction="rn:R07923"
        link="https://www.kegg.jp/dbget-bin/www_bget?K12939">
        <graphics name="K12939" fgcolor="#000000" bgcolor="#BFBFFF"
             type="rectangle" x="395" y="1439" width="46" height="17"/>
    </entry>
    <entry id="163" name="cpd:C20489" type="compound"
        link="https://www.kegg.jp/dbget-bin/www_bget?C20489">
        <graphics name="C20489" fgcolor="#000000" bgcolor="#FFFFFF"
             type="circle" x="353" y="233" width="8" height="8"/>
    </entry>
    <entry id="164" name="ko:K17193" type="ortholog" reaction="rn:R10290"
        link="https://www.kegg.jp/dbget-bin/www_bget?K17193">
        <graphics name="K17193" fgcolor="#000000" bgcolor="#BFBFFF"
             type="rectangle" x="300" y="234" width="46" height="17"/>
    </entry>
    <entry id="166" name="cpd:C20492" type="compound"
        link="https://www.kegg.jp/dbget-bin/www_bget?C20492">
        <graphics name="C20492" fgcolor="#000000" bgcolor="#FFFFFF"
             type="circle" x="449" y="233" width="8" height="8"/>
    </entry>
    <entry id="169" name="cpd:C20490" type="compound"
        link="https://www.kegg.jp/dbget-bin/www_bget?C20490">
        <graphics name="C20490" fgcolor="#000000" bgcolor="#FFFFFF"
             type="circle" x="353" y="657" width="8" height="8"/>
    </entry>
    <entry id="170" name="ko:K17193" type="ortholog" reaction="rn:R10291"
        link="https://www.kegg.jp/dbget-bin/www_bget?K17193">
        <graphics name="K17193" fgcolor="#000000" bgcolor="#BFBFFF"
             type="rectangle" x="300" y="658" width="46" height="17"/>
    </entry>
    <entry id="172" name="cpd:C20493" type="compound"
        link="https://www.kegg.jp/dbget-bin/www_bget?C20493">
        <graphics name="C20493" fgcolor="#000000" bgcolor="#FFFFFF"
             type="circle" x="449" y="657" width="8" height="8"/>
    </entry>
    <entry id="175" name="cpd:C20491" type="compound"
        link="https://www.kegg.jp/dbget-bin/www_bget?C20491">
        <graphics name="C20491" fgcolor="#000000" bgcolor="#FFFFFF"
             type="circle" x="353" y="1194" width="8" height="8"/>
    </entry>
    <entry id="176" name="ko:K17193" type="ortholog" reaction="rn:R10292"
        link="https://www.kegg.jp/dbget-bin/www_bget?K17193">
        <graphics name="K17193" fgcolor="#000000" bgcolor="#BFBFFF"
             type="rectangle" x="300" y="1195" width="46" height="17"/>
    </entry>
    <entry id="178" name="cpd:C20494" type="compound"
        link="https://www.kegg.jp/dbget-bin/www_bget?C20494">
        <graphics name="C20494" fgcolor="#000000" bgcolor="#FFFFFF"
             type="circle" x="449" y="1194" width="8" height="8"/>
    </entry>
    <entry id="180" name="ko:K12937" type="ortholog" reaction="rn:R09635"
        link="https://www.kegg.jp/dbget-bin/www_bget?K12937">
        <graphics name="K12937" fgcolor="#000000" bgcolor="#BFBFFF"
             type="rectangle" x="300" y="531" width="46" height="17"/>
    </entry>
    <entry id="181" name="cpd:C19762" type="compound"
        link="https://www.kegg.jp/dbget-bin/www_bget?C19762">
        <graphics name="C19762" fgcolor="#000000" bgcolor="#FFFFFF"
             type="circle" x="353" y="530" width="8" height="8"/>
    </entry>
    <entry id="183" name="ko:K17192" type="ortholog" reaction="rn:R10259"
        link="https://www.kegg.jp/dbget-bin/www_bget?K17192">
        <graphics name="K17192" fgcolor="#000000" bgcolor="#BFBFFF"
             type="rectangle" x="300" y="601" width="46" height="17"/>
    </entry>
    <entry id="184" name="cpd:C20469" type="compound"
        link="https://www.kegg.jp/dbget-bin/www_bget?C20469">
        <graphics name="C20469" fgcolor="#000000" bgcolor="#FFFFFF"
             type="circle" x="353" y="600" width="8" height="8"/>
    </entry>
    <entry id="186" name="cpd:C20495" type="compound"
        link="https://www.kegg.jp/dbget-bin/www_bget?C20495">
        <graphics name="C20495" fgcolor="#000000" bgcolor="#FFFFFF"
             type="circle" x="353" y="200" width="8" height="8"/>
    </entry>
    <entry id="187" name="ko:K17192" type="ortholog" reaction="rn:R10296"
        link="https://www.kegg.jp/dbget-bin/www_bget?K17192">
        <graphics name="K17192" fgcolor="#000000" bgcolor="#BFBFFF"
             type="rectangle" x="300" y="200" width="46" height="17"/>
    </entry>
    <entry id="189" name="cpd:C20496" type="compound"
        link="https://www.kegg.jp/dbget-bin/www_bget?C20496">
        <graphics name="C20496" fgcolor="#000000" bgcolor="#FFFFFF"
             type="circle" x="353" y="1095" width="8" height="8"/>
    </entry>
    <entry id="190" name="ko:K17192" type="ortholog" reaction="rn:R10297"
        link="https://www.kegg.jp/dbget-bin/www_bget?K17192">
        <graphics name="K17192" fgcolor="#000000" bgcolor="#BFBFFF"
             type="rectangle" x="300" y="1096" width="46" height="17"/>
    </entry>
    <entry id="191" name="ko:K17194" type="ortholog" reaction="rn:R10299"
        link="https://www.kegg.jp/dbget-bin/www_bget?K17194">
        <graphics name="K17194" fgcolor="#000000" bgcolor="#BFBFFF"
             type="rectangle" x="282" y="1345" width="46" height="17"/>
    </entry>
    <entry id="192" name="ko:K17194" type="ortholog" reaction="rn:R10261"
        link="https://www.kegg.jp/dbget-bin/www_bget?K17194">
        <graphics name="K17194" fgcolor="#000000" bgcolor="#BFBFFF"
             type="rectangle" x="282" y="836" width="46" height="17"/>
    </entry>
    <entry id="193" name="ko:K17194" type="ortholog" reaction="rn:R10298"
        link="https://www.kegg.jp/dbget-bin/www_bget?K17194">
        <graphics name="K17194" fgcolor="#000000" bgcolor="#BFBFFF"
             type="rectangle" x="282" y="343" width="46" height="17"/>
    </entry>
    <relation entry1="120" entry2="38" type="maplink">
        <subtype name="compound" value="30"/>
    </relation>
    <relation entry1="120" entry2="117" type="ECrel">
        <subtype name="compound" value="62"/>
    </relation>
    <relation entry1="120" entry2="119" type="ECrel">
        <subtype name="compound" value="62"/>
    </relation>
    <relation entry1="120" entry2="121" type="ECrel">
        <subtype name="compound" value="62"/>
    </relation>
    <relation entry1="120" entry2="126" type="ECrel">
        <subtype name="compound" value="62"/>
    </relation>
    <relation entry1="117" entry2="119" type="ECrel">
        <subtype name="compound" value="62"/>
    </relation>
    <relation entry1="117" entry2="121" type="ECrel">
        <subtype name="compound" value="62"/>
    </relation>
    <relation entry1="117" entry2="126" type="ECrel">
        <subtype name="compound" value="62"/>
    </relation>
    <relation entry1="119" entry2="121" type="ECrel">
        <subtype name="compound" value="62"/>
    </relation>
    <relation entry1="119" entry2="126" type="ECrel">
        <subtype name="compound" value="62"/>
    </relation>
    <relation entry1="121" entry2="126" type="ECrel">
        <subtype name="compound" value="62"/>
    </relation>
    <relation entry1="117" entry2="118" type="ECrel">
        <subtype name="compound" value="34"/>
    </relation>
    <relation entry1="127" entry2="123" type="ECrel">
        <subtype name="compound" value="40"/>
    </relation>
    <relation entry1="123" entry2="124" type="ECrel">
        <subtype name="compound" value="41"/>
    </relation>
    <relation entry1="126" entry2="127" type="ECrel">
        <subtype name="compound" value="8"/>
    </relation>
    <relation entry1="126" entry2="125" type="ECrel">
        <subtype name="compound" value="8"/>
    </relation>
    <relation entry1="127" entry2="125" type="ECrel">
        <subtype name="compound" value="8"/>
    </relation>
    <relation entry1="136" entry2="135" type="ECrel">
        <subtype name="compound" value="52"/>
    </relation>
    <relation entry1="136" entry2="38" type="maplink">
        <subtype name="compound" value="52"/>
    </relation>
    <relation entry1="135" entry2="38" type="maplink">
        <subtype name="compound" value="52"/>
    </relation>
    <relation entry1="135" entry2="131" type="ECrel">
        <subtype name="compound" value="50"/>
    </relation>
    <relation entry1="135" entry2="130" type="ECrel">
        <subtype name="compound" value="50"/>
    </relation>
    <relation entry1="135" entry2="138" type="ECrel">
        <subtype name="compound" value="50"/>
    </relation>
    <relation entry1="135" entry2="137" type="ECrel">
        <subtype name="compound" value="50"/>
    </relation>
    <relation entry1="131" entry2="130" type="ECrel">
        <subtype name="compound" value="50"/>
    </relation>
    <relation entry1="131" entry2="138" type="ECrel">
        <subtype name="compound" value="50"/>
    </relation>
    <relation entry1="131" entry2="137" type="ECrel">
        <subtype name="compound" value="50"/>
    </relation>
    <relation entry1="130" entry2="138" type="ECrel">
        <subtype name="compound" value="50"/>
    </relation>
    <relation entry1="130" entry2="137" type="ECrel">
        <subtype name="compound" value="50"/>
    </relation>
    <relation entry1="138" entry2="137" type="ECrel">
        <subtype name="compound" value="50"/>
    </relation>
    <relation entry1="130" entry2="129" type="ECrel">
        <subtype name="compound" value="39"/>
    </relation>
    <relation entry1="130" entry2="128" type="ECrel">
        <subtype name="compound" value="39"/>
    </relation>
    <relation entry1="129" entry2="128" type="ECrel">
        <subtype name="compound" value="39"/>
    </relation>
    <relation entry1="137" entry2="141" type="ECrel">
        <subtype name="compound" value="16"/>
    </relation>
    <relation entry1="141" entry2="142" type="ECrel">
        <subtype name="compound" value="45"/>
    </relation>
    <relation entry1="141" entry2="140" type="ECrel">
        <subtype name="compound" value="45"/>
    </relation>
    <relation entry1="142" entry2="140" type="ECrel">
        <subtype name="compound" value="45"/>
    </relation>
    <relation entry1="139" entry2="138" type="ECrel">
        <subtype name="compound" value="57"/>
    </relation>
    <relation entry1="139" entry2="142" type="ECrel">
        <subtype name="compound" value="57"/>
    </relation>
    <relation entry1="139" entry2="143" type="ECrel">
        <subtype name="compound" value="57"/>
    </relation>
    <relation entry1="138" entry2="142" type="ECrel">
        <subtype name="compound" value="57"/>
    </relation>
    <relation entry1="138" entry2="143" type="ECrel">
        <subtype name="compound" value="57"/>
    </relation>
    <relation entry1="142" entry2="143" type="ECrel">
        <subtype name="compound" value="57"/>
    </relation>
    <relation entry1="38" entry2="149" type="maplink">
        <subtype name="compound" value="31"/>
    </relation>
    <relation entry1="149" entry2="147" type="ECrel">
        <subtype name="compound" value="54"/>
    </relation>
    <relation entry1="149" entry2="148" type="ECrel">
        <subtype name="compound" value="54"/>
    </relation>
    <relation entry1="149" entry2="154" type="ECrel">
        <subtype name="compound" value="54"/>
    </relation>
    <relation entry1="149" entry2="155" type="ECrel">
        <subtype name="compound" value="54"/>
    </relation>
    <relation entry1="147" entry2="148" type="ECrel">
        <subtype name="compound" value="54"/>
    </relation>
    <relation entry1="147" entry2="154" type="ECrel">
        <subtype name="compound" value="54"/>
    </relation>
    <relation entry1="147" entry2="155" type="ECrel">
        <subtype name="compound" value="54"/>
    </relation>
    <relation entry1="148" entry2="154" type="ECrel">
        <subtype name="compound" value="54"/>
    </relation>
    <relation entry1="148" entry2="155" type="ECrel">
        <subtype name="compound" value="54"/>
    </relation>
    <relation entry1="154" entry2="155" type="ECrel">
        <subtype name="compound" value="54"/>
    </relation>
    <relation entry1="147" entry2="144" type="ECrel">
        <subtype name="compound" value="36"/>
    </relation>
    <relation entry1="147" entry2="145" type="ECrel">
        <subtype name="compound" value="36"/>
    </relation>
    <relation entry1="144" entry2="145" type="ECrel">
        <subtype name="compound" value="36"/>
    </relation>
    <relation entry1="155" entry2="156" type="ECrel">
        <subtype name="compound" value="20"/>
    </relation>
    <relation entry1="157" entry2="158" type="ECrel">
        <subtype name="compound" value="19"/>
    </relation>
    <relation entry1="120" entry2="193" type="ECrel">
        <subtype name="compound" value="62"/>
    </relation>
    <relation entry1="120" entry2="164" type="ECrel">
        <subtype name="compound" value="62"/>
    </relation>
    <relation entry1="120" entry2="187" type="ECrel">
        <subtype name="compound" value="62"/>
    </relation>
    <relation entry1="121" entry2="193" type="ECrel">
        <subtype name="compound" value="62"/>
    </relation>
    <relation entry1="121" entry2="164" type="ECrel">
        <subtype name="compound" value="62"/>
    </relation>
    <relation entry1="121" entry2="187" type="ECrel">
        <subtype name="compound" value="62"/>
    </relation>
    <relation entry1="193" entry2="164" type="ECrel">
        <subtype name="compound" value="62"/>
    </relation>
    <relation entry1="193" entry2="187" type="ECrel">
        <subtype name="compound" value="62"/>
    </relation>
    <relation entry1="193" entry2="119" type="ECrel">
        <subtype name="compound" value="62"/>
    </relation>
    <relation entry1="193" entry2="117" type="ECrel">
        <subtype name="compound" value="62"/>
    </relation>
    <relation entry1="126" entry2="164" type="ECrel">
        <subtype name="compound" value="62"/>
    </relation>
    <relation entry1="126" entry2="187" type="ECrel">
        <subtype name="compound" value="62"/>
    </relation>
    <relation entry1="164" entry2="187" type="ECrel">
        <subtype name="compound" value="62"/>
    </relation>
    <relation entry1="164" entry2="119" type="ECrel">
        <subtype name="compound" value="62"/>
    </relation>
    <relation entry1="164" entry2="117" type="ECrel">
        <subtype name="compound" value="62"/>
    </relation>
    <relation entry1="187" entry2="119" type="ECrel">
        <subtype name="compound" value="62"/>
    </relation>
    <relation entry1="187" entry2="117" type="ECrel">
        <subtype name="compound" value="62"/>
    </relation>
    <relation entry1="135" entry2="180" type="ECrel">
        <subtype name="compound" value="50"/>
    </relation>
    <relation entry1="135" entry2="183" type="ECrel">
        <subtype name="compound" value="50"/>
    </relation>
    <relation entry1="135" entry2="170" type="ECrel">
        <subtype name="compound" value="50"/>
    </relation>
    <relation entry1="135" entry2="192" type="ECrel">
        <subtype name="compound" value="50"/>
    </relation>
    <relation entry1="130" entry2="180" type="ECrel">
        <subtype name="compound" value="50"/>
    </relation>
    <relation entry1="130" entry2="183" type="ECrel">
        <subtype name="compound" value="50"/>
    </relation>
    <relation entry1="130" entry2="170" type="ECrel">
        <subtype name="compound" value="50"/>
    </relation>
    <relation entry1="130" entry2="192" type="ECrel">
        <subtype name="compound" value="50"/>
    </relation>
    <relation entry1="180" entry2="131" type="ECrel">
        <subtype name="compound" value="50"/>
    </relation>
    <relation entry1="180" entry2="183" type="ECrel">
        <subtype name="compound" value="50"/>
    </relation>
    <relation entry1="180" entry2="170" type="ECrel">
        <subtype name="compound" value="50"/>
    </relation>
    <relation entry1="180" entry2="137" type="ECrel">
        <subtype name="compound" value="50"/>
    </relation>
    <relation entry1="180" entry2="192" type="ECrel">
        <subtype name="compound" value="50"/>
    </relation>
    <relation entry1="180" entry2="138" type="ECrel">
        <subtype name="compound" value="50"/>
    </relation>
    <relation entry1="131" entry2="183" type="ECrel">
        <subtype name="compound" value="50"/>
    </relation>
    <relation entry1="131" entry2="170" type="ECrel">
        <subtype name="compound" value="50"/>
    </relation>
    <relation entry1="131" entry2="192" type="ECrel">
        <subtype name="compound" value="50"/>
    </relation>
    <relation entry1="183" entry2="170" type="ECrel">
        <subtype name="compound" value="50"/>
    </relation>
    <relation entry1="183" entry2="137" type="ECrel">
        <subtype name="compound" value="50"/>
    </relation>
    <relation entry1="183" entry2="192" type="ECrel">
        <subtype name="compound" value="50"/>
    </relation>
    <relation entry1="183" entry2="138" type="ECrel">
        <subtype name="compound" value="50"/>
    </relation>
    <relation entry1="170" entry2="137" type="ECrel">
        <subtype name="compound" value="50"/>
    </relation>
    <relation entry1="170" entry2="192" type="ECrel">
        <subtype name="compound" value="50"/>
    </relation>
    <relation entry1="170" entry2="138" type="ECrel">
        <subtype name="compound" value="50"/>
    </relation>
    <relation entry1="137" entry2="192" type="ECrel">
        <subtype name="compound" value="50"/>
    </relation>
    <relation entry1="149" entry2="190" type="ECrel">
        <subtype name="compound" value="54"/>
    </relation>
    <relation entry1="149" entry2="176" type="ECrel">
        <subtype name="compound" value="54"/>
    </relation>
    <relation entry1="149" entry2="191" type="ECrel">
        <subtype name="compound" value="54"/>
    </relation>
    <relation entry1="147" entry2="190" type="ECrel">
        <subtype name="compound" value="54"/>
    </relation>
    <relation entry1="147" entry2="176" type="ECrel">
        <subtype name="compound" value="54"/>
    </relation>
    <relation entry1="147" entry2="191" type="ECrel">
        <subtype name="compound" value="54"/>
    </relation>
    <relation entry1="148" entry2="190" type="ECrel">
        <subtype name="compound" value="54"/>
    </relation>
    <relation entry1="148" entry2="176" type="ECrel">
        <subtype name="compound" value="54"/>
    </relation>
    <relation entry1="148" entry2="191" type="ECrel">
        <subtype name="compound" value="54"/>
    </relation>
    <relation entry1="190" entry2="176" type="ECrel">
        <subtype name="compound" value="54"/>
    </relation>
    <relation entry1="190" entry2="154" type="ECrel">
        <subtype name="compound" value="54"/>
    </relation>
    <relation entry1="190" entry2="191" type="ECrel">
        <subtype name="compound" value="54"/>
    </relation>
    <relation entry1="190" entry2="155" type="ECrel">
        <subtype name="compound" value="54"/>
    </relation>
    <relation entry1="176" entry2="154" type="ECrel">
        <subtype name="compound" value="54"/>
    </relation>
    <relation entry1="176" entry2="191" type="ECrel">
        <subtype name="compound" value="54"/>
    </relation>
    <relation entry1="176" entry2="155" type="ECrel">
        <subtype name="compound" value="54"/>
    </relation>
    <relation entry1="154" entry2="191" type="ECrel">
        <subtype name="compound" value="54"/>
    </relation>
    <relation entry1="155" entry2="157" type="ECrel">
        <subtype name="compound" value="20"/>
    </relation>
    <relation entry1="191" entry2="156" type="ECrel">
        <subtype name="compound" value="20"/>
    </relation>
    <relation entry1="191" entry2="157" type="ECrel">
        <subtype name="compound" value="20"/>
    </relation>
    <relation entry1="156" entry2="157" type="ECrel">
        <subtype name="compound" value="20"/>
    </relation>
    <reaction id="155" name="rn:R07911" type="irreversible">
        <substrate id="54" name="cpd:C12138"/>
        <product id="20" name="cpd:C16312"/>
    </reaction>
    <reaction id="141" name="rn:R06547" type="irreversible">
        <substrate id="16" name="cpd:C12095"/>
        <product id="45" name="cpd:C12096"/>
    </reaction>
    <reaction id="138" name="rn:R06546" type="irreversible">
        <substrate id="50" name="cpd:C08604"/>
        <product id="57" name="cpd:C08639"/>
    </reaction>
    <reaction id="148" name="rn:R07879" type="irreversible">
        <substrate id="54" name="cpd:C12138"/>
        <product id="44" name="cpd:C16307"/>
    </reaction>
    <reaction id="131" name="rn:R07878" type="irreversible">
        <substrate id="50" name="cpd:C08604"/>
        <product id="43" name="cpd:C16306"/>
    </reaction>
    <reaction id="128" name="rn:R07932" type="irreversible">
        <substrate id="39" name="cpd:C12643"/>
        <product id="9" name="cpd:C16373"/>
    </reaction>
    <reaction id="158" name="rn:R07923" type="irreversible">
        <substrate id="19" name="cpd:C16313"/>
        <product id="15" name="cpd:C16354"/>
    </reaction>
    <reaction id="156" name="rn:R07912" type="irreversible">
        <substrate id="20" name="cpd:C16312"/>
        <product id="21" name="cpd:C16314"/>
    </reaction>
    <reaction id="145" name="rn:R07913" type="irreversible">
        <substrate id="36" name="cpd:C16301"/>
        <product id="51" name="cpd:C16304"/>
    </reaction>
    <reaction id="149" name="rn:R06536" type="irreversible">
        <substrate id="31" name="cpd:C05908"/>
        <product id="54" name="cpd:C12138"/>
    </reaction>
    <reaction id="147" name="rn:R07938" type="irreversible">
        <substrate id="54" name="cpd:C12138"/>
        <product id="36" name="cpd:C16301"/>
    </reaction>
    <reaction id="144" name="rn:R07886" type="irreversible">
        <substrate id="36" name="cpd:C16301"/>
        <product id="32" name="cpd:C16290"/>
    </reaction>
    <reaction id="139" name="rn:R07909" type="irreversible">
        <substrate id="47" name="cpd:C16298"/>
        <product id="57" name="cpd:C08639"/>
    </reaction>
    <reaction id="136" name="rn:R07908" type="irreversible">
        <substrate id="52" name="cpd:C05905"/>
        <product id="47" name="cpd:C16298"/>
    </reaction>
    <reaction id="132" name="rn:R06819" type="irreversible">
        <substrate id="59" name="cpd:C08620"/>
        <product id="28" name="cpd:C12646"/>
    </reaction>
    <reaction id="129" name="rn:R07885" type="irreversible">
        <substrate id="39" name="cpd:C12643"/>
        <product id="61" name="cpd:C16289"/>
    </reaction>
    <reaction id="130" name="rn:R06817" type="irreversible">
        <substrate id="50" name="cpd:C08604"/>
        <product id="39" name="cpd:C12643"/>
    </reaction>
    <reaction id="135" name="rn:R06535" type="irreversible">
        <substrate id="52" name="cpd:C05905"/>
        <product id="50" name="cpd:C08604"/>
    </reaction>
    <reaction id="140" name="rn:R07910" type="irreversible">
        <substrate id="45" name="cpd:C12096"/>
        <product id="42" name="cpd:C16299"/>
    </reaction>
    <reaction id="142" name="rn:R06545" type="irreversible">
        <substrate id="57" name="cpd:C08639"/>
        <product id="45" name="cpd:C12096"/>
    </reaction>
    <reaction id="127" name="rn:R07876" type="irreversible">
        <substrate id="8" name="cpd:C08725"/>
        <product id="40" name="cpd:C12640"/>
    </reaction>
    <reaction id="126" name="rn:R07874" type="irreversible">
        <substrate id="62" name="cpd:C12137"/>
        <product id="8" name="cpd:C08725"/>
    </reaction>
    <reaction id="124" name="rn:R06800" type="irreversible">
        <substrate id="41" name="cpd:C12641"/>
        <product id="60" name="cpd:C12647"/>
    </reaction>
    <reaction id="119" name="rn:R07877" type="irreversible">
        <substrate id="62" name="cpd:C12137"/>
        <product id="35" name="cpd:C16305"/>
    </reaction>
    <reaction id="118" name="rn:R07884" type="irreversible">
        <substrate id="34" name="cpd:C12642"/>
        <product id="53" name="cpd:C16288"/>
    </reaction>
    <reaction id="122" name="rn:R06803" type="irreversible">
        <substrate id="33" name="cpd:C12644"/>
        <product id="22" name="cpd:C12645"/>
    </reaction>
    <reaction id="120" name="rn:R06534" type="irreversible">
        <substrate id="30" name="cpd:C05904"/>
        <product id="62" name="cpd:C12137"/>
    </reaction>
    <reaction id="117" name="rn:R06801" type="irreversible">
        <substrate id="62" name="cpd:C12137"/>
        <product id="34" name="cpd:C12642"/>
    </reaction>
    <reaction id="123" name="rn:R06799" type="irreversible">
        <substrate id="40" name="cpd:C12640"/>
        <product id="41" name="cpd:C12641"/>
    </reaction>
    <reaction id="164" name="rn:R10290" type="irreversible">
        <substrate id="62" name="cpd:C12137"/>
        <product id="163" name="cpd:C20489"/>
    </reaction>
    <reaction id="170" name="rn:R10291" type="irreversible">
        <substrate id="50" name="cpd:C08604"/>
        <product id="169" name="cpd:C20490"/>
    </reaction>
    <reaction id="176" name="rn:R10292" type="irreversible">
        <substrate id="54" name="cpd:C12138"/>
        <product id="175" name="cpd:C20491"/>
    </reaction>
    <reaction id="180" name="rn:R09635" type="irreversible">
        <substrate id="50" name="cpd:C08604"/>
        <product id="181" name="cpd:C19762"/>
    </reaction>
    <reaction id="183" name="rn:R10259" type="irreversible">
        <substrate id="50" name="cpd:C08604"/>
        <product id="184" name="cpd:C20469"/>
    </reaction>
    <reaction id="187" name="rn:R10296" type="irreversible">
        <substrate id="62" name="cpd:C12137"/>
        <product id="186" name="cpd:C20495"/>
    </reaction>
    <reaction id="190" name="rn:R10297" type="irreversible">
        <substrate id="54" name="cpd:C12138"/>
        <product id="189" name="cpd:C20496"/>
    </reaction>
    <reaction id="191" name="rn:R10299" type="irreversible">
        <substrate id="54" name="cpd:C12138"/>
        <product id="20" name="cpd:C16312"/>
    </reaction>
    <reaction id="192" name="rn:R10261" type="irreversible">
        <substrate id="50" name="cpd:C08604"/>
        <product id="57" name="cpd:C08639"/>
    </reaction>
    <reaction id="193" name="rn:R10298" type="irreversible">
        <substrate id="62" name="cpd:C12137"/>
        <product id="8" name="cpd:C08725"/>
    </reaction>
</pathway>
