<?xml version="1.0"?>
<!DOCTYPE pathway SYSTEM "https://www.kegg.jp/kegg/xml/KGML_v0.7.2_.dtd">
<!-- Creation date: May 11, 2023 15:03:48 +0900 (GMT+9) -->
<pathway name="path:ko00770" org="ko" number="00770"
         title="Pantothenate and CoA biosynthesis"
         image="https://www.kegg.jp/kegg/pathway/ko/ko00770.png"
         link="https://www.kegg.jp/kegg-bin/show_pathway?ko00770">
    <entry id="10" name="cpd:C03688" type="compound"
        link="https://www.kegg.jp/dbget-bin/www_bget?C03688">
        <graphics name="C03688" fgcolor="#000000" bgcolor="#FFFFFF"
             type="circle" x="745" y="560" width="8" height="8"/>
    </entry>
    <entry id="12" name="path:ko00770" type="map"
        link="https://www.kegg.jp/dbget-bin/www_bget?ko00770">
        <graphics name="TITLE:Pantothenate and CoA biosynthesis" fgcolor="#000000" bgcolor="#FFFFFF"
             type="roundrectangle" x="190" y="58" width="300" height="25"/>
    </entry>
    <entry id="13" name="path:ko00250" type="map"
        link="https://www.kegg.jp/dbget-bin/www_bget?ko00250">
        <graphics name="Alanine, aspartate and glutamate metabolism" fgcolor="#000000" bgcolor="#FFFFFF"
             type="roundrectangle" x="202" y="587" width="127" height="34"/>
    </entry>
    <entry id="14" name="path:ko00640" type="map"
        link="https://www.kegg.jp/dbget-bin/www_bget?ko00640">
        <graphics name="Propanoate metabolism" fgcolor="#000000" bgcolor="#FFFFFF"
             type="roundrectangle" x="420" y="502" width="73" height="34"/>
    </entry>
    <entry id="15" name="path:ko00010" type="map"
        link="https://www.kegg.jp/dbget-bin/www_bget?ko00010">
        <graphics name="Glycolysis / Gluconeogenesis" fgcolor="#000000" bgcolor="#FFFFFF"
             type="roundrectangle" x="89" y="129" width="74" height="25"/>
    </entry>
    <entry id="16" name="path:ko00270" type="map"
        link="https://www.kegg.jp/dbget-bin/www_bget?ko00270">
        <graphics name="Cysteine and methionine metabolism" fgcolor="#000000" bgcolor="#FFFFFF"
             type="roundrectangle" x="821" y="358" width="138" height="34"/>
    </entry>
    <entry id="17" name="path:ko00410" type="map"
        link="https://www.kegg.jp/dbget-bin/www_bget?ko00410">
        <graphics name="beta-Alanine metabolism" fgcolor="#000000" bgcolor="#FFFFFF"
             type="roundrectangle" x="529" y="369" width="74" height="34"/>
    </entry>
    <entry id="18" name="cpd:C00022" type="compound"
        link="https://www.kegg.jp/dbget-bin/www_bget?C00022">
        <graphics name="C00022" fgcolor="#000000" bgcolor="#FFFFFF"
             type="circle" x="178" y="129" width="8" height="8"/>
    </entry>
    <entry id="19" name="cpd:C04272" type="compound"
        link="https://www.kegg.jp/dbget-bin/www_bget?C04272">
        <graphics name="C04272" fgcolor="#000000" bgcolor="#FFFFFF"
             type="circle" x="483" y="129" width="8" height="8"/>
    </entry>
    <entry id="20" name="cpd:C00141" type="compound"
        link="https://www.kegg.jp/dbget-bin/www_bget?C00141">
        <graphics name="C00141" fgcolor="#000000" bgcolor="#FFFFFF"
             type="circle" x="483" y="195" width="8" height="8"/>
    </entry>
    <entry id="21" name="cpd:C00183" type="compound"
        link="https://www.kegg.jp/dbget-bin/www_bget?C00183">
        <graphics name="C00183" fgcolor="#000000" bgcolor="#FFFFFF"
             type="circle" x="669" y="195" width="8" height="8"/>
    </entry>
    <entry id="22" name="cpd:C00966" type="compound"
        link="https://www.kegg.jp/dbget-bin/www_bget?C00966">
        <graphics name="C00966" fgcolor="#000000" bgcolor="#FFFFFF"
             type="circle" x="303" y="195" width="8" height="8"/>
    </entry>
    <entry id="23" name="cpd:C00522" type="compound"
        link="https://www.kegg.jp/dbget-bin/www_bget?C00522">
        <graphics name="C00522" fgcolor="#000000" bgcolor="#FFFFFF"
             type="circle" x="303" y="338" width="8" height="8"/>
    </entry>
    <entry id="24" name="cpd:C00864" type="compound"
        link="https://www.kegg.jp/dbget-bin/www_bget?C00864">
        <graphics name="C00864" fgcolor="#000000" bgcolor="#FFFFFF"
             type="circle" x="449" y="338" width="8" height="8"/>
    </entry>
    <entry id="25" name="cpd:C00097" type="compound"
        link="https://www.kegg.jp/dbget-bin/www_bget?C00097">
        <graphics name="C00097" fgcolor="#000000" bgcolor="#FFFFFF"
             type="circle" x="696" y="358" width="8" height="8"/>
    </entry>
    <entry id="26" name="cpd:C04352" type="compound"
        link="https://www.kegg.jp/dbget-bin/www_bget?C04352">
        <graphics name="C04352" fgcolor="#000000" bgcolor="#FFFFFF"
             type="circle" x="626" y="416" width="8" height="8"/>
    </entry>
    <entry id="27" name="cpd:C01134" type="compound"
        link="https://www.kegg.jp/dbget-bin/www_bget?C01134">
        <graphics name="C01134" fgcolor="#000000" bgcolor="#FFFFFF"
             type="circle" x="626" y="481" width="8" height="8"/>
    </entry>
    <entry id="28" name="cpd:C00882" type="compound"
        link="https://www.kegg.jp/dbget-bin/www_bget?C00882">
        <graphics name="C00882" fgcolor="#000000" bgcolor="#FFFFFF"
             type="circle" x="626" y="590" width="8" height="8"/>
    </entry>
    <entry id="29" name="cpd:C00054" type="compound"
        link="https://www.kegg.jp/dbget-bin/www_bget?C00054">
        <graphics name="C00054" fgcolor="#000000" bgcolor="#FFFFFF"
             type="circle" x="745" y="499" width="8" height="8"/>
    </entry>
    <entry id="30" name="cpd:C00229" type="compound"
        link="https://www.kegg.jp/dbget-bin/www_bget?C00229">
        <graphics name="C00229" fgcolor="#000000" bgcolor="#FFFFFF"
             type="circle" x="801" y="481" width="8" height="8"/>
    </entry>
    <entry id="31" name="cpd:C00010" type="compound"
        link="https://www.kegg.jp/dbget-bin/www_bget?C00010">
        <graphics name="C00010" fgcolor="#000000" bgcolor="#FFFFFF"
             type="circle" x="801" y="589" width="8" height="8"/>
    </entry>
    <entry id="32" name="cpd:C00831" type="compound"
        link="https://www.kegg.jp/dbget-bin/www_bget?C00831">
        <graphics name="C00831" fgcolor="#000000" bgcolor="#FFFFFF"
             type="circle" x="507" y="481" width="8" height="8"/>
    </entry>
    <entry id="33" name="cpd:C00099" type="compound"
        link="https://www.kegg.jp/dbget-bin/www_bget?C00099">
        <graphics name="C00099" fgcolor="#000000" bgcolor="#FFFFFF"
             type="circle" x="325" y="502" width="8" height="8"/>
    </entry>
    <entry id="34" name="cpd:C02642" type="compound"
        link="https://www.kegg.jp/dbget-bin/www_bget?C02642">
        <graphics name="C02642" fgcolor="#000000" bgcolor="#FFFFFF"
             type="circle" x="238" y="502" width="8" height="8"/>
    </entry>
    <entry id="35" name="cpd:C00429" type="compound"
        link="https://www.kegg.jp/dbget-bin/www_bget?C00429">
        <graphics name="C00429" fgcolor="#000000" bgcolor="#FFFFFF"
             type="circle" x="152" y="502" width="8" height="8"/>
    </entry>
    <entry id="36" name="cpd:C00106" type="compound"
        link="https://www.kegg.jp/dbget-bin/www_bget?C00106">
        <graphics name="C00106" fgcolor="#000000" bgcolor="#FFFFFF"
             type="circle" x="55" y="502" width="8" height="8"/>
    </entry>
    <entry id="37" name="cpd:C04079" type="compound"
        link="https://www.kegg.jp/dbget-bin/www_bget?C04079">
        <graphics name="C04079" fgcolor="#000000" bgcolor="#FFFFFF"
             type="circle" x="507" y="416" width="8" height="8"/>
    </entry>
    <entry id="38" name="cpd:C01053" type="compound"
        link="https://www.kegg.jp/dbget-bin/www_bget?C01053">
        <graphics name="C01053" fgcolor="#000000" bgcolor="#FFFFFF"
             type="circle" x="393" y="269" width="8" height="8"/>
    </entry>
    <entry id="39" name="cpd:C01088" type="compound"
        link="https://www.kegg.jp/dbget-bin/www_bget?C01088">
        <graphics name="C01088" fgcolor="#000000" bgcolor="#FFFFFF"
             type="circle" x="483" y="269" width="8" height="8"/>
    </entry>
    <entry id="67" name="ko:K02318 ko:K00859" type="ortholog" reaction="rn:R00130"
        link="https://www.kegg.jp/dbget-bin/www_bget?K02318+K00859">
        <graphics name="K02318..." fgcolor="#000000" bgcolor="#BFBFFF"
             type="rectangle" x="706" y="579" width="46" height="17"/>
    </entry>
    <entry id="68" name="ko:K00997" type="ortholog" reaction="rn:R01625"
        link="https://www.kegg.jp/dbget-bin/www_bget?K00997">
        <graphics name="K00997" fgcolor="#000000" bgcolor="#BFBFFF"
             type="rectangle" x="776" y="540" width="46" height="17"/>
    </entry>
    <entry id="69" name="ko:K01513 ko:K04765" type="ortholog" reaction="rn:R03036"
        link="https://www.kegg.jp/dbget-bin/www_bget?K01513+K04765">
        <graphics name="K01513..." fgcolor="#000000" bgcolor="#BFBFFF"
             type="rectangle" x="651" y="540" width="46" height="17"/>
    </entry>
    <entry id="70" name="ko:K08682" type="ortholog" reaction="rn:R01623"
        link="https://www.kegg.jp/dbget-bin/www_bget?K08682">
        <graphics name="K08682" fgcolor="#000000" bgcolor="#BFBFFF"
             type="rectangle" x="730" y="482" width="46" height="17"/>
    </entry>
    <entry id="71" name="ko:K00867 ko:K03525 ko:K09680 ko:K01947" type="ortholog" reaction="rn:R02971"
        link="https://www.kegg.jp/dbget-bin/www_bget?K00867+K03525+K09680+K01947">
        <graphics name="K00867..." fgcolor="#000000" bgcolor="#BFBFFF"
             type="rectangle" x="566" y="471" width="46" height="17"/>
    </entry>
    <entry id="72" name="ko:K01598 ko:K13038" type="ortholog" reaction="rn:R03269"
        link="https://www.kegg.jp/dbget-bin/www_bget?K01598+K13038">
        <graphics name="K01598..." fgcolor="#000000" bgcolor="#BFBFFF"
             type="rectangle" x="627" y="445" width="46" height="17"/>
    </entry>
    <entry id="74" name="ko:K00867 ko:K03525 ko:K09680 ko:K01947" type="ortholog" reaction="rn:R04391"
        link="https://www.kegg.jp/dbget-bin/www_bget?K00867+K03525+K09680+K01947">
        <graphics name="K00867..." fgcolor="#000000" bgcolor="#BFBFFF"
             type="rectangle" x="565" y="417" width="46" height="17"/>
    </entry>
    <entry id="75" name="ko:K21977 ko:K13038" type="ortholog" reaction="rn:R04231"
        link="https://www.kegg.jp/dbget-bin/www_bget?K21977+K13038">
        <graphics name="K21977..." fgcolor="#000000" bgcolor="#BFBFFF"
             type="rectangle" x="601" y="385" width="46" height="17"/>
    </entry>
    <entry id="76" name="ko:K00867 ko:K03525 ko:K09680 ko:K01947" type="ortholog" reaction="rn:R03018"
        link="https://www.kegg.jp/dbget-bin/www_bget?K00867+K03525+K09680+K01947">
        <graphics name="K00867..." fgcolor="#000000" bgcolor="#BFBFFF"
             type="rectangle" x="524" y="339" width="46" height="17"/>
    </entry>
    <entry id="77" name="ko:K01431 ko:K06016" type="ortholog" reaction="rn:R00905"
        link="https://www.kegg.jp/dbget-bin/www_bget?K01431+K06016">
        <graphics name="K01431..." fgcolor="#000000" bgcolor="#BFBFFF"
             type="rectangle" x="278" y="503" width="46" height="17"/>
    </entry>
    <entry id="78" name="ko:K01464" type="ortholog" reaction="rn:R02269"
        link="https://www.kegg.jp/dbget-bin/www_bget?K01464">
        <graphics name="K01464" fgcolor="#000000" bgcolor="#BFBFFF"
             type="rectangle" x="191" y="502" width="46" height="17"/>
    </entry>
    <entry id="79" name="ko:K00207" type="ortholog" reaction="rn:R00978"
        link="https://www.kegg.jp/dbget-bin/www_bget?K00207">
        <graphics name="K00207" fgcolor="#000000" bgcolor="#BFBFFF"
             type="rectangle" x="105" y="513" width="46" height="17"/>
    </entry>
    <entry id="80" name="ko:K17722 ko:K17723" type="ortholog" reaction="rn:R00977"
        link="https://www.kegg.jp/dbget-bin/www_bget?K17722+K17723">
        <graphics name="K17722..." fgcolor="#000000" bgcolor="#BFBFFF"
             type="rectangle" x="105" y="492" width="46" height="17"/>
    </entry>
    <entry id="81" name="ko:K01918 ko:K13799" type="ortholog" reaction="rn:R02473"
        link="https://www.kegg.jp/dbget-bin/www_bget?K01918+K13799">
        <graphics name="K01918..." fgcolor="#000000" bgcolor="#BFBFFF"
             type="rectangle" x="387" y="328" width="46" height="17"/>
    </entry>
    <entry id="82" name="ko:K00077 ko:K24263" type="ortholog" reaction="rn:R02472"
        link="https://www.kegg.jp/dbget-bin/www_bget?K00077+K24263">
        <graphics name="K00077..." fgcolor="#000000" bgcolor="#BFBFFF"
             type="rectangle" x="303" y="241" width="46" height="17"/>
    </entry>
    <entry id="83" name="ko:K00606" type="ortholog" reaction="rn:R01226"
        link="https://www.kegg.jp/dbget-bin/www_bget?K00606">
        <graphics name="K00606" fgcolor="#000000" bgcolor="#BFBFFF"
             type="rectangle" x="397" y="196" width="46" height="17"/>
    </entry>
    <entry id="85" name="ko:K01687" type="ortholog" reaction="rn:R04441"
        link="https://www.kegg.jp/dbget-bin/www_bget?K01687">
        <graphics name="K01687" fgcolor="#000000" bgcolor="#BFBFFF"
             type="rectangle" x="483" y="159" width="46" height="17"/>
    </entry>
    <entry id="86" name="ko:K00053" type="ortholog" reaction="rn:R04439"
        link="https://www.kegg.jp/dbget-bin/www_bget?K00053">
        <graphics name="K00053" fgcolor="#000000" bgcolor="#BFBFFF"
             type="rectangle" x="386" y="130" width="46" height="17"/>
    </entry>
    <entry id="87" name="ko:K01652 ko:K01653 ko:K11258" type="ortholog" reaction="rn:R00226"
        link="https://www.kegg.jp/dbget-bin/www_bget?K01652+K01653+K11258">
        <graphics name="K01652..." fgcolor="#000000" bgcolor="#BFBFFF"
             type="rectangle" x="237" y="130" width="46" height="17"/>
    </entry>
    <entry id="89" name="ko:K08069" type="ortholog" reaction="rn:R02973"
        link="https://www.kegg.jp/dbget-bin/www_bget?K08069">
        <graphics name="K08069" fgcolor="#000000" bgcolor="#BFBFFF"
             type="rectangle" x="450" y="432" width="46" height="17"/>
    </entry>
    <entry id="90" name="ko:K00826" type="ortholog" reaction="rn:R01214"
        link="https://www.kegg.jp/dbget-bin/www_bget?K00826">
        <graphics name="K00826" fgcolor="#000000" bgcolor="#BFBFFF"
             type="rectangle" x="596" y="206" width="46" height="17"/>
    </entry>
    <entry id="92" name="ko:K00954 ko:K02318 ko:K02201" type="ortholog" reaction="rn:R03035"
        link="https://www.kegg.jp/dbget-bin/www_bget?K00954+K02318+K02201">
        <graphics name="K00954..." fgcolor="#000000" bgcolor="#BFBFFF"
             type="rectangle" x="601" y="540" width="46" height="17"/>
    </entry>
    <entry id="97" name="cpd:C00049" type="compound"
        link="https://www.kegg.jp/dbget-bin/www_bget?C00049">
        <graphics name="C00049" fgcolor="#000000" bgcolor="#FFFFFF"
             type="circle" x="323" y="587" width="8" height="8"/>
    </entry>
    <entry id="98" name="ko:K01579 ko:K24264 ko:K18933 ko:K18966" type="ortholog" reaction="rn:R00489"
        link="https://www.kegg.jp/dbget-bin/www_bget?K01579+K24264+K18933+K18966">
        <graphics name="K01579..." fgcolor="#000000" bgcolor="#BFBFFF"
             type="rectangle" x="323" y="560" width="46" height="17"/>
    </entry>
    <entry id="99" name="ko:K09722" type="ortholog" reaction="rn:R09379"
        link="https://www.kegg.jp/dbget-bin/www_bget?K09722">
        <graphics name="K09722" fgcolor="#000000" bgcolor="#BFBFFF"
             type="rectangle" x="524" y="306" width="46" height="17"/>
    </entry>
    <entry id="100" name="cpd:C18911" type="compound"
        link="https://www.kegg.jp/dbget-bin/www_bget?C18911">
        <graphics name="C18911" fgcolor="#000000" bgcolor="#FFFFFF"
             type="circle" x="449" y="305" width="8" height="8"/>
    </entry>
    <entry id="101" name="ko:K06982" type="ortholog" reaction="rn:R09378"
        link="https://www.kegg.jp/dbget-bin/www_bget?K06982">
        <graphics name="K06982" fgcolor="#000000" bgcolor="#BFBFFF"
             type="rectangle" x="387" y="306" width="46" height="17"/>
    </entry>
    <entry id="102" name="cpd:C03492" type="compound"
        link="https://www.kegg.jp/dbget-bin/www_bget?C03492">
        <graphics name="C03492" fgcolor="#000000" bgcolor="#FFFFFF"
             type="circle" x="626" y="338" width="8" height="8"/>
    </entry>
    <entry id="103" name="ko:K06133" type="ortholog" reaction="rn:R01625"
        link="https://www.kegg.jp/dbget-bin/www_bget?K06133">
        <graphics name="K06133" fgcolor="#000000" bgcolor="#BFBFFF"
             type="rectangle" x="826" y="540" width="46" height="17"/>
    </entry>
    <entry id="104" name="cpd:C05944" type="compound"
        link="https://www.kegg.jp/dbget-bin/www_bget?C05944">
        <graphics name="C05944" fgcolor="#000000" bgcolor="#FFFFFF"
             type="circle" x="387" y="396" width="8" height="8"/>
    </entry>
    <entry id="107" name="ko:K01922" type="ortholog" reaction="rn:R04230"
        link="https://www.kegg.jp/dbget-bin/www_bget?K01922">
        <graphics name="K01922" fgcolor="#000000" bgcolor="#BFBFFF"
             type="rectangle" x="651" y="385" width="46" height="17"/>
    </entry>
    <entry id="108" name="cpd:C06010" type="compound"
        link="https://www.kegg.jp/dbget-bin/www_bget?C06010">
        <graphics name="C06010" fgcolor="#000000" bgcolor="#FFFFFF"
             type="circle" x="302" y="129" width="8" height="8"/>
    </entry>
    <entry id="109" name="ko:K09735" type="ortholog" reaction="rn:R12608"
        link="https://www.kegg.jp/dbget-bin/www_bget?K09735">
        <graphics name="K09735" fgcolor="#000000" bgcolor="#BFBFFF"
             type="rectangle" x="706" y="600" width="46" height="17"/>
    </entry>
    <entry id="111" name="cpd:C05665" type="compound"
        link="https://www.kegg.jp/dbget-bin/www_bget?C05665">
        <graphics name="C05665" fgcolor="#000000" bgcolor="#FFFFFF"
             type="circle" x="415" y="537" width="8" height="8"/>
    </entry>
    <entry id="113" name="cpd:C00750" type="compound"
        link="https://www.kegg.jp/dbget-bin/www_bget?C00750">
        <graphics name="C00750" fgcolor="#000000" bgcolor="#FFFFFF"
             type="circle" x="504" y="537" width="8" height="8"/>
    </entry>
    <entry id="114" name="ko:K00128" type="ortholog" reaction="rn:R00904"
        link="https://www.kegg.jp/dbget-bin/www_bget?K00128">
        <graphics name="K00128" fgcolor="#000000" bgcolor="#BFBFFF"
             type="rectangle" x="374" y="538" width="46" height="17"/>
    </entry>
    <entry id="115" name="ko:K17839 ko:K13367" type="ortholog" reaction="rn:R09076"
        link="https://www.kegg.jp/dbget-bin/www_bget?K17839+K13367">
        <graphics name="K17839..." fgcolor="#000000" bgcolor="#BFBFFF"
             type="rectangle" x="462" y="538" width="46" height="17"/>
    </entry>
    <entry id="117" name="path:ko00330" type="map"
        link="https://www.kegg.jp/dbget-bin/www_bget?ko00330">
        <graphics name="Arginine and proline metabolism" fgcolor="#000000" bgcolor="#FFFFFF"
             type="roundrectangle" x="505" y="603" width="119" height="34"/>
    </entry>
    <entry id="119" name="path:ko00240" type="map"
        link="https://www.kegg.jp/dbget-bin/www_bget?ko00240">
        <graphics name="Pyrimidine metabolism" fgcolor="#000000" bgcolor="#FFFFFF"
             type="roundrectangle" x="56" y="430" width="74" height="34"/>
    </entry>
    <relation entry1="85" entry2="86" type="ECrel">
        <subtype name="compound" value="19"/>
    </relation>
    <relation entry1="83" entry2="85" type="ECrel">
        <subtype name="compound" value="20"/>
    </relation>
    <relation entry1="85" entry2="90" type="ECrel">
        <subtype name="compound" value="20"/>
    </relation>
    <relation entry1="83" entry2="90" type="ECrel">
        <subtype name="compound" value="20"/>
    </relation>
    <relation entry1="81" entry2="82" type="ECrel">
        <subtype name="compound" value="23"/>
    </relation>
    <relation entry1="81" entry2="89" type="ECrel">
        <subtype name="compound" value="24"/>
    </relation>
    <relation entry1="76" entry2="81" type="ECrel">
        <subtype name="compound" value="24"/>
    </relation>
    <relation entry1="76" entry2="89" type="ECrel">
        <subtype name="compound" value="24"/>
    </relation>
    <relation entry1="75" entry2="76" type="ECrel">
        <subtype name="compound" value="102"/>
    </relation>
    <relation entry1="74" entry2="75" type="ECrel">
        <subtype name="compound" value="26"/>
    </relation>
    <relation entry1="72" entry2="75" type="ECrel">
        <subtype name="compound" value="26"/>
    </relation>
    <relation entry1="72" entry2="74" type="ECrel">
        <subtype name="compound" value="26"/>
    </relation>
    <relation entry1="71" entry2="89" type="ECrel">
        <subtype name="compound" value="32"/>
    </relation>
    <relation entry1="71" entry2="72" type="ECrel">
        <subtype name="compound" value="27"/>
    </relation>
    <relation entry1="72" entry2="92" type="ECrel">
        <subtype name="compound" value="27"/>
    </relation>
    <relation entry1="69" entry2="72" type="ECrel">
        <subtype name="compound" value="27"/>
    </relation>
    <relation entry1="70" entry2="72" type="ECrel">
        <subtype name="compound" value="27"/>
    </relation>
    <relation entry1="71" entry2="92" type="ECrel">
        <subtype name="compound" value="27"/>
    </relation>
    <relation entry1="69" entry2="71" type="ECrel">
        <subtype name="compound" value="27"/>
    </relation>
    <relation entry1="70" entry2="71" type="ECrel">
        <subtype name="compound" value="27"/>
    </relation>
    <relation entry1="70" entry2="92" type="ECrel">
        <subtype name="compound" value="27"/>
    </relation>
    <relation entry1="69" entry2="70" type="ECrel">
        <subtype name="compound" value="27"/>
    </relation>
    <relation entry1="68" entry2="70" type="ECrel">
        <subtype name="compound" value="10"/>
    </relation>
    <relation entry1="68" entry2="70" type="ECrel">
        <subtype name="compound" value="30"/>
    </relation>
    <relation entry1="67" entry2="68" type="ECrel">
        <subtype name="compound" value="31"/>
    </relation>
    <relation entry1="67" entry2="92" type="ECrel">
        <subtype name="compound" value="28"/>
    </relation>
    <relation entry1="67" entry2="69" type="ECrel">
        <subtype name="compound" value="28"/>
    </relation>
    <relation entry1="77" entry2="78" type="ECrel">
        <subtype name="compound" value="34"/>
    </relation>
    <relation entry1="77" entry2="81" type="ECrel">
        <subtype name="compound" value="33"/>
    </relation>
    <relation entry1="78" entry2="80" type="ECrel">
        <subtype name="compound" value="35"/>
    </relation>
    <relation entry1="78" entry2="79" type="ECrel">
        <subtype name="compound" value="35"/>
    </relation>
    <relation entry1="82" entry2="83" type="ECrel">
        <subtype name="compound" value="22"/>
    </relation>
    <relation entry1="87" entry2="15" type="maplink">
        <subtype name="compound" value="18"/>
    </relation>
    <relation entry1="75" entry2="16" type="maplink">
        <subtype name="compound" value="25"/>
    </relation>
    <relation entry1="81" entry2="14" type="maplink">
        <subtype name="compound" value="33"/>
    </relation>
    <relation entry1="77" entry2="14" type="maplink">
        <subtype name="compound" value="33"/>
    </relation>
    <relation entry1="81" entry2="17" type="maplink">
        <subtype name="compound" value="24"/>
    </relation>
    <relation entry1="76" entry2="17" type="maplink">
        <subtype name="compound" value="24"/>
    </relation>
    <relation entry1="89" entry2="17" type="maplink">
        <subtype name="compound" value="24"/>
    </relation>
    <relation entry1="77" entry2="98" type="ECrel">
        <subtype name="compound" value="33"/>
    </relation>
    <relation entry1="81" entry2="98" type="ECrel">
        <subtype name="compound" value="33"/>
    </relation>
    <relation entry1="14" entry2="98" type="maplink">
        <subtype name="compound" value="33"/>
    </relation>
    <relation entry1="13" entry2="98" type="maplink">
        <subtype name="compound" value="97"/>
    </relation>
    <relation entry1="101" entry2="99" type="ECrel">
        <subtype name="compound" value="100"/>
    </relation>
    <relation entry1="81" entry2="101" type="ECrel">
        <subtype name="compound" value="23"/>
    </relation>
    <relation entry1="101" entry2="82" type="ECrel">
        <subtype name="compound" value="23"/>
    </relation>
    <relation entry1="99" entry2="76" type="ECrel">
        <subtype name="compound" value="102"/>
    </relation>
    <relation entry1="99" entry2="75" type="ECrel">
        <subtype name="compound" value="102"/>
    </relation>
    <relation entry1="70" entry2="103" type="ECrel">
        <subtype name="compound" value="30"/>
    </relation>
    <relation entry1="103" entry2="67" type="ECrel">
        <subtype name="compound" value="31"/>
    </relation>
    <relation entry1="99" entry2="107" type="ECrel">
        <subtype name="compound" value="102"/>
    </relation>
    <relation entry1="99" entry2="17" type="maplink">
        <subtype name="compound" value="102"/>
    </relation>
    <relation entry1="76" entry2="107" type="ECrel">
        <subtype name="compound" value="102"/>
    </relation>
    <relation entry1="107" entry2="17" type="maplink">
        <subtype name="compound" value="102"/>
    </relation>
    <relation entry1="107" entry2="74" type="ECrel">
        <subtype name="compound" value="26"/>
    </relation>
    <relation entry1="107" entry2="72" type="ECrel">
        <subtype name="compound" value="26"/>
    </relation>
    <relation entry1="16" entry2="107" type="maplink">
        <subtype name="compound" value="25"/>
    </relation>
    <relation entry1="17" entry2="75" type="maplink">
        <subtype name="compound" value="102"/>
    </relation>
    <relation entry1="87" entry2="86" type="ECrel">
        <subtype name="compound" value="108"/>
    </relation>
    <relation entry1="92" entry2="109" type="ECrel">
        <subtype name="compound" value="28"/>
    </relation>
    <relation entry1="69" entry2="109" type="ECrel">
        <subtype name="compound" value="28"/>
    </relation>
    <relation entry1="109" entry2="103" type="ECrel">
        <subtype name="compound" value="31"/>
    </relation>
    <relation entry1="109" entry2="68" type="ECrel">
        <subtype name="compound" value="31"/>
    </relation>
    <relation entry1="114" entry2="14" type="maplink">
        <subtype name="compound" value="33"/>
    </relation>
    <relation entry1="114" entry2="81" type="ECrel">
        <subtype name="compound" value="33"/>
    </relation>
    <relation entry1="114" entry2="77" type="ECrel">
        <subtype name="compound" value="33"/>
    </relation>
    <relation entry1="114" entry2="98" type="ECrel">
        <subtype name="compound" value="33"/>
    </relation>
    <relation entry1="114" entry2="115" type="ECrel">
        <subtype name="compound" value="111"/>
    </relation>
    <relation entry1="115" entry2="117" type="maplink">
        <subtype name="compound" value="113"/>
    </relation>
    <relation entry1="119" entry2="80" type="maplink">
        <subtype name="compound" value="36"/>
    </relation>
    <relation entry1="119" entry2="79" type="maplink">
        <subtype name="compound" value="36"/>
    </relation>
    <reaction id="67" name="rn:R00130" type="irreversible">
        <substrate id="28" name="cpd:C00882"/>
        <product id="31" name="cpd:C00010"/>
    </reaction>
    <reaction id="68" name="rn:R01625" type="irreversible">
        <substrate id="31" name="cpd:C00010"/>
        <substrate id="10" name="cpd:C03688"/>
        <product id="30" name="cpd:C00229"/>
        <product id="29" name="cpd:C00054"/>
    </reaction>
    <reaction id="69" name="rn:R03036" type="reversible">
        <substrate id="27" name="cpd:C01134"/>
        <product id="28" name="cpd:C00882"/>
    </reaction>
    <reaction id="70" name="rn:R01623" type="irreversible">
        <substrate id="30" name="cpd:C00229"/>
        <product id="27" name="cpd:C01134"/>
        <product id="10" name="cpd:C03688"/>
    </reaction>
    <reaction id="71" name="rn:R02971" type="irreversible">
        <substrate id="32" name="cpd:C00831"/>
        <product id="27" name="cpd:C01134"/>
    </reaction>
    <reaction id="72" name="rn:R03269" type="irreversible">
        <substrate id="26" name="cpd:C04352"/>
        <product id="27" name="cpd:C01134"/>
    </reaction>
    <reaction id="74" name="rn:R04391" type="irreversible">
        <substrate id="37" name="cpd:C04079"/>
        <product id="26" name="cpd:C04352"/>
    </reaction>
    <reaction id="75" name="rn:R04231" type="irreversible">
        <substrate id="102" name="cpd:C03492"/>
        <substrate id="25" name="cpd:C00097"/>
        <product id="26" name="cpd:C04352"/>
    </reaction>
    <reaction id="76" name="rn:R03018" type="irreversible">
        <substrate id="24" name="cpd:C00864"/>
        <product id="102" name="cpd:C03492"/>
    </reaction>
    <reaction id="77" name="rn:R00905" type="irreversible">
        <substrate id="34" name="cpd:C02642"/>
        <product id="33" name="cpd:C00099"/>
    </reaction>
    <reaction id="78" name="rn:R02269" type="irreversible">
        <substrate id="35" name="cpd:C00429"/>
        <product id="34" name="cpd:C02642"/>
    </reaction>
    <reaction id="79" name="rn:R00978" type="reversible">
        <substrate id="35" name="cpd:C00429"/>
        <product id="36" name="cpd:C00106"/>
    </reaction>
    <reaction id="80" name="rn:R00977" type="reversible">
        <substrate id="35" name="cpd:C00429"/>
        <product id="36" name="cpd:C00106"/>
    </reaction>
    <reaction id="81" name="rn:R02473" type="irreversible">
        <substrate id="33" name="cpd:C00099"/>
        <substrate id="23" name="cpd:C00522"/>
        <product id="24" name="cpd:C00864"/>
    </reaction>
    <reaction id="82" name="rn:R02472" type="reversible">
        <substrate id="23" name="cpd:C00522"/>
        <product id="22" name="cpd:C00966"/>
    </reaction>
    <reaction id="83" name="rn:R01226" type="irreversible">
        <substrate id="20" name="cpd:C00141"/>
        <product id="22" name="cpd:C00966"/>
    </reaction>
    <reaction id="85" name="rn:R04441" type="irreversible">
        <substrate id="19" name="cpd:C04272"/>
        <product id="20" name="cpd:C00141"/>
    </reaction>
    <reaction id="86" name="rn:R04439" type="irreversible">
        <substrate id="108" name="cpd:C06010"/>
        <product id="19" name="cpd:C04272"/>
    </reaction>
    <reaction id="87" name="rn:R00226" type="irreversible">
        <substrate id="18" name="cpd:C00022"/>
        <product id="108" name="cpd:C06010"/>
    </reaction>
    <reaction id="89" name="rn:R02973" type="irreversible">
        <substrate id="32" name="cpd:C00831"/>
        <product id="24" name="cpd:C00864"/>
    </reaction>
    <reaction id="90" name="rn:R01214" type="reversible">
        <substrate id="21" name="cpd:C00183"/>
        <product id="20" name="cpd:C00141"/>
    </reaction>
    <reaction id="92" name="rn:R03035" type="reversible">
        <substrate id="27" name="cpd:C01134"/>
        <product id="28" name="cpd:C00882"/>
    </reaction>
    <reaction id="98" name="rn:R00489" type="irreversible">
        <substrate id="97" name="cpd:C00049"/>
        <product id="33" name="cpd:C00099"/>
    </reaction>
    <reaction id="99" name="rn:R09379" type="irreversible">
        <substrate id="100" name="cpd:C18911"/>
        <product id="102" name="cpd:C03492"/>
    </reaction>
    <reaction id="101" name="rn:R09378" type="irreversible">
        <substrate id="23" name="cpd:C00522"/>
        <product id="100" name="cpd:C18911"/>
    </reaction>
    <reaction id="103" name="rn:R01625" type="irreversible">
        <substrate id="31" name="cpd:C00010"/>
        <substrate id="10" name="cpd:C03688"/>
        <product id="30" name="cpd:C00229"/>
        <product id="29" name="cpd:C00054"/>
    </reaction>
    <reaction id="107" name="rn:R04230" type="irreversible">
        <substrate id="102" name="cpd:C03492"/>
        <substrate id="25" name="cpd:C00097"/>
        <product id="26" name="cpd:C04352"/>
    </reaction>
    <reaction id="109" name="rn:R12608" type="irreversible">
        <substrate id="28" name="cpd:C00882"/>
        <product id="31" name="cpd:C00010"/>
    </reaction>
    <reaction id="114" name="rn:R00904" type="irreversible">
        <substrate id="111" name="cpd:C05665"/>
        <product id="33" name="cpd:C00099"/>
    </reaction>
    <reaction id="115" name="rn:R09076" type="irreversible">
        <substrate id="113" name="cpd:C00750"/>
        <product id="111" name="cpd:C05665"/>
    </reaction>
</pathway>
