<?xml version="1.0"?>
<!DOCTYPE pathway SYSTEM "https://www.kegg.jp/kegg/xml/KGML_v0.7.2_.dtd">
<!-- Creation date: Aug 10, 2022 16:13:32 +0900 (GMT+9) -->
<pathway name="path:ko00960" org="ko" number="00960"
         title="Tropane, piperidine and pyridine alkaloid biosynthesis"
         image="https://www.kegg.jp/kegg/pathway/ko/ko00960.png"
         link="https://www.kegg.jp/kegg-bin/show_pathway?ko00960">
    <entry id="6" name="path:map07015" type="map"
        link="https://www.kegg.jp/dbget-bin/www_bget?map07015">
        <graphics name="Local analgesics" fgcolor="#000000" bgcolor="#FFFFFF"
             type="roundrectangle" x="184" y="606" width="92" height="25"/>
    </entry>
    <entry id="7" name="cpd:C01672" type="compound"
        link="https://www.kegg.jp/dbget-bin/www_bget?C01672">
        <graphics name="C01672" fgcolor="#000000" bgcolor="#FFFFFF"
             type="circle" x="848" y="233" width="8" height="8"/>
    </entry>
    <entry id="8" name="path:ko00400" type="map"
        link="https://www.kegg.jp/dbget-bin/www_bget?ko00400">
        <graphics name="Phenylalanine, tyrosine and tryptophan biosynthesis" fgcolor="#000000" bgcolor="#FFFFFF"
             type="roundrectangle" x="332" y="430" width="151" height="34"/>
    </entry>
    <entry id="9" name="path:ko00360" type="map"
        link="https://www.kegg.jp/dbget-bin/www_bget?ko00360">
        <graphics name="Phenylalanine metabolism" fgcolor="#000000" bgcolor="#FFFFFF"
             type="roundrectangle" x="258" y="496" width="78" height="34"/>
    </entry>
    <entry id="10" name="cpd:C10126" type="compound"
        link="https://www.kegg.jp/dbget-bin/www_bget?C10126">
        <graphics name="C10126" fgcolor="#000000" bgcolor="#FFFFFF"
             type="circle" x="699" y="531" width="8" height="8"/>
    </entry>
    <entry id="11" name="cpd:C12454" type="compound"
        link="https://www.kegg.jp/dbget-bin/www_bget?C12454">
        <graphics name="C12454" fgcolor="#000000" bgcolor="#FFFFFF"
             type="circle" x="775" y="531" width="8" height="8"/>
    </entry>
    <entry id="12" name="cpd:C06180" type="compound"
        link="https://www.kegg.jp/dbget-bin/www_bget?C06180">
        <graphics name="C06180" fgcolor="#000000" bgcolor="#FFFFFF"
             type="circle" x="775" y="456" width="8" height="8"/>
    </entry>
    <entry id="13" name="cpd:C06183" type="compound"
        link="https://www.kegg.jp/dbget-bin/www_bget?C06183">
        <graphics name="C06183" fgcolor="#000000" bgcolor="#FFFFFF"
             type="circle" x="848" y="531" width="8" height="8"/>
    </entry>
    <entry id="14" name="cpd:C06184" type="compound"
        link="https://www.kegg.jp/dbget-bin/www_bget?C06184">
        <graphics name="C06184" fgcolor="#000000" bgcolor="#FFFFFF"
             type="circle" x="938" y="456" width="8" height="8"/>
    </entry>
    <entry id="15" name="cpd:C06182" type="compound"
        link="https://www.kegg.jp/dbget-bin/www_bget?C06182">
        <graphics name="C06182" fgcolor="#000000" bgcolor="#FFFFFF"
             type="circle" x="848" y="456" width="8" height="8"/>
    </entry>
    <entry id="16" name="cpd:C06181" type="compound"
        link="https://www.kegg.jp/dbget-bin/www_bget?C06181">
        <graphics name="C06181" fgcolor="#000000" bgcolor="#FFFFFF"
             type="circle" x="848" y="384" width="8" height="8"/>
    </entry>
    <entry id="17" name="cpd:C00407" type="compound"
        link="https://www.kegg.jp/dbget-bin/www_bget?C00407">
        <graphics name="C00407" fgcolor="#000000" bgcolor="#FFFFFF"
             type="circle" x="238" y="277" width="8" height="8"/>
    </entry>
    <entry id="18" name="cpd:C06176" type="compound"
        link="https://www.kegg.jp/dbget-bin/www_bget?C06176">
        <graphics name="C06176" fgcolor="#000000" bgcolor="#FFFFFF"
             type="circle" x="198" y="233" width="8" height="8"/>
    </entry>
    <entry id="19" name="cpd:C06177" type="compound"
        link="https://www.kegg.jp/dbget-bin/www_bget?C06177">
        <graphics name="C06177" fgcolor="#000000" bgcolor="#FFFFFF"
             type="circle" x="275" y="233" width="8" height="8"/>
    </entry>
    <entry id="20" name="cpd:C12440" type="compound"
        link="https://www.kegg.jp/dbget-bin/www_bget?C12440">
        <graphics name="C12440" fgcolor="#000000" bgcolor="#FFFFFF"
             type="circle" x="352" y="233" width="8" height="8"/>
    </entry>
    <entry id="21" name="cpd:C00134" type="compound"
        link="https://www.kegg.jp/dbget-bin/www_bget?C00134">
        <graphics name="C00134" fgcolor="#000000" bgcolor="#FFFFFF"
             type="circle" x="512" y="233" width="8" height="8"/>
    </entry>
    <entry id="22" name="cpd:C06366" type="compound"
        link="https://www.kegg.jp/dbget-bin/www_bget?C06366">
        <graphics name="C06366" fgcolor="#000000" bgcolor="#FFFFFF"
             type="circle" x="431" y="233" width="8" height="8"/>
    </entry>
    <entry id="23" name="cpd:C03325" type="compound"
        link="https://www.kegg.jp/dbget-bin/www_bget?C03325">
        <graphics name="C03325" fgcolor="#000000" bgcolor="#FFFFFF"
             type="circle" x="630" y="804" width="8" height="8"/>
    </entry>
    <entry id="24" name="path:ko00330" type="map"
        link="https://www.kegg.jp/dbget-bin/www_bget?ko00330">
        <graphics name="Arginine and proline metabolism" fgcolor="#000000" bgcolor="#FFFFFF"
             type="roundrectangle" x="513" y="157" width="128" height="34"/>
    </entry>
    <entry id="25" name="path:ko00760" type="map"
        link="https://www.kegg.jp/dbget-bin/www_bget?ko00760">
        <graphics name="Nicotinate and nicotinamide metabolism" fgcolor="#000000" bgcolor="#FFFFFF"
             type="roundrectangle" x="700" y="275" width="153" height="34"/>
    </entry>
    <entry id="26" name="path:ko00960" type="map"
        link="https://www.kegg.jp/dbget-bin/www_bget?ko00960">
        <graphics name="TITLE:Tropane, piperidine and pyridine alkaloid biosynthesis" fgcolor="#000000" bgcolor="#FFFFFF"
             type="roundrectangle" x="273" y="58" width="466" height="25"/>
    </entry>
    <entry id="27" name="ko:K08081" type="ortholog" reaction="rn:R02832"
        link="https://www.kegg.jp/dbget-bin/www_bget?K08081">
        <graphics name="K08081" fgcolor="#000000" bgcolor="#BFBFFF"
             type="rectangle" x="512" y="622" width="46" height="17"/>
    </entry>
    <entry id="28" name="path:ko00300" type="map"
        link="https://www.kegg.jp/dbget-bin/www_bget?ko00300">
        <graphics name="Lysine biosynthesis" fgcolor="#000000" bgcolor="#FFFFFF"
             type="roundrectangle" x="729" y="153" width="107" height="25"/>
    </entry>
    <entry id="29" name="path:ko00780" type="map"
        link="https://www.kegg.jp/dbget-bin/www_bget?ko00780">
        <graphics name="Biotin metabolism" fgcolor="#000000" bgcolor="#FFFFFF"
             type="roundrectangle" x="729" y="182" width="107" height="25"/>
    </entry>
    <entry id="30" name="cpd:C06179" type="compound"
        link="https://www.kegg.jp/dbget-bin/www_bget?C06179">
        <graphics name="C06179" fgcolor="#000000" bgcolor="#FFFFFF"
             type="circle" x="456" y="592" width="8" height="8"/>
    </entry>
    <entry id="31" name="cpd:C12450" type="compound"
        link="https://www.kegg.jp/dbget-bin/www_bget?C12450">
        <graphics name="C12450" fgcolor="#000000" bgcolor="#FFFFFF"
             type="circle" x="93" y="804" width="8" height="8"/>
    </entry>
    <entry id="32" name="cpd:C00253" type="compound"
        link="https://www.kegg.jp/dbget-bin/www_bget?C00253">
        <graphics name="C00253" fgcolor="#000000" bgcolor="#FFFFFF"
             type="circle" x="699" y="346" width="8" height="8"/>
    </entry>
    <entry id="33" name="cpd:C12455" type="compound"
        link="https://www.kegg.jp/dbget-bin/www_bget?C12455">
        <graphics name="C12455" fgcolor="#000000" bgcolor="#FFFFFF"
             type="circle" x="848" y="319" width="8" height="8"/>
    </entry>
    <entry id="34" name="cpd:C10850" type="compound"
        link="https://www.kegg.jp/dbget-bin/www_bget?C10850">
        <graphics name="C10850" fgcolor="#000000" bgcolor="#FFFFFF"
             type="circle" x="712" y="750" width="8" height="8"/>
    </entry>
    <entry id="35" name="cpd:C06524" type="compound"
        link="https://www.kegg.jp/dbget-bin/www_bget?C06524">
        <graphics name="C06524" fgcolor="#000000" bgcolor="#FFFFFF"
             type="circle" x="571" y="531" width="8" height="8"/>
    </entry>
    <entry id="36" name="cpd:C00745" type="compound"
        link="https://www.kegg.jp/dbget-bin/www_bget?C00745">
        <graphics name="C00745" fgcolor="#000000" bgcolor="#FFFFFF"
             type="circle" x="571" y="456" width="8" height="8"/>
    </entry>
    <entry id="37" name="cpd:C12449" type="compound"
        link="https://www.kegg.jp/dbget-bin/www_bget?C12449">
        <graphics name="C12449" fgcolor="#000000" bgcolor="#FFFFFF"
             type="circle" x="93" y="723" width="8" height="8"/>
    </entry>
    <entry id="38" name="cpd:C02066" type="compound"
        link="https://www.kegg.jp/dbget-bin/www_bget?C02066">
        <graphics name="C02066" fgcolor="#000000" bgcolor="#FFFFFF"
             type="circle" x="712" y="655" width="8" height="8"/>
    </entry>
    <entry id="39" name="cpd:C12448" type="compound"
        link="https://www.kegg.jp/dbget-bin/www_bget?C12448">
        <graphics name="C12448" fgcolor="#000000" bgcolor="#FFFFFF"
             type="circle" x="93" y="551" width="8" height="8"/>
    </entry>
    <entry id="40" name="cpd:C10858" type="compound"
        link="https://www.kegg.jp/dbget-bin/www_bget?C10858">
        <graphics name="C10858" fgcolor="#000000" bgcolor="#FFFFFF"
             type="circle" x="93" y="655" width="8" height="8"/>
    </entry>
    <entry id="41" name="cpd:C06178" type="compound"
        link="https://www.kegg.jp/dbget-bin/www_bget?C06178">
        <graphics name="C06178" fgcolor="#000000" bgcolor="#FFFFFF"
             type="circle" x="512" y="384" width="8" height="8"/>
    </entry>
    <entry id="42" name="cpd:C01851" type="compound"
        link="https://www.kegg.jp/dbget-bin/www_bget?C01851">
        <graphics name="C01851" fgcolor="#000000" bgcolor="#FFFFFF"
             type="circle" x="730" y="804" width="8" height="8"/>
    </entry>
    <entry id="43" name="cpd:C01416" type="compound"
        link="https://www.kegg.jp/dbget-bin/www_bget?C01416">
        <graphics name="C01416" fgcolor="#000000" bgcolor="#FFFFFF"
             type="circle" x="191" y="551" width="8" height="8"/>
    </entry>
    <entry id="44" name="cpd:C00047" type="compound"
        link="https://www.kegg.jp/dbget-bin/www_bget?C00047">
        <graphics name="C00047" fgcolor="#000000" bgcolor="#FFFFFF"
             type="circle" x="848" y="152" width="8" height="8"/>
    </entry>
    <entry id="45" name="cpd:C01456" type="compound"
        link="https://www.kegg.jp/dbget-bin/www_bget?C01456">
        <graphics name="C01456" fgcolor="#000000" bgcolor="#FFFFFF"
             type="circle" x="414" y="592" width="8" height="8"/>
    </entry>
    <entry id="46" name="cpd:C12452" type="compound"
        link="https://www.kegg.jp/dbget-bin/www_bget?C12452">
        <graphics name="C12452" fgcolor="#000000" bgcolor="#FFFFFF"
             type="circle" x="602" y="655" width="8" height="8"/>
    </entry>
    <entry id="47" name="cpd:C02046" type="compound"
        link="https://www.kegg.jp/dbget-bin/www_bget?C02046">
        <graphics name="C02046" fgcolor="#000000" bgcolor="#FFFFFF"
             type="circle" x="530" y="804" width="8" height="8"/>
    </entry>
    <entry id="48" name="cpd:C12453" type="compound"
        link="https://www.kegg.jp/dbget-bin/www_bget?C12453">
        <graphics name="C12453" fgcolor="#000000" bgcolor="#FFFFFF"
             type="circle" x="801" y="655" width="8" height="8"/>
    </entry>
    <entry id="49" name="cpd:C00783" type="compound"
        link="https://www.kegg.jp/dbget-bin/www_bget?C00783">
        <graphics name="C00783" fgcolor="#000000" bgcolor="#FFFFFF"
             type="circle" x="512" y="592" width="8" height="8"/>
    </entry>
    <entry id="50" name="cpd:C00729" type="compound"
        link="https://www.kegg.jp/dbget-bin/www_bget?C00729">
        <graphics name="C00729" fgcolor="#000000" bgcolor="#FFFFFF"
             type="circle" x="512" y="655" width="8" height="8"/>
    </entry>
    <entry id="51" name="cpd:C00079" type="compound"
        link="https://www.kegg.jp/dbget-bin/www_bget?C00079">
        <graphics name="C00079" fgcolor="#000000" bgcolor="#FFFFFF"
             type="circle" x="330" y="496" width="8" height="8"/>
    </entry>
    <entry id="52" name="cpd:C00408" type="compound"
        link="https://www.kegg.jp/dbget-bin/www_bget?C00408">
        <graphics name="C00408" fgcolor="#000000" bgcolor="#FFFFFF"
             type="circle" x="1085" y="152" width="8" height="8"/>
    </entry>
    <entry id="53" name="cpd:C06185" type="compound"
        link="https://www.kegg.jp/dbget-bin/www_bget?C06185">
        <graphics name="C06185" fgcolor="#000000" bgcolor="#FFFFFF"
             type="circle" x="1252" y="152" width="8" height="8"/>
    </entry>
    <entry id="54" name="cpd:C02723" type="compound"
        link="https://www.kegg.jp/dbget-bin/www_bget?C02723">
        <graphics name="C02723" fgcolor="#000000" bgcolor="#FFFFFF"
             type="circle" x="512" y="319" width="8" height="8"/>
    </entry>
    <entry id="55" name="cpd:C16933" type="compound"
        link="https://www.kegg.jp/dbget-bin/www_bget?C16933">
        <graphics name="C16933" fgcolor="#000000" bgcolor="#FFFFFF"
             type="circle" x="699" y="470" width="8" height="8"/>
    </entry>
    <entry id="56" name="cpd:C16671" type="compound"
        link="https://www.kegg.jp/dbget-bin/www_bget?C16671">
        <graphics name="C16671" fgcolor="#000000" bgcolor="#FFFFFF"
             type="circle" x="699" y="407" width="8" height="8"/>
    </entry>
    <entry id="105" name="ko:K00808" type="ortholog" reaction="rn:R00018"
        link="https://www.kegg.jp/dbget-bin/www_bget?K00808">
        <graphics name="K00808" fgcolor="#000000" bgcolor="#BFBFFF"
             type="rectangle" x="477" y="233" width="46" height="17"/>
    </entry>
    <entry id="106" name="ko:K05353" type="ortholog" reaction="rn:R01153"
        link="https://www.kegg.jp/dbget-bin/www_bget?K05353">
        <graphics name="K05353" fgcolor="#000000" bgcolor="#BFBFFF"
             type="rectangle" x="512" y="290" width="46" height="17"/>
    </entry>
    <entry id="107" name="ko:K00276" type="ortholog" reaction="rn:R04027"
        link="https://www.kegg.jp/dbget-bin/www_bget?K00276">
        <graphics name="K00276" fgcolor="#000000" bgcolor="#BFBFFF"
             type="rectangle" x="512" y="344" width="46" height="17"/>
    </entry>
    <entry id="108" name="ko:K01582" type="ortholog" reaction="rn:R00462"
        link="https://www.kegg.jp/dbget-bin/www_bget?K01582">
        <graphics name="K01582" fgcolor="#000000" bgcolor="#BFBFFF"
             type="rectangle" x="849" y="186" width="46" height="17"/>
    </entry>
    <entry id="109" name="ko:K00276" type="ortholog" reaction="rn:R06740"
        link="https://www.kegg.jp/dbget-bin/www_bget?K00276">
        <graphics name="K00276" fgcolor="#000000" bgcolor="#BFBFFF"
             type="rectangle" x="849" y="290" width="46" height="17"/>
    </entry>
    <entry id="114" name="ko:K05354" type="ortholog" reaction="rn:R06734"
        link="https://www.kegg.jp/dbget-bin/www_bget?K05354">
        <graphics name="K05354" fgcolor="#000000" bgcolor="#BFBFFF"
             type="rectangle" x="712" y="622" width="46" height="17"/>
    </entry>
    <entry id="116" name="ko:K12692" type="ortholog" reaction="rn:R03812"
        link="https://www.kegg.jp/dbget-bin/www_bget?K12692">
        <graphics name="K12692" fgcolor="#000000" bgcolor="#BFBFFF"
             type="rectangle" x="573" y="805" width="46" height="17"/>
    </entry>
    <entry id="118" name="cpd:C01479" type="compound"
        link="https://www.kegg.jp/dbget-bin/www_bget?C01479">
        <graphics name="C01479" fgcolor="#000000" bgcolor="#FFFFFF"
             type="circle" x="414" y="723" width="8" height="8"/>
    </entry>
    <entry id="121" name="cpd:C10860" type="compound"
        link="https://www.kegg.jp/dbget-bin/www_bget?C10860">
        <graphics name="C10860" fgcolor="#000000" bgcolor="#FFFFFF"
             type="circle" x="330" y="804" width="8" height="8"/>
    </entry>
    <entry id="123" name="cpd:C16257" type="compound"
        link="https://www.kegg.jp/dbget-bin/www_bget?C16257">
        <graphics name="C16257" fgcolor="#000000" bgcolor="#FFFFFF"
             type="circle" x="248" y="722" width="8" height="8"/>
    </entry>
    <entry id="124" name="cpd:C05607" type="compound"
        link="https://www.kegg.jp/dbget-bin/www_bget?C05607">
        <graphics name="C05607" fgcolor="#000000" bgcolor="#FFFFFF"
             type="circle" x="330" y="655" width="8" height="8"/>
    </entry>
    <entry id="128" name="cpd:C00166" type="compound"
        link="https://www.kegg.jp/dbget-bin/www_bget?C00166">
        <graphics name="C00166" fgcolor="#000000" bgcolor="#FFFFFF"
             type="circle" x="330" y="592" width="8" height="8"/>
    </entry>
    <entry id="136" name="cpd:C16697" type="compound"
        link="https://www.kegg.jp/dbget-bin/www_bget?C16697">
        <graphics name="C16697" fgcolor="#000000" bgcolor="#FFFFFF"
             type="circle" x="1174" y="152" width="8" height="8"/>
    </entry>
    <entry id="137" name="cpd:C10173" type="compound"
        link="https://www.kegg.jp/dbget-bin/www_bget?C10173">
        <graphics name="C10173" fgcolor="#000000" bgcolor="#FFFFFF"
             type="circle" x="1174" y="228" width="8" height="8"/>
    </entry>
    <entry id="138" name="cpd:C10773" type="compound"
        link="https://www.kegg.jp/dbget-bin/www_bget?C10773">
        <graphics name="C10773" fgcolor="#000000" bgcolor="#FFFFFF"
             type="circle" x="773" y="233" width="8" height="8"/>
    </entry>
    <entry id="139" name="cpd:C18158" type="compound"
        link="https://www.kegg.jp/dbget-bin/www_bget?C18158">
        <graphics name="C18158" fgcolor="#000000" bgcolor="#FFFFFF"
             type="circle" x="927" y="233" width="8" height="8"/>
    </entry>
    <entry id="140" name="cpd:C10772" type="compound"
        link="https://www.kegg.jp/dbget-bin/www_bget?C10772">
        <graphics name="C10772" fgcolor="#000000" bgcolor="#FFFFFF"
             type="circle" x="1006" y="233" width="8" height="8"/>
    </entry>
    <entry id="141" name="cpd:C02621" type="compound"
        link="https://www.kegg.jp/dbget-bin/www_bget?C02621">
        <graphics name="C02621" fgcolor="#000000" bgcolor="#FFFFFF"
             type="circle" x="1085" y="233" width="8" height="8"/>
    </entry>
    <entry id="142" name="cpd:C15612" type="compound"
        link="https://www.kegg.jp/dbget-bin/www_bget?C15612">
        <graphics name="C15612" fgcolor="#000000" bgcolor="#FFFFFF"
             type="circle" x="106" y="233" width="8" height="8"/>
    </entry>
    <entry id="143" name="cpd:C04170" type="compound"
        link="https://www.kegg.jp/dbget-bin/www_bget?C04170">
        <graphics name="C04170" fgcolor="#000000" bgcolor="#FFFFFF"
             type="circle" x="1085" y="329" width="8" height="8"/>
    </entry>
    <entry id="144" name="cpd:C10783" type="compound"
        link="https://www.kegg.jp/dbget-bin/www_bget?C10783">
        <graphics name="C10783" fgcolor="#000000" bgcolor="#FFFFFF"
             type="circle" x="986" y="275" width="8" height="8"/>
    </entry>
    <entry id="155" name="ko:K13608" type="ortholog" reaction="rn:R07373"
        link="https://www.kegg.jp/dbget-bin/www_bget?K13608">
        <graphics name="K13608" fgcolor="#000000" bgcolor="#BFBFFF"
             type="rectangle" x="157" y="235" width="46" height="17"/>
    </entry>
    <entry id="156" name="ko:K13610" type="ortholog" reaction="rn:R04205"
        link="https://www.kegg.jp/dbget-bin/www_bget?K13610">
        <graphics name="K13610" fgcolor="#000000" bgcolor="#BFBFFF"
             type="rectangle" x="1086" y="290" width="46" height="17"/>
    </entry>
    <entry id="157" name="cpd:C10763" type="compound"
        link="https://www.kegg.jp/dbget-bin/www_bget?C10763">
        <graphics name="C10763" fgcolor="#000000" bgcolor="#FFFFFF"
             type="circle" x="986" y="329" width="8" height="8"/>
    </entry>
    <entry id="158" name="cpd:C07475" type="compound"
        link="https://www.kegg.jp/dbget-bin/www_bget?C07475">
        <graphics name="C07475" fgcolor="#000000" bgcolor="#FFFFFF"
             type="circle" x="1195" y="665" width="8" height="8"/>
    </entry>
    <entry id="159" name="cpd:C06521" type="compound"
        link="https://www.kegg.jp/dbget-bin/www_bget?C06521">
        <graphics name="C06521" fgcolor="#000000" bgcolor="#FFFFFF"
             type="circle" x="421" y="456" width="8" height="8"/>
    </entry>
    <entry id="160" name="cpd:C10157" type="compound"
        link="https://www.kegg.jp/dbget-bin/www_bget?C10157">
        <graphics name="C10157" fgcolor="#000000" bgcolor="#FFFFFF"
             type="circle" x="1195" y="531" width="8" height="8"/>
    </entry>
    <entry id="161" name="cpd:C03882" type="compound"
        link="https://www.kegg.jp/dbget-bin/www_bget?C03882">
        <graphics name="C03882" fgcolor="#000000" bgcolor="#FFFFFF"
             type="circle" x="1027" y="665" width="8" height="8"/>
    </entry>
    <entry id="162" name="cpd:C10865" type="compound"
        link="https://www.kegg.jp/dbget-bin/www_bget?C10865">
        <graphics name="C10865" fgcolor="#000000" bgcolor="#FFFFFF"
             type="circle" x="938" y="531" width="8" height="8"/>
    </entry>
    <entry id="163" name="cpd:C10171" type="compound"
        link="https://www.kegg.jp/dbget-bin/www_bget?C10171">
        <graphics name="C10171" fgcolor="#000000" bgcolor="#FFFFFF"
             type="circle" x="1111" y="665" width="8" height="8"/>
    </entry>
    <entry id="171" name="cpd:C04092" type="compound"
        link="https://www.kegg.jp/dbget-bin/www_bget?C04092">
        <graphics name="C04092" fgcolor="#000000" bgcolor="#FFFFFF"
             type="circle" x="1006" y="88" width="8" height="8"/>
    </entry>
    <entry id="172" name="cpd:C03239" type="compound"
        link="https://www.kegg.jp/dbget-bin/www_bget?C03239">
        <graphics name="C03239" fgcolor="#000000" bgcolor="#FFFFFF"
             type="circle" x="927" y="88" width="8" height="8"/>
    </entry>
    <entry id="173" name="cpd:C00450" type="compound"
        link="https://www.kegg.jp/dbget-bin/www_bget?C00450">
        <graphics name="C00450" fgcolor="#000000" bgcolor="#FFFFFF"
             type="circle" x="1006" y="152" width="8" height="8"/>
    </entry>
    <entry id="174" name="cpd:C04076" type="compound"
        link="https://www.kegg.jp/dbget-bin/www_bget?C04076">
        <graphics name="C04076" fgcolor="#000000" bgcolor="#FFFFFF"
             type="circle" x="927" y="152" width="8" height="8"/>
    </entry>
    <entry id="175" name="ko:K19064" type="ortholog" reaction="rn:R00446"
        link="https://www.kegg.jp/dbget-bin/www_bget?K19064">
        <graphics name="K19064" fgcolor="#000000" bgcolor="#BFBFFF"
             type="rectangle" x="882" y="154" width="46" height="17"/>
    </entry>
    <entry id="177" name="ko:K13609" type="ortholog" reaction="rn:R02203"
        link="https://www.kegg.jp/dbget-bin/www_bget?K13609">
        <graphics name="K13609" fgcolor="#000000" bgcolor="#BFBFFF"
             type="rectangle" x="1061" y="113" width="46" height="17"/>
    </entry>
    <entry id="178" name="ko:K19743" type="ortholog" reaction="rn:R02201 rn:R02203"
        link="https://www.kegg.jp/dbget-bin/www_bget?K19743">
        <graphics name="K19743" fgcolor="#000000" bgcolor="#BFBFFF"
             type="rectangle" x="1111" y="113" width="46" height="17"/>
    </entry>
    <entry id="180" name="ko:K18606" type="ortholog" reaction="rn:R01370 rn:R01371"
        link="https://www.kegg.jp/dbget-bin/www_bget?K18606">
        <graphics name="K18606" fgcolor="#000000" bgcolor="#BFBFFF"
             type="rectangle" x="355" y="622" width="46" height="17"/>
    </entry>
    <entry id="181" name="ko:K00815 ko:K00838" type="ortholog" reaction="rn:R00694"
        link="https://www.kegg.jp/dbget-bin/www_bget?K00815+K00838">
        <graphics name="K00815..." fgcolor="#000000" bgcolor="#BFBFFF"
             type="rectangle" x="355" y="525" width="46" height="17"/>
    </entry>
    <entry id="182" name="ko:K00832 ko:K00838" type="ortholog" reaction="rn:R00694"
        link="https://www.kegg.jp/dbget-bin/www_bget?K00832+K00838">
        <graphics name="K00832..." fgcolor="#000000" bgcolor="#BFBFFF"
             type="rectangle" x="355" y="544" width="46" height="17"/>
    </entry>
    <entry id="183" name="ko:K14455 ko:K14454 ko:K00811 ko:K00812 ko:K00813 ko:K11358 ko:K15849" type="ortholog" reaction="rn:R00694"
        link="https://www.kegg.jp/dbget-bin/www_bget?K14455+K14454+K00811+K00812+K00813+K11358+K15849">
        <graphics name="K14455..." fgcolor="#000000" bgcolor="#BFBFFF"
             type="rectangle" x="305" y="525" width="46" height="17"/>
    </entry>
    <entry id="184" name="ko:K00817" type="ortholog" reaction="rn:R00694"
        link="https://www.kegg.jp/dbget-bin/www_bget?K00817">
        <graphics name="K00817" fgcolor="#000000" bgcolor="#BFBFFF"
             type="rectangle" x="305" y="544" width="46" height="17"/>
    </entry>
    <entry id="186" name="ko:K19064" type="ortholog" reaction="rn:R02317"
        link="https://www.kegg.jp/dbget-bin/www_bget?K19064">
        <graphics name="K19064" fgcolor="#000000" bgcolor="#BFBFFF"
             type="rectangle" x="961" y="154" width="46" height="17"/>
    </entry>
    <entry id="187" name="cpd:C01746" type="compound"
        link="https://www.kegg.jp/dbget-bin/www_bget?C01746">
        <graphics name="C01746" fgcolor="#000000" bgcolor="#FFFFFF"
             type="circle" x="1026" y="531" width="8" height="8"/>
    </entry>
    <entry id="188" name="ko:K05821" type="ortholog" reaction="rn:R00692"
        link="https://www.kegg.jp/dbget-bin/www_bget?K05821">
        <graphics name="K05821" fgcolor="#000000" bgcolor="#BFBFFF"
             type="rectangle" x="330" y="563" width="46" height="17"/>
    </entry>
    <entry id="189" name="ko:K12692" type="ortholog" reaction="rn:R03737"
        link="https://www.kegg.jp/dbget-bin/www_bget?K12692">
        <graphics name="K12692" fgcolor="#000000" bgcolor="#BFBFFF"
             type="rectangle" x="673" y="805" width="46" height="17"/>
    </entry>
    <entry id="192" name="cpd:C22421" type="compound"
        link="https://www.kegg.jp/dbget-bin/www_bget?C22421">
        <graphics name="C22421" fgcolor="#000000" bgcolor="#FFFFFF"
             type="circle" x="512" y="499" width="8" height="8"/>
    </entry>
    <entry id="193" name="ko:K00660" type="ortholog" reaction="rn:R12915"
        link="https://www.kegg.jp/dbget-bin/www_bget?K00660">
        <graphics name="K00660" fgcolor="#000000" bgcolor="#BFBFFF"
             type="rectangle" x="512" y="437" width="46" height="17"/>
    </entry>
    <entry id="194" name="ko:K25581" type="ortholog" reaction="rn:R06733"
        link="https://www.kegg.jp/dbget-bin/www_bget?K25581">
        <graphics name="K25581" fgcolor="#000000" bgcolor="#BFBFFF"
             type="rectangle" x="512" y="529" width="46" height="17"/>
    </entry>
    <entry id="195" name="ko:K25583" type="ortholog" reaction="rn:R08432"
        link="https://www.kegg.jp/dbget-bin/www_bget?K25583">
        <graphics name="K25583" fgcolor="#000000" bgcolor="#BFBFFF"
             type="rectangle" x="330" y="770" width="46" height="17"/>
    </entry>
    <entry id="125" name="ko:K13607" type="ortholog" reaction="rn:R07796"
        link="https://www.kegg.jp/dbget-bin/www_bget?K13607">
        <graphics name="K13607" fgcolor="#000000" bgcolor="#BFBFFF"
             type="rectangle" x="248" y="684" width="46" height="17"/>
    </entry>
    <entry id="197" name="cpd:C22430" type="compound"
        link="https://www.kegg.jp/dbget-bin/www_bget?C22430">
        <graphics name="C22430" fgcolor="#000000" bgcolor="#FFFFFF"
             type="circle" x="330" y="723" width="8" height="8"/>
    </entry>
    <entry id="198" name="ko:K25582" type="ortholog" reaction="rn:R12916"
        link="https://www.kegg.jp/dbget-bin/www_bget?K25582">
        <graphics name="K25582" fgcolor="#000000" bgcolor="#BFBFFF"
             type="rectangle" x="330" y="684" width="46" height="17"/>
    </entry>
    <entry id="199" name="ko:K25580" type="ortholog" reaction="rn:R06738"
        link="https://www.kegg.jp/dbget-bin/www_bget?K25580">
        <graphics name="K25580" fgcolor="#000000" bgcolor="#BFBFFF"
             type="rectangle" x="571" y="483" width="46" height="17"/>
    </entry>
    <entry id="201" name="cpd:C22466" type="compound"
        link="https://www.kegg.jp/dbget-bin/www_bget?C22466">
        <graphics name="C22466" fgcolor="#000000" bgcolor="#FFFFFF"
             type="circle" x="430" y="804" width="8" height="8"/>
    </entry>
    <entry id="202" name="ko:K25584" type="ortholog" reaction="rn:R12954"
        link="https://www.kegg.jp/dbget-bin/www_bget?K25584">
        <graphics name="K25584" fgcolor="#000000" bgcolor="#BFBFFF"
             type="rectangle" x="373" y="805" width="46" height="17"/>
    </entry>
    <entry id="203" name="ko:K25998" type="ortholog" reaction="rn:R08434"
        link="https://www.kegg.jp/dbget-bin/www_bget?K25998">
        <graphics name="K25998" fgcolor="#000000" bgcolor="#BFBFFF"
             type="rectangle" x="474" y="805" width="46" height="17"/>
    </entry>
    <entry id="205" name="cpd:C01004" type="compound"
        link="https://www.kegg.jp/dbget-bin/www_bget?C01004">
        <graphics name="C01004" fgcolor="#000000" bgcolor="#FFFFFF"
             type="circle" x="631" y="531" width="8" height="8"/>
    </entry>
    <relation entry1="106" entry2="105" type="ECrel">
        <subtype name="compound" value="21"/>
    </relation>
    <relation entry1="106" entry2="107" type="ECrel">
        <subtype name="compound" value="54"/>
    </relation>
    <relation entry1="108" entry2="109" type="ECrel">
        <subtype name="compound" value="7"/>
    </relation>
    <relation entry1="114" entry2="27" type="ECrel">
        <subtype name="compound" value="49"/>
    </relation>
    <relation entry1="189" entry2="116" type="ECrel">
        <subtype name="compound" value="23"/>
    </relation>
    <relation entry1="105" entry2="24" type="maplink">
        <subtype name="compound" value="21"/>
    </relation>
    <relation entry1="106" entry2="24" type="maplink">
        <subtype name="compound" value="21"/>
    </relation>
    <relation entry1="108" entry2="29" type="maplink">
        <subtype name="compound" value="44"/>
    </relation>
    <relation entry1="108" entry2="28" type="maplink">
        <subtype name="compound" value="44"/>
    </relation>
    <relation entry1="28" entry2="29" type="maplink">
        <subtype name="compound" value="44"/>
    </relation>
    <relation entry1="8" entry2="9" type="maplink">
        <subtype name="compound" value="51"/>
    </relation>
    <relation entry1="8" entry2="183" type="maplink">
        <subtype name="compound" value="51"/>
    </relation>
    <relation entry1="8" entry2="181" type="maplink">
        <subtype name="compound" value="51"/>
    </relation>
    <relation entry1="8" entry2="182" type="maplink">
        <subtype name="compound" value="51"/>
    </relation>
    <relation entry1="8" entry2="184" type="maplink">
        <subtype name="compound" value="51"/>
    </relation>
    <relation entry1="9" entry2="183" type="maplink">
        <subtype name="compound" value="51"/>
    </relation>
    <relation entry1="9" entry2="181" type="maplink">
        <subtype name="compound" value="51"/>
    </relation>
    <relation entry1="9" entry2="182" type="maplink">
        <subtype name="compound" value="51"/>
    </relation>
    <relation entry1="9" entry2="184" type="maplink">
        <subtype name="compound" value="51"/>
    </relation>
    <relation entry1="184" entry2="180" type="ECrel">
        <subtype name="compound" value="128"/>
    </relation>
    <relation entry1="183" entry2="180" type="ECrel">
        <subtype name="compound" value="128"/>
    </relation>
    <relation entry1="181" entry2="180" type="ECrel">
        <subtype name="compound" value="128"/>
    </relation>
    <relation entry1="182" entry2="180" type="ECrel">
        <subtype name="compound" value="128"/>
    </relation>
    <relation entry1="180" entry2="125" type="ECrel">
        <subtype name="compound" value="124"/>
    </relation>
    <relation entry1="175" entry2="108" type="ECrel">
        <subtype name="compound" value="44"/>
    </relation>
    <relation entry1="175" entry2="28" type="maplink">
        <subtype name="compound" value="44"/>
    </relation>
    <relation entry1="175" entry2="29" type="maplink">
        <subtype name="compound" value="44"/>
    </relation>
    <relation entry1="188" entry2="9" type="maplink">
        <subtype name="compound" value="51"/>
    </relation>
    <relation entry1="8" entry2="188" type="maplink">
        <subtype name="compound" value="51"/>
    </relation>
    <relation entry1="188" entry2="180" type="ECrel">
        <subtype name="compound" value="128"/>
    </relation>
    <relation entry1="107" entry2="193" type="ECrel">
        <subtype name="compound" value="41"/>
    </relation>
    <relation entry1="193" entry2="194" type="ECrel">
        <subtype name="compound" value="192"/>
    </relation>
    <relation entry1="194" entry2="27" type="ECrel">
        <subtype name="compound" value="49"/>
    </relation>
    <relation entry1="194" entry2="114" type="ECrel">
        <subtype name="compound" value="49"/>
    </relation>
    <relation entry1="180" entry2="198" type="ECrel">
        <subtype name="compound" value="124"/>
    </relation>
    <relation entry1="125" entry2="198" type="ECrel">
        <subtype name="compound" value="124"/>
    </relation>
    <relation entry1="198" entry2="195" type="ECrel">
        <subtype name="compound" value="197"/>
    </relation>
    <relation entry1="195" entry2="202" type="ECrel">
        <subtype name="compound" value="121"/>
    </relation>
    <relation entry1="202" entry2="203" type="ECrel">
        <subtype name="compound" value="201"/>
    </relation>
    <relation entry1="203" entry2="116" type="ECrel">
        <subtype name="compound" value="47"/>
    </relation>
    <reaction id="108" name="rn:R00462" type="reversible">
        <substrate id="44" name="cpd:C00047"/>
        <product id="7" name="cpd:C01672"/>
    </reaction>
    <reaction id="109" name="rn:R06740" type="irreversible">
        <substrate id="7" name="cpd:C01672"/>
        <product id="33" name="cpd:C12455"/>
    </reaction>
    <reaction id="106" name="rn:R01153" type="irreversible">
        <substrate id="21" name="cpd:C00134"/>
        <product id="54" name="cpd:C02723"/>
    </reaction>
    <reaction id="105" name="rn:R00018" type="irreversible">
        <substrate id="21" name="cpd:C00134"/>
        <product id="22" name="cpd:C06366"/>
    </reaction>
    <reaction id="189" name="rn:R03737" type="irreversible">
        <substrate id="23" name="cpd:C03325"/>
        <product id="42" name="cpd:C01851"/>
    </reaction>
    <reaction id="107" name="rn:R04027" type="irreversible">
        <substrate id="54" name="cpd:C02723"/>
        <product id="41" name="cpd:C06178"/>
    </reaction>
    <reaction id="114" name="rn:R06734" type="irreversible">
        <substrate id="49" name="cpd:C00783"/>
        <product id="38" name="cpd:C02066"/>
    </reaction>
    <reaction id="27" name="rn:R02832" type="irreversible">
        <substrate id="49" name="cpd:C00783"/>
        <product id="50" name="cpd:C00729"/>
    </reaction>
    <reaction id="116" name="rn:R03812" type="irreversible">
        <substrate id="47" name="cpd:C02046"/>
        <product id="23" name="cpd:C03325"/>
    </reaction>
    <reaction id="125" name="rn:R07796" type="irreversible">
        <substrate id="124" name="cpd:C05607"/>
        <product id="123" name="cpd:C16257"/>
    </reaction>
    <reaction id="155" name="rn:R07373" type="irreversible">
        <substrate id="18" name="cpd:C06176"/>
        <product id="142" name="cpd:C15612"/>
    </reaction>
    <reaction id="156" name="rn:R04205" type="irreversible">
        <substrate id="141" name="cpd:C02621"/>
        <product id="143" name="cpd:C04170"/>
    </reaction>
    <reaction id="175" name="rn:R00446" type="irreversible">
        <substrate id="44" name="cpd:C00047"/>
        <product id="174" name="cpd:C04076"/>
    </reaction>
    <reaction id="177" name="rn:R02203" type="irreversible">
        <substrate id="171" name="cpd:C04092"/>
        <product id="52" name="cpd:C00408"/>
    </reaction>
    <reaction id="178" name="rn:R02201 rn:R02203" type="irreversible">
        <substrate id="171" name="cpd:C04092"/>
        <product id="52" name="cpd:C00408"/>
    </reaction>
    <reaction id="180" name="rn:R01370 rn:R01371" type="irreversible">
        <substrate id="128" name="cpd:C00166"/>
        <product id="124" name="cpd:C05607"/>
    </reaction>
    <reaction id="181" name="rn:R00694" type="reversible">
        <substrate id="51" name="cpd:C00079"/>
        <product id="128" name="cpd:C00166"/>
    </reaction>
    <reaction id="182" name="rn:R00694" type="reversible">
        <substrate id="51" name="cpd:C00079"/>
        <product id="128" name="cpd:C00166"/>
    </reaction>
    <reaction id="183" name="rn:R00694" type="reversible">
        <substrate id="51" name="cpd:C00079"/>
        <product id="128" name="cpd:C00166"/>
    </reaction>
    <reaction id="184" name="rn:R00694" type="reversible">
        <substrate id="51" name="cpd:C00079"/>
        <product id="128" name="cpd:C00166"/>
    </reaction>
    <reaction id="186" name="rn:R02317" type="irreversible">
        <substrate id="174" name="cpd:C04076"/>
        <product id="173" name="cpd:C00450"/>
    </reaction>
    <reaction id="188" name="rn:R00692" type="reversible">
        <substrate id="51" name="cpd:C00079"/>
        <product id="128" name="cpd:C00166"/>
    </reaction>
    <reaction id="193" name="rn:R12915" type="irreversible">
        <substrate id="41" name="cpd:C06178"/>
        <product id="192" name="cpd:C22421"/>
    </reaction>
    <reaction id="194" name="rn:R06733" type="irreversible">
        <substrate id="192" name="cpd:C22421"/>
        <product id="49" name="cpd:C00783"/>
    </reaction>
    <reaction id="195" name="rn:R08432" type="irreversible">
        <substrate id="197" name="cpd:C22430"/>
        <substrate id="50" name="cpd:C00729"/>
        <product id="121" name="cpd:C10860"/>
    </reaction>
    <reaction id="198" name="rn:R12916" type="irreversible">
        <substrate id="124" name="cpd:C05607"/>
        <product id="197" name="cpd:C22430"/>
    </reaction>
    <reaction id="199" name="rn:R06738" type="irreversible">
        <substrate id="36" name="cpd:C00745"/>
        <product id="35" name="cpd:C06524"/>
    </reaction>
    <reaction id="202" name="rn:R12954" type="irreversible">
        <substrate id="121" name="cpd:C10860"/>
        <product id="201" name="cpd:C22466"/>
    </reaction>
    <reaction id="203" name="rn:R08434" type="irreversible">
        <substrate id="201" name="cpd:C22466"/>
        <product id="47" name="cpd:C02046"/>
    </reaction>
</pathway>
