<?xml version="1.0"?>
<!DOCTYPE pathway SYSTEM "https://www.kegg.jp/kegg/xml/KGML_v0.7.2_.dtd">
<!-- Creation date: Jun 26, 2018 10:02:43 +0900 (GMT+9) -->
<pathway name="path:ko00525" org="ko" number="00525"
         title="Acarbose and validamycin biosynthesis"
         image="https://www.kegg.jp/kegg/pathway/ko/ko00525.png"
         link="https://www.kegg.jp/kegg-bin/show_pathway?ko00525">
    <entry id="6" name="path:ko00525" type="map"
        link="https://www.kegg.jp/dbget-bin/www_bget?ko00525">
        <graphics name="TITLE:Acarbose and validamycin biosynthesis" fgcolor="#000000" bgcolor="#FFFFFF"
             type="roundrectangle" x="211" y="58" width="341" height="25"/>
    </entry>
    <entry id="9" name="ko:K19969" type="ortholog" reaction="rn:R10937"
        link="https://www.kegg.jp/dbget-bin/www_bget?K19969">
        <graphics name="K19969" fgcolor="#000000" bgcolor="#BFBFFF"
             type="rectangle" x="119" y="169" width="46" height="17"/>
    </entry>
    <entry id="18" name="ko:K19979" type="ortholog" reaction="rn:R11185"
        link="https://www.kegg.jp/dbget-bin/www_bget?K19979">
        <graphics name="K19979" fgcolor="#000000" bgcolor="#BFBFFF"
             type="rectangle" x="210" y="169" width="46" height="17"/>
    </entry>
    <entry id="19" name="ko:K19974" type="ortholog" reaction="rn:R11081"
        link="https://www.kegg.jp/dbget-bin/www_bget?K19974">
        <graphics name="K19974" fgcolor="#000000" bgcolor="#BFBFFF"
             type="rectangle" x="298" y="169" width="46" height="17"/>
    </entry>
    <entry id="20" name="ko:K20424" type="ortholog" reaction="rn:R11243"
        link="https://www.kegg.jp/dbget-bin/www_bget?K20424">
        <graphics name="K20424" fgcolor="#000000" bgcolor="#BFBFFF"
             type="rectangle" x="391" y="169" width="46" height="17"/>
    </entry>
    <entry id="21" name="ko:K20425" type="ortholog" reaction="rn:R11244"
        link="https://www.kegg.jp/dbget-bin/www_bget?K20425">
        <graphics name="K20425" fgcolor="#000000" bgcolor="#BFBFFF"
             type="rectangle" x="482" y="169" width="46" height="17"/>
    </entry>
    <entry id="22" name="ko:K20439" type="ortholog" reaction="rn:R11249"
        link="https://www.kegg.jp/dbget-bin/www_bget?K20439">
        <graphics name="K20439" fgcolor="#000000" bgcolor="#BFBFFF"
             type="rectangle" x="579" y="254" width="46" height="17"/>
    </entry>
    <entry id="23" name="ko:K20427" type="ortholog" reaction="rn:R11237"
        link="https://www.kegg.jp/dbget-bin/www_bget?K20427">
        <graphics name="K20427" fgcolor="#000000" bgcolor="#BFBFFF"
             type="rectangle" x="678" y="254" width="46" height="17"/>
    </entry>
    <entry id="24" name="ko:K20440" type="ortholog" reaction="rn:R11251"
        link="https://www.kegg.jp/dbget-bin/www_bget?K20440">
        <graphics name="K20440" fgcolor="#000000" bgcolor="#BFBFFF"
             type="rectangle" x="924" y="254" width="46" height="17"/>
    </entry>
    <entry id="29" name="ko:K20427" type="ortholog" reaction="rn:R11246"
        link="https://www.kegg.jp/dbget-bin/www_bget?K20427">
        <graphics name="K20427" fgcolor="#000000" bgcolor="#BFBFFF"
             type="rectangle" x="678" y="169" width="46" height="17"/>
    </entry>
    <entry id="30" name="ko:K20430" type="ortholog" reaction="rn:R11247"
        link="https://www.kegg.jp/dbget-bin/www_bget?K20430">
        <graphics name="K20430" fgcolor="#000000" bgcolor="#BFBFFF"
             type="rectangle" x="783" y="169" width="46" height="17"/>
    </entry>
    <entry id="33" name="ko:K20431" type="ortholog" reaction="rn:R11079"
        link="https://www.kegg.jp/dbget-bin/www_bget?K20431">
        <graphics name="K20431" fgcolor="#000000" bgcolor="#BFBFFF"
             type="rectangle" x="168" y="264" width="46" height="17"/>
    </entry>
    <entry id="35" name="path:ko00030" type="map"
        link="https://www.kegg.jp/dbget-bin/www_bget?ko00030">
        <graphics name="Pentose phosphate pathway" fgcolor="#000000" bgcolor="#FFFFFF"
             type="roundrectangle" x="79" y="118" width="107" height="36"/>
    </entry>
    <entry id="36" name="ko:K20436" type="ortholog" reaction="rn:R11250"
        link="https://www.kegg.jp/dbget-bin/www_bget?K20436">
        <graphics name="K20436" fgcolor="#000000" bgcolor="#BFBFFF"
             type="rectangle" x="778" y="254" width="46" height="17"/>
    </entry>
    <entry id="37" name="ko:K20426" type="ortholog" reaction="rn:R11245"
        link="https://www.kegg.jp/dbget-bin/www_bget?K20426">
        <graphics name="K20426" fgcolor="#000000" bgcolor="#BFBFFF"
             type="rectangle" x="581" y="169" width="46" height="17"/>
    </entry>
    <entry id="38" name="cpd:C20956" type="compound"
        link="https://www.kegg.jp/dbget-bin/www_bget?C20956">
        <graphics name="C20956" fgcolor="#000000" bgcolor="#FFFFFF"
             type="circle" x="74" y="169" width="8" height="8"/>
    </entry>
    <entry id="39" name="cpd:C17692" type="compound"
        link="https://www.kegg.jp/dbget-bin/www_bget?C17692">
        <graphics name="C17692" fgcolor="#000000" bgcolor="#FFFFFF"
             type="circle" x="259" y="169" width="8" height="8"/>
    </entry>
    <entry id="40" name="cpd:C17693" type="compound"
        link="https://www.kegg.jp/dbget-bin/www_bget?C17693">
        <graphics name="C17693" fgcolor="#000000" bgcolor="#FFFFFF"
             type="circle" x="349" y="169" width="8" height="8"/>
    </entry>
    <entry id="41" name="cpd:C17698" type="compound"
        link="https://www.kegg.jp/dbget-bin/www_bget?C17698">
        <graphics name="C17698" fgcolor="#000000" bgcolor="#FFFFFF"
             type="circle" x="1004" y="254" width="8" height="8"/>
    </entry>
    <entry id="42" name="cpd:C06802" type="compound"
        link="https://www.kegg.jp/dbget-bin/www_bget?C06802">
        <graphics name="C06802" fgcolor="#000000" bgcolor="#FFFFFF"
             type="circle" x="1004" y="169" width="8" height="8"/>
    </entry>
    <entry id="43" name="cpd:C04268" type="compound"
        link="https://www.kegg.jp/dbget-bin/www_bget?C04268">
        <graphics name="C04268" fgcolor="#000000" bgcolor="#FFFFFF"
             type="circle" x="746" y="109" width="8" height="8"/>
    </entry>
    <entry id="44" name="cpd:C17691" type="compound"
        link="https://www.kegg.jp/dbget-bin/www_bget?C17691">
        <graphics name="C17691" fgcolor="#000000" bgcolor="#FFFFFF"
             type="circle" x="169" y="169" width="8" height="8"/>
    </entry>
    <entry id="45" name="cpd:C21205" type="compound"
        link="https://www.kegg.jp/dbget-bin/www_bget?C21205">
        <graphics name="C21205" fgcolor="#000000" bgcolor="#FFFFFF"
             type="circle" x="534" y="169" width="8" height="8"/>
    </entry>
    <entry id="46" name="cpd:C21209" type="compound"
        link="https://www.kegg.jp/dbget-bin/www_bget?C21209">
        <graphics name="C21209" fgcolor="#000000" bgcolor="#FFFFFF"
             type="circle" x="634" y="254" width="8" height="8"/>
    </entry>
    <entry id="47" name="cpd:C21210" type="compound"
        link="https://www.kegg.jp/dbget-bin/www_bget?C21210">
        <graphics name="C21210" fgcolor="#000000" bgcolor="#FFFFFF"
             type="circle" x="729" y="254" width="8" height="8"/>
    </entry>
    <entry id="48" name="cpd:C21211" type="compound"
        link="https://www.kegg.jp/dbget-bin/www_bget?C21211">
        <graphics name="C21211" fgcolor="#000000" bgcolor="#FFFFFF"
             type="circle" x="864" y="254" width="8" height="8"/>
    </entry>
    <entry id="49" name="cpd:C21206" type="compound"
        link="https://www.kegg.jp/dbget-bin/www_bget?C21206">
        <graphics name="C21206" fgcolor="#000000" bgcolor="#FFFFFF"
             type="circle" x="634" y="169" width="8" height="8"/>
    </entry>
    <entry id="50" name="cpd:C21208" type="compound"
        link="https://www.kegg.jp/dbget-bin/www_bget?C21208">
        <graphics name="C21208" fgcolor="#000000" bgcolor="#FFFFFF"
             type="circle" x="829" y="169" width="8" height="8"/>
    </entry>
    <entry id="51" name="cpd:C21156" type="compound"
        link="https://www.kegg.jp/dbget-bin/www_bget?C21156">
        <graphics name="C21156" fgcolor="#000000" bgcolor="#FFFFFF"
             type="circle" x="914" y="169" width="8" height="8"/>
    </entry>
    <entry id="52" name="cpd:C21204" type="compound"
        link="https://www.kegg.jp/dbget-bin/www_bget?C21204">
        <graphics name="C21204" fgcolor="#000000" bgcolor="#FFFFFF"
             type="circle" x="439" y="169" width="8" height="8"/>
    </entry>
    <entry id="53" name="cpd:C21207" type="compound"
        link="https://www.kegg.jp/dbget-bin/www_bget?C21207">
        <graphics name="C21207" fgcolor="#000000" bgcolor="#FFFFFF"
             type="circle" x="729" y="169" width="8" height="8"/>
    </entry>
    <entry id="54" name="cpd:C00103" type="compound"
        link="https://www.kegg.jp/dbget-bin/www_bget?C00103">
        <graphics name="C00103" fgcolor="#000000" bgcolor="#FFFFFF"
             type="circle" x="459" y="109" width="8" height="8"/>
    </entry>
    <entry id="55" name="cpd:C00842" type="compound"
        link="https://www.kegg.jp/dbget-bin/www_bget?C00842">
        <graphics name="C00842" fgcolor="#000000" bgcolor="#FFFFFF"
             type="circle" x="554" y="109" width="8" height="8"/>
    </entry>
    <entry id="56" name="cpd:C11907" type="compound"
        link="https://www.kegg.jp/dbget-bin/www_bget?C11907">
        <graphics name="C11907" fgcolor="#000000" bgcolor="#FFFFFF"
             type="circle" x="649" y="109" width="8" height="8"/>
    </entry>
    <entry id="60" name="path:ko00520" type="map"
        link="https://www.kegg.jp/dbget-bin/www_bget?ko00520">
        <graphics name="Amino sugar and nucleotide sugar metabolism" fgcolor="#000000" bgcolor="#FFFFFF"
             type="roundrectangle" x="328" y="108" width="156" height="36"/>
    </entry>
    <entry id="61" name="ko:K00973 ko:K23144" type="ortholog" reaction="rn:R02328"
        link="https://www.kegg.jp/dbget-bin/www_bget?K00973+K23144">
        <graphics name="K00973..." fgcolor="#000000" bgcolor="#BFBFFF"
             type="rectangle" x="498" y="109" width="46" height="17"/>
    </entry>
    <entry id="62" name="ko:K01710" type="ortholog" reaction="rn:R06513"
        link="https://www.kegg.jp/dbget-bin/www_bget?K01710">
        <graphics name="K01710" fgcolor="#000000" bgcolor="#BFBFFF"
             type="rectangle" x="598" y="109" width="46" height="17"/>
    </entry>
    <entry id="63" name="ko:K20428" type="ortholog" reaction="rn:R02773"
        link="https://www.kegg.jp/dbget-bin/www_bget?K20428">
        <graphics name="K20428" fgcolor="#000000" bgcolor="#BFBFFF"
             type="rectangle" x="693" y="109" width="46" height="17"/>
    </entry>
    <entry id="64" name="ko:K19978" type="ortholog" reaction="rn:R11184"
        link="https://www.kegg.jp/dbget-bin/www_bget?K19978">
        <graphics name="K19978" fgcolor="#000000" bgcolor="#BFBFFF"
             type="rectangle" x="958" y="209" width="46" height="17"/>
    </entry>
    <entry id="72" name="ko:K20432" type="ortholog" reaction="rn:R11233"
        link="https://www.kegg.jp/dbget-bin/www_bget?K20432">
        <graphics name="K20432" fgcolor="#000000" bgcolor="#BFBFFF"
             type="rectangle" x="259" y="362" width="46" height="17"/>
    </entry>
    <entry id="73" name="ko:K20433" type="ortholog" reaction="rn:R11234"
        link="https://www.kegg.jp/dbget-bin/www_bget?K20433">
        <graphics name="K20433" fgcolor="#000000" bgcolor="#BFBFFF"
             type="rectangle" x="433" y="362" width="46" height="17"/>
    </entry>
    <entry id="74" name="ko:K20434" type="ortholog" reaction="rn:R11236"
        link="https://www.kegg.jp/dbget-bin/www_bget?K20434">
        <graphics name="K20434" fgcolor="#000000" bgcolor="#BFBFFF"
             type="rectangle" x="573" y="362" width="48" height="17"/>
    </entry>
    <entry id="75" name="ko:K20435" type="ortholog" reaction="rn:R11238"
        link="https://www.kegg.jp/dbget-bin/www_bget?K20435">
        <graphics name="K20435" fgcolor="#000000" bgcolor="#BFBFFF"
             type="rectangle" x="663" y="362" width="46" height="17"/>
    </entry>
    <entry id="76" name="ko:K20436" type="ortholog" reaction="rn:R11497"
        link="https://www.kegg.jp/dbget-bin/www_bget?K20436">
        <graphics name="K20436" fgcolor="#000000" bgcolor="#BFBFFF"
             type="rectangle" x="778" y="362" width="46" height="17"/>
    </entry>
    <entry id="77" name="ko:K20437" type="ortholog" reaction="rn:R11240"
        link="https://www.kegg.jp/dbget-bin/www_bget?K20437">
        <graphics name="K20437" fgcolor="#000000" bgcolor="#BFBFFF"
             type="rectangle" x="868" y="362" width="46" height="17"/>
    </entry>
    <entry id="78" name="ko:K20438" type="ortholog" reaction="rn:R11241"
        link="https://www.kegg.jp/dbget-bin/www_bget?K20438">
        <graphics name="K20438" fgcolor="#000000" bgcolor="#BFBFFF"
             type="rectangle" x="952" y="362" width="46" height="17"/>
    </entry>
    <entry id="82" name="ko:K20441" type="ortholog" reaction="rn:R11253"
        link="https://www.kegg.jp/dbget-bin/www_bget?K20441">
        <graphics name="K20441" fgcolor="#000000" bgcolor="#BFBFFF"
             type="rectangle" x="168" y="390" width="46" height="17"/>
    </entry>
    <entry id="83" name="ko:K20442" type="ortholog" reaction="rn:R11254"
        link="https://www.kegg.jp/dbget-bin/www_bget?K20442">
        <graphics name="K20442" fgcolor="#000000" bgcolor="#BFBFFF"
             type="rectangle" x="213" y="432" width="46" height="17"/>
    </entry>
    <entry id="84" name="ko:K20443" type="ortholog" reaction="rn:R11255"
        link="https://www.kegg.jp/dbget-bin/www_bget?K20443">
        <graphics name="K20443" fgcolor="#000000" bgcolor="#BFBFFF"
             type="rectangle" x="432" y="432" width="46" height="17"/>
    </entry>
    <entry id="87" name="cpd:C17696" type="compound"
        link="https://www.kegg.jp/dbget-bin/www_bget?C17696">
        <graphics name="C17696" fgcolor="#000000" bgcolor="#FFFFFF"
             type="circle" x="348" y="362" width="8" height="8"/>
    </entry>
    <entry id="88" name="cpd:C12112" type="compound"
        link="https://www.kegg.jp/dbget-bin/www_bget?C12112">
        <graphics name="C12112" fgcolor="#000000" bgcolor="#FFFFFF"
             type="circle" x="1003" y="362" width="8" height="8"/>
    </entry>
    <entry id="89" name="cpd:C17700" type="compound"
        link="https://www.kegg.jp/dbget-bin/www_bget?C17700">
        <graphics name="C17700" fgcolor="#000000" bgcolor="#FFFFFF"
             type="circle" x="913" y="362" width="8" height="8"/>
    </entry>
    <entry id="90" name="cpd:C21219" type="compound"
        link="https://www.kegg.jp/dbget-bin/www_bget?C21219">
        <graphics name="C21219" fgcolor="#000000" bgcolor="#FFFFFF"
             type="circle" x="828" y="362" width="8" height="8"/>
    </entry>
    <entry id="91" name="cpd:C21249" type="compound"
        link="https://www.kegg.jp/dbget-bin/www_bget?C21249">
        <graphics name="C21249" fgcolor="#000000" bgcolor="#FFFFFF"
             type="circle" x="391" y="432" width="8" height="8"/>
    </entry>
    <entry id="92" name="cpd:C17699" type="compound"
        link="https://www.kegg.jp/dbget-bin/www_bget?C17699">
        <graphics name="C17699" fgcolor="#000000" bgcolor="#FFFFFF"
             type="circle" x="491" y="432" width="8" height="8"/>
    </entry>
    <entry id="93" name="cpd:C21247" type="compound"
        link="https://www.kegg.jp/dbget-bin/www_bget?C21247">
        <graphics name="C21247" fgcolor="#000000" bgcolor="#FFFFFF"
             type="circle" x="268" y="432" width="8" height="8"/>
    </entry>
    <entry id="94" name="cpd:C21248" type="compound"
        link="https://www.kegg.jp/dbget-bin/www_bget?C21248">
        <graphics name="C21248" fgcolor="#000000" bgcolor="#FFFFFF"
             type="circle" x="328" y="432" width="8" height="8"/>
    </entry>
    <entry id="95" name="cpd:C21218" type="compound"
        link="https://www.kegg.jp/dbget-bin/www_bget?C21218">
        <graphics name="C21218" fgcolor="#000000" bgcolor="#FFFFFF"
             type="circle" x="623" y="362" width="8" height="8"/>
    </entry>
    <entry id="96" name="cpd:C17694" type="compound"
        link="https://www.kegg.jp/dbget-bin/www_bget?C17694">
        <graphics name="C17694" fgcolor="#000000" bgcolor="#FFFFFF"
             type="circle" x="168" y="362" width="8" height="8"/>
    </entry>
    <entry id="97" name="cpd:C17695" type="compound"
        link="https://www.kegg.jp/dbget-bin/www_bget?C17695">
        <graphics name="C17695" fgcolor="#000000" bgcolor="#FFFFFF"
             type="circle" x="168" y="432" width="8" height="8"/>
    </entry>
    <entry id="98" name="cpd:C17697" type="compound"
        link="https://www.kegg.jp/dbget-bin/www_bget?C17697">
        <graphics name="C17697" fgcolor="#000000" bgcolor="#FFFFFF"
             type="circle" x="534" y="362" width="8" height="8"/>
    </entry>
    <entry id="99" name="cpd:C21293" type="compound"
        link="https://www.kegg.jp/dbget-bin/www_bget?C21293">
        <graphics name="C21293" fgcolor="#000000" bgcolor="#FFFFFF"
             type="circle" x="1003" y="431" width="8" height="8"/>
    </entry>
    <entry id="101" name="ko:K21036" type="ortholog" reaction="rn:R11340"
        link="https://www.kegg.jp/dbget-bin/www_bget?K21036">
        <graphics name="K21036" fgcolor="#000000" bgcolor="#BFBFFF"
             type="rectangle" x="1003" y="395" width="46" height="17"/>
    </entry>
    <entry id="104" name="ko:K20427" type="ortholog" reaction="rn:R11402"
        link="https://www.kegg.jp/dbget-bin/www_bget?K20427">
        <graphics name="K20427" fgcolor="#000000" bgcolor="#BFBFFF"
             type="rectangle" x="678" y="314" width="46" height="17"/>
    </entry>
    <entry id="105" name="cpd:C21367" type="compound"
        link="https://www.kegg.jp/dbget-bin/www_bget?C21367">
        <graphics name="C21367" fgcolor="#000000" bgcolor="#FFFFFF"
             type="circle" x="634" y="314" width="8" height="8"/>
    </entry>
    <entry id="106" name="cpd:C21368" type="compound"
        link="https://www.kegg.jp/dbget-bin/www_bget?C21368">
        <graphics name="C21368" fgcolor="#000000" bgcolor="#FFFFFF"
             type="circle" x="729" y="314" width="8" height="8"/>
    </entry>
    <entry id="107" name="cpd:C21216" type="compound"
        link="https://www.kegg.jp/dbget-bin/www_bget?C21216">
        <graphics name="C21216" fgcolor="#000000" bgcolor="#FFFFFF"
             type="circle" x="713" y="362" width="8" height="8"/>
    </entry>
    <entry id="108" name="cpd:C21415" type="compound"
        link="https://www.kegg.jp/dbget-bin/www_bget?C21415">
        <graphics name="C21415" fgcolor="#000000" bgcolor="#FFFFFF"
             type="circle" x="579" y="314" width="8" height="8"/>
    </entry>
    <relation entry1="35" entry2="9" type="maplink">
        <subtype name="compound" value="38"/>
    </relation>
    <relation entry1="9" entry2="18" type="ECrel">
        <subtype name="compound" value="44"/>
    </relation>
    <relation entry1="9" entry2="33" type="ECrel">
        <subtype name="compound" value="44"/>
    </relation>
    <relation entry1="18" entry2="33" type="ECrel">
        <subtype name="compound" value="44"/>
    </relation>
    <relation entry1="18" entry2="19" type="ECrel">
        <subtype name="compound" value="39"/>
    </relation>
    <relation entry1="19" entry2="20" type="ECrel">
        <subtype name="compound" value="40"/>
    </relation>
    <relation entry1="20" entry2="21" type="ECrel">
        <subtype name="compound" value="52"/>
    </relation>
    <relation entry1="21" entry2="37" type="ECrel">
        <subtype name="compound" value="45"/>
    </relation>
    <relation entry1="21" entry2="22" type="ECrel">
        <subtype name="compound" value="45"/>
    </relation>
    <relation entry1="37" entry2="22" type="ECrel">
        <subtype name="compound" value="45"/>
    </relation>
    <relation entry1="37" entry2="29" type="ECrel">
        <subtype name="compound" value="49"/>
    </relation>
    <relation entry1="29" entry2="30" type="ECrel">
        <subtype name="compound" value="53"/>
    </relation>
    <relation entry1="60" entry2="61" type="maplink">
        <subtype name="compound" value="54"/>
    </relation>
    <relation entry1="61" entry2="62" type="ECrel">
        <subtype name="compound" value="55"/>
    </relation>
    <relation entry1="62" entry2="63" type="ECrel">
        <subtype name="compound" value="56"/>
    </relation>
    <relation entry1="63" entry2="30" type="ECrel">
        <subtype name="compound" value="43"/>
    </relation>
    <relation entry1="22" entry2="23" type="ECrel">
        <subtype name="compound" value="46"/>
    </relation>
    <relation entry1="23" entry2="36" type="ECrel">
        <subtype name="compound" value="47"/>
    </relation>
    <relation entry1="36" entry2="24" type="ECrel">
        <subtype name="compound" value="48"/>
    </relation>
    <relation entry1="33" entry2="72" type="ECrel">
        <subtype name="compound" value="96"/>
    </relation>
    <relation entry1="33" entry2="82" type="ECrel">
        <subtype name="compound" value="96"/>
    </relation>
    <relation entry1="72" entry2="82" type="ECrel">
        <subtype name="compound" value="96"/>
    </relation>
    <relation entry1="72" entry2="73" type="ECrel">
        <subtype name="compound" value="87"/>
    </relation>
    <relation entry1="73" entry2="74" type="ECrel">
        <subtype name="compound" value="98"/>
    </relation>
    <relation entry1="74" entry2="75" type="ECrel">
        <subtype name="compound" value="95"/>
    </relation>
    <relation entry1="75" entry2="76" type="ECrel">
        <subtype name="compound" value="107"/>
    </relation>
    <relation entry1="76" entry2="77" type="ECrel">
        <subtype name="compound" value="90"/>
    </relation>
    <relation entry1="77" entry2="78" type="ECrel">
        <subtype name="compound" value="89"/>
    </relation>
    <relation entry1="82" entry2="83" type="ECrel">
        <subtype name="compound" value="97"/>
    </relation>
    <relation entry1="78" entry2="101" type="ECrel">
        <subtype name="compound" value="88"/>
    </relation>
    <relation entry1="104" entry2="76" type="ECrel">
        <subtype name="compound" value="106"/>
    </relation>
    <reaction id="84" name="rn:R11255" type="irreversible">
        <substrate id="91" name="cpd:C21249"/>
        <product id="92" name="cpd:C17699"/>
    </reaction>
    <reaction id="83" name="rn:R11254" type="irreversible">
        <substrate id="97" name="cpd:C17695"/>
        <product id="93" name="cpd:C21247"/>
    </reaction>
    <reaction id="82" name="rn:R11253" type="irreversible">
        <substrate id="96" name="cpd:C17694"/>
        <product id="97" name="cpd:C17695"/>
    </reaction>
    <reaction id="30" name="rn:R11247" type="irreversible">
        <substrate id="53" name="cpd:C21207"/>
        <substrate id="43" name="cpd:C04268"/>
        <product id="50" name="cpd:C21208"/>
    </reaction>
    <reaction id="29" name="rn:R11246" type="irreversible">
        <substrate id="49" name="cpd:C21206"/>
        <product id="53" name="cpd:C21207"/>
    </reaction>
    <reaction id="24" name="rn:R11251" type="irreversible">
        <substrate id="48" name="cpd:C21211"/>
        <product id="41" name="cpd:C17698"/>
    </reaction>
    <reaction id="23" name="rn:R11237" type="irreversible">
        <substrate id="46" name="cpd:C21209"/>
        <product id="47" name="cpd:C21210"/>
    </reaction>
    <reaction id="22" name="rn:R11249" type="irreversible">
        <substrate id="45" name="cpd:C21205"/>
        <product id="46" name="cpd:C21209"/>
    </reaction>
    <reaction id="21" name="rn:R11244" type="irreversible">
        <substrate id="52" name="cpd:C21204"/>
        <product id="45" name="cpd:C21205"/>
    </reaction>
    <reaction id="20" name="rn:R11243" type="irreversible">
        <substrate id="40" name="cpd:C17693"/>
        <product id="52" name="cpd:C21204"/>
    </reaction>
    <reaction id="19" name="rn:R11081" type="irreversible">
        <substrate id="39" name="cpd:C17692"/>
        <product id="40" name="cpd:C17693"/>
    </reaction>
    <reaction id="18" name="rn:R11185" type="irreversible">
        <substrate id="44" name="cpd:C17691"/>
        <product id="39" name="cpd:C17692"/>
    </reaction>
    <reaction id="78" name="rn:R11241" type="irreversible">
        <substrate id="89" name="cpd:C17700"/>
        <product id="88" name="cpd:C12112"/>
    </reaction>
    <reaction id="77" name="rn:R11240" type="irreversible">
        <substrate id="90" name="cpd:C21219"/>
        <product id="89" name="cpd:C17700"/>
    </reaction>
    <reaction id="76" name="rn:R11497" type="irreversible">
        <substrate id="107" name="cpd:C21216"/>
        <substrate id="106" name="cpd:C21368"/>
        <product id="90" name="cpd:C21219"/>
    </reaction>
    <reaction id="75" name="rn:R11238" type="irreversible">
        <substrate id="95" name="cpd:C21218"/>
        <product id="107" name="cpd:C21216"/>
    </reaction>
    <reaction id="74" name="rn:R11236" type="irreversible">
        <substrate id="98" name="cpd:C17697"/>
        <product id="95" name="cpd:C21218"/>
    </reaction>
    <reaction id="73" name="rn:R11234" type="irreversible">
        <substrate id="87" name="cpd:C17696"/>
        <product id="98" name="cpd:C17697"/>
    </reaction>
    <reaction id="72" name="rn:R11233" type="irreversible">
        <substrate id="96" name="cpd:C17694"/>
        <product id="87" name="cpd:C17696"/>
    </reaction>
    <reaction id="33" name="rn:R11079" type="irreversible">
        <substrate id="44" name="cpd:C17691"/>
        <product id="96" name="cpd:C17694"/>
    </reaction>
    <reaction id="9" name="rn:R10937" type="irreversible">
        <substrate id="38" name="cpd:C20956"/>
        <product id="44" name="cpd:C17691"/>
    </reaction>
    <reaction id="36" name="rn:R11250" type="irreversible">
        <substrate id="47" name="cpd:C21210"/>
        <product id="48" name="cpd:C21211"/>
    </reaction>
    <reaction id="37" name="rn:R11245" type="irreversible">
        <substrate id="45" name="cpd:C21205"/>
        <product id="49" name="cpd:C21206"/>
    </reaction>
    <reaction id="61" name="rn:R02328" type="irreversible">
        <substrate id="54" name="cpd:C00103"/>
        <product id="55" name="cpd:C00842"/>
    </reaction>
    <reaction id="62" name="rn:R06513" type="irreversible">
        <substrate id="55" name="cpd:C00842"/>
        <product id="56" name="cpd:C11907"/>
    </reaction>
    <reaction id="63" name="rn:R02773" type="irreversible">
        <substrate id="56" name="cpd:C11907"/>
        <product id="43" name="cpd:C04268"/>
    </reaction>
    <reaction id="64" name="rn:R11184" type="irreversible">
        <substrate id="42" name="cpd:C06802"/>
        <product id="51" name="cpd:C21156"/>
    </reaction>
    <reaction id="101" name="rn:R11340" type="irreversible">
        <substrate id="88" name="cpd:C12112"/>
        <product id="99" name="cpd:C21293"/>
    </reaction>
    <reaction id="104" name="rn:R11402" type="irreversible">
        <substrate id="105" name="cpd:C21367"/>
        <product id="106" name="cpd:C21368"/>
    </reaction>
</pathway>
