<?xml version="1.0"?>
<!DOCTYPE pathway SYSTEM "https://www.kegg.jp/kegg/xml/KGML_v0.7.2_.dtd">
<!-- Creation date: Feb 10, 2023 13:48:44 +0900 (GMT+9) -->
<pathway name="path:ko00720" org="ko" number="00720"
         title="Carbon fixation pathways in prokaryotes"
         image="https://www.kegg.jp/kegg/pathway/ko/ko00720.png"
         link="https://www.kegg.jp/kegg-bin/show_pathway?ko00720">
    <entry id="48" name="cpd:C01144" type="compound"
        link="https://www.kegg.jp/dbget-bin/www_bget?C01144">
        <graphics name="C01144" fgcolor="#000000" bgcolor="#FFFFFF"
             type="circle" x="953" y="359" width="8" height="8"/>
    </entry>
    <entry id="49" name="cpd:C00332" type="compound"
        link="https://www.kegg.jp/dbget-bin/www_bget?C00332">
        <graphics name="C00332" fgcolor="#000000" bgcolor="#FFFFFF"
             type="circle" x="953" y="229" width="8" height="8"/>
    </entry>
    <entry id="50" name="cpd:C00989" type="compound"
        link="https://www.kegg.jp/dbget-bin/www_bget?C00989">
        <graphics name="C00989" fgcolor="#000000" bgcolor="#FFFFFF"
             type="circle" x="953" y="746" width="8" height="8"/>
    </entry>
    <entry id="51" name="cpd:C00232" type="compound"
        link="https://www.kegg.jp/dbget-bin/www_bget?C00232">
        <graphics name="C00232" fgcolor="#000000" bgcolor="#FFFFFF"
             type="circle" x="953" y="875" width="8" height="8"/>
    </entry>
    <entry id="52" name="cpd:C00042" type="compound"
        link="https://www.kegg.jp/dbget-bin/www_bget?C00042">
        <graphics name="C00042" fgcolor="#000000" bgcolor="#FFFFFF"
             type="circle" x="481" y="875" width="8" height="8"/>
    </entry>
    <entry id="53" name="cpd:C00122" type="compound"
        link="https://www.kegg.jp/dbget-bin/www_bget?C00122">
        <graphics name="C00122" fgcolor="#000000" bgcolor="#FFFFFF"
             type="circle" x="241" y="875" width="8" height="8"/>
    </entry>
    <entry id="54" name="cpd:C00877" type="compound"
        link="https://www.kegg.jp/dbget-bin/www_bget?C00877">
        <graphics name="C00877" fgcolor="#000000" bgcolor="#FFFFFF"
             type="circle" x="953" y="488" width="8" height="8"/>
    </entry>
    <entry id="55" name="cpd:C11062" type="compound"
        link="https://www.kegg.jp/dbget-bin/www_bget?C11062">
        <graphics name="C11062" fgcolor="#000000" bgcolor="#FFFFFF"
             type="circle" x="953" y="617" width="8" height="8"/>
    </entry>
    <entry id="56" name="cpd:C00149" type="compound"
        link="https://www.kegg.jp/dbget-bin/www_bget?C00149">
        <graphics name="C00149" fgcolor="#000000" bgcolor="#FFFFFF"
             type="circle" x="241" y="737" width="8" height="8"/>
    </entry>
    <entry id="57" name="ko:K00626" type="ortholog" reaction="rn:R00238"
        link="https://www.kegg.jp/dbget-bin/www_bget?K00626">
        <graphics name="K00626" fgcolor="#000000" bgcolor="#BFBFFF"
             type="rectangle" x="883" y="231" width="46" height="17"/>
    </entry>
    <entry id="58" name="ko:K00169 ko:K00170 ko:K00172 ko:K00189 ko:K00171 ko:K03737" type="ortholog" reaction="rn:R01196"
        link="https://www.kegg.jp/dbget-bin/www_bget?K00169+K00170+K00172+K00189+K00171+K03737">
        <graphics name="K00169..." fgcolor="#000000" bgcolor="#BFBFFF"
             type="rectangle" x="390" y="213" width="46" height="17"/>
    </entry>
    <entry id="59" name="ko:K01007" type="ortholog" reaction="rn:R00199"
        link="https://www.kegg.jp/dbget-bin/www_bget?K01007">
        <graphics name="K01007" fgcolor="#000000" bgcolor="#BFBFFF"
             type="rectangle" x="266" y="283" width="46" height="17"/>
    </entry>
    <entry id="60" name="ko:K01595" type="ortholog" reaction="rn:R00345"
        link="https://www.kegg.jp/dbget-bin/www_bget?K01595">
        <graphics name="K01595" fgcolor="#000000" bgcolor="#BFBFFF"
             type="rectangle" x="242" y="416" width="46" height="17"/>
    </entry>
    <entry id="61" name="ko:K00024" type="ortholog" reaction="rn:R00342"
        link="https://www.kegg.jp/dbget-bin/www_bget?K00024">
        <graphics name="K00024" fgcolor="#000000" bgcolor="#BFBFFF"
             type="rectangle" x="242" y="598" width="46" height="17"/>
    </entry>
    <entry id="62" name="ko:K01676 ko:K01677 ko:K01678 ko:K01679 ko:K01675 ko:K01774" type="ortholog" reaction="rn:R01082"
        link="https://www.kegg.jp/dbget-bin/www_bget?K01676+K01677+K01678+K01679+K01675+K01774">
        <graphics name="K01676..." fgcolor="#000000" bgcolor="#BFBFFF"
             type="rectangle" x="242" y="806" width="46" height="17"/>
    </entry>
    <entry id="63" name="ko:K00239 ko:K00240 ko:K00241 ko:K00242 ko:K18859 ko:K18860 ko:K00244 ko:K00245 ko:K00246 ko:K00247 ko:K00233 ko:K25995 ko:K25996" type="ortholog" reaction="rn:R02164"
        link="https://www.kegg.jp/dbget-bin/www_bget?K00239+K00240+K00241+K00242+K18859+K18860+K00244+K00245+K00246+K00247+K00233+K25995+K25996">
        <graphics name="K00239..." fgcolor="#000000" bgcolor="#BFBFFF"
             type="rectangle" x="333" y="865" width="46" height="17"/>
    </entry>
    <entry id="64" name="ko:K01902 ko:K01903" type="ortholog" reaction="rn:R00405"
        link="https://www.kegg.jp/dbget-bin/www_bget?K01902+K01903">
        <graphics name="K01902..." fgcolor="#000000" bgcolor="#BFBFFF"
             type="rectangle" x="563" y="876" width="46" height="17"/>
    </entry>
    <entry id="65" name="ko:K15038 ko:K15017" type="ortholog" reaction="rn:R09280"
        link="https://www.kegg.jp/dbget-bin/www_bget?K15038+K15017">
        <graphics name="K15038..." fgcolor="#000000" bgcolor="#BFBFFF"
             type="rectangle" x="794" y="876" width="46" height="17"/>
    </entry>
    <entry id="66" name="ko:K14465" type="ortholog" reaction="rn:R09281"
        link="https://www.kegg.jp/dbget-bin/www_bget?K14465">
        <graphics name="K14465" fgcolor="#000000" bgcolor="#BFBFFF"
             type="rectangle" x="954" y="811" width="46" height="17"/>
    </entry>
    <entry id="67" name="ko:K14466 ko:K14467 ko:K18861 ko:K25774" type="ortholog" reaction="rn:R09279"
        link="https://www.kegg.jp/dbget-bin/www_bget?K14466+K14467+K18861+K25774">
        <graphics name="K14466..." fgcolor="#000000" bgcolor="#BFBFFF"
             type="rectangle" x="928" y="682" width="46" height="17"/>
    </entry>
    <entry id="68" name="ko:K14534" type="ortholog" reaction="rn:R10782"
        link="https://www.kegg.jp/dbget-bin/www_bget?K14534">
        <graphics name="K14534" fgcolor="#000000" bgcolor="#BFBFFF"
             type="rectangle" x="954" y="553" width="46" height="17"/>
    </entry>
    <entry id="69" name="ko:K15016" type="ortholog" reaction="rn:R03026"
        link="https://www.kegg.jp/dbget-bin/www_bget?K15016">
        <graphics name="K15016" fgcolor="#000000" bgcolor="#BFBFFF"
             type="rectangle" x="954" y="424" width="46" height="17"/>
    </entry>
    <entry id="70" name="ko:K15016" type="ortholog" reaction="rn:R01975"
        link="https://www.kegg.jp/dbget-bin/www_bget?K15016">
        <graphics name="K15016" fgcolor="#000000" bgcolor="#BFBFFF"
             type="rectangle" x="954" y="295" width="46" height="17"/>
    </entry>
    <entry id="71" name="ko:K00174 ko:K00175 ko:K00176 ko:K00177" type="ortholog" reaction="rn:R01197"
        link="https://www.kegg.jp/dbget-bin/www_bget?K00174+K00175+K00176+K00177">
        <graphics name="K00174..." fgcolor="#000000" bgcolor="#BFBFFF"
             type="rectangle" x="121" y="806" width="46" height="17"/>
    </entry>
    <entry id="72" name="ko:K00031" type="ortholog" reaction="rn:R00267"
        link="https://www.kegg.jp/dbget-bin/www_bget?K00031">
        <graphics name="K00031" fgcolor="#000000" bgcolor="#BFBFFF"
             type="rectangle" x="121" y="598" width="46" height="17"/>
    </entry>
    <entry id="73" name="ko:K01681 ko:K01682" type="ortholog" reaction="rn:R01900"
        link="https://www.kegg.jp/dbget-bin/www_bget?K01681+K01682">
        <graphics name="K01681..." fgcolor="#000000" bgcolor="#BFBFFF"
             type="rectangle" x="121" y="478" width="46" height="17"/>
    </entry>
    <entry id="74" name="ko:K01681 ko:K01682" type="ortholog" reaction="rn:R01325"
        link="https://www.kegg.jp/dbget-bin/www_bget?K01681+K01682">
        <graphics name="K01681..." fgcolor="#000000" bgcolor="#BFBFFF"
             type="rectangle" x="121" y="278" width="46" height="17"/>
    </entry>
    <entry id="75" name="ko:K01648 ko:K15230 ko:K15231" type="ortholog" reaction="rn:R00352"
        link="https://www.kegg.jp/dbget-bin/www_bget?K01648+K15230+K15231">
        <graphics name="K01648..." fgcolor="#000000" bgcolor="#BFBFFF"
             type="rectangle" x="154" y="163" width="46" height="17"/>
    </entry>
    <entry id="76" name="ko:K01895" type="ortholog" reaction="rn:R00235"
        link="https://www.kegg.jp/dbget-bin/www_bget?K01895">
        <graphics name="K01895" fgcolor="#000000" bgcolor="#BFBFFF"
             type="rectangle" x="690" y="161" width="46" height="17"/>
    </entry>
    <entry id="83" name="ko:K02160 ko:K01961 ko:K01962 ko:K01963 ko:K01964 ko:K15037 ko:K15036 ko:K18603 ko:K18604 ko:K18605" type="ortholog" reaction="rn:R00742"
        link="https://www.kegg.jp/dbget-bin/www_bget?K02160+K01961+K01962+K01963+K01964+K15037+K15036+K18603+K18604+K18605">
        <graphics name="K02160..." fgcolor="#000000" bgcolor="#BFBFFF"
             type="rectangle" x="653" y="276" width="46" height="17"/>
    </entry>
    <entry id="84" name="ko:K14468 ko:K15017" type="ortholog" reaction="rn:R00740"
        link="https://www.kegg.jp/dbget-bin/www_bget?K14468+K15017">
        <graphics name="K14468..." fgcolor="#000000" bgcolor="#BFBFFF"
             type="rectangle" x="653" y="336" width="46" height="17"/>
    </entry>
    <entry id="85" name="ko:K14468 ko:K15039" type="ortholog" reaction="rn:R09289"
        link="https://www.kegg.jp/dbget-bin/www_bget?K14468+K15039">
        <graphics name="K14468..." fgcolor="#000000" bgcolor="#BFBFFF"
             type="rectangle" x="627" y="409" width="46" height="17"/>
    </entry>
    <entry id="86" name="ko:K14469 ko:K15018" type="ortholog" reaction="rn:R09286"
        link="https://www.kegg.jp/dbget-bin/www_bget?K14469+K15018">
        <graphics name="K14469..." fgcolor="#000000" bgcolor="#BFBFFF"
             type="rectangle" x="627" y="481" width="46" height="17"/>
    </entry>
    <entry id="87" name="ko:K14469 ko:K15019" type="ortholog" reaction="rn:R03045"
        link="https://www.kegg.jp/dbget-bin/www_bget?K14469+K15019">
        <graphics name="K14469..." fgcolor="#000000" bgcolor="#BFBFFF"
             type="rectangle" x="653" y="558" width="46" height="17"/>
    </entry>
    <entry id="88" name="ko:K14469 ko:K15020" type="ortholog" reaction="rn:R00919"
        link="https://www.kegg.jp/dbget-bin/www_bget?K14469+K15020">
        <graphics name="K14469..." fgcolor="#000000" bgcolor="#BFBFFF"
             type="rectangle" x="653" y="625" width="46" height="17"/>
    </entry>
    <entry id="89" name="ko:K15052 ko:K15036 ko:K15037 ko:K01964 ko:K18603 ko:K18604 ko:K18605" type="ortholog" reaction="rn:R01859"
        link="https://www.kegg.jp/dbget-bin/www_bget?K15052+K15036+K15037+K01964+K18603+K18604+K18605">
        <graphics name="K15052..." fgcolor="#000000" bgcolor="#BFBFFF"
             type="rectangle" x="653" y="712" width="46" height="17"/>
    </entry>
    <entry id="90" name="ko:K05606" type="ortholog" reaction="rn:R02765"
        link="https://www.kegg.jp/dbget-bin/www_bget?K05606">
        <graphics name="K05606" fgcolor="#000000" bgcolor="#BFBFFF"
             type="rectangle" x="653" y="772" width="46" height="17"/>
    </entry>
    <entry id="91" name="ko:K01847 ko:K01848 ko:K01849" type="ortholog" reaction="rn:R00833"
        link="https://www.kegg.jp/dbget-bin/www_bget?K01847+K01848+K01849">
        <graphics name="K01847..." fgcolor="#000000" bgcolor="#BFBFFF"
             type="rectangle" x="653" y="830" width="46" height="17"/>
    </entry>
    <entry id="92" name="cpd:C04348" type="compound"
        link="https://www.kegg.jp/dbget-bin/www_bget?C04348">
        <graphics name="C04348" fgcolor="#000000" bgcolor="#FFFFFF"
             type="circle" x="585" y="737" width="8" height="8"/>
    </entry>
    <entry id="93" name="ko:K08691" type="ortholog" reaction="rn:R00473"
        link="https://www.kegg.jp/dbget-bin/www_bget?K08691">
        <graphics name="K08691" fgcolor="#000000" bgcolor="#BFBFFF"
             type="rectangle" x="583" y="702" width="46" height="17"/>
    </entry>
    <entry id="94" name="cpd:C00048" type="compound"
        link="https://www.kegg.jp/dbget-bin/www_bget?C00048">
        <graphics name="C00048" fgcolor="#000000" bgcolor="#FFFFFF"
             type="circle" x="539" y="678" width="8" height="8"/>
    </entry>
    <entry id="95" name="cpd:C18323" type="compound"
        link="https://www.kegg.jp/dbget-bin/www_bget?C18323">
        <graphics name="C18323" fgcolor="#000000" bgcolor="#FFFFFF"
             type="circle" x="795" y="413" width="8" height="8"/>
    </entry>
    <entry id="96" name="cpd:C06028" type="compound"
        link="https://www.kegg.jp/dbget-bin/www_bget?C06028">
        <graphics name="C06028" fgcolor="#000000" bgcolor="#FFFFFF"
             type="circle" x="795" y="541" width="8" height="8"/>
    </entry>
    <entry id="97" name="cpd:C06027" type="compound"
        link="https://www.kegg.jp/dbget-bin/www_bget?C06027">
        <graphics name="C06027" fgcolor="#000000" bgcolor="#FFFFFF"
             type="circle" x="795" y="667" width="8" height="8"/>
    </entry>
    <entry id="99" name="ko:K09709" type="ortholog" reaction="rn:R09282"
        link="https://www.kegg.jp/dbget-bin/www_bget?K09709">
        <graphics name="K09709" fgcolor="#000000" bgcolor="#BFBFFF"
             type="rectangle" x="796" y="351" width="46" height="17"/>
    </entry>
    <entry id="100" name="ko:K14470" type="ortholog" reaction="rn:R09283"
        link="https://www.kegg.jp/dbget-bin/www_bget?K14470">
        <graphics name="K14470" fgcolor="#000000" bgcolor="#BFBFFF"
             type="rectangle" x="796" y="479" width="46" height="17"/>
    </entry>
    <entry id="101" name="ko:K14449" type="ortholog" reaction="rn:R05076"
        link="https://www.kegg.jp/dbget-bin/www_bget?K14449">
        <graphics name="K14449" fgcolor="#000000" bgcolor="#BFBFFF"
             type="rectangle" x="796" y="597" width="46" height="17"/>
    </entry>
    <entry id="106" name="cpd:C00440" type="compound"
        link="https://www.kegg.jp/dbget-bin/www_bget?C00440">
        <graphics name="C00440" fgcolor="#000000" bgcolor="#FFFFFF"
             type="circle" x="450" y="370" width="8" height="8"/>
    </entry>
    <entry id="107" name="ko:K05299 ko:K15022" type="ortholog" reaction="rn:R00134"
        link="https://www.kegg.jp/dbget-bin/www_bget?K05299+K15022">
        <graphics name="K05299..." fgcolor="#000000" bgcolor="#BFBFFF"
             type="rectangle" x="327" y="497" width="46" height="17"/>
    </entry>
    <entry id="108" name="ko:K01938" type="ortholog" reaction="rn:R00943"
        link="https://www.kegg.jp/dbget-bin/www_bget?K01938">
        <graphics name="K01938" fgcolor="#000000" bgcolor="#BFBFFF"
             type="rectangle" x="502" y="608" width="46" height="17"/>
    </entry>
    <entry id="109" name="ko:K01491 ko:K01500" type="ortholog" reaction="rn:R01655"
        link="https://www.kegg.jp/dbget-bin/www_bget?K01491+K01500">
        <graphics name="K01491..." fgcolor="#000000" bgcolor="#BFBFFF"
             type="rectangle" x="451" y="567" width="46" height="17"/>
    </entry>
    <entry id="110" name="ko:K01491" type="ortholog" reaction="rn:R01220"
        link="https://www.kegg.jp/dbget-bin/www_bget?K01491">
        <graphics name="K01491" fgcolor="#000000" bgcolor="#BFBFFF"
             type="rectangle" x="451" y="490" width="46" height="17"/>
    </entry>
    <entry id="111" name="ko:K00297 ko:K25007 ko:K25008" type="ortholog" reaction="rn:R07168"
        link="https://www.kegg.jp/dbget-bin/www_bget?K00297+K25007+K25008">
        <graphics name="K00297..." fgcolor="#000000" bgcolor="#BFBFFF"
             type="rectangle" x="451" y="415" width="46" height="17"/>
    </entry>
    <entry id="112" name="ko:K00625 ko:K13788 ko:K15024" type="ortholog" reaction="rn:R00230"
        link="https://www.kegg.jp/dbget-bin/www_bget?K00625+K13788+K15024">
        <graphics name="K00625..." fgcolor="#000000" bgcolor="#BFBFFF"
             type="rectangle" x="837" y="194" width="46" height="17"/>
    </entry>
    <entry id="113" name="ko:K00925" type="ortholog" reaction="rn:R00315"
        link="https://www.kegg.jp/dbget-bin/www_bget?K00925">
        <graphics name="K00925" fgcolor="#000000" bgcolor="#BFBFFF"
             type="rectangle" x="788" y="161" width="46" height="17"/>
    </entry>
    <entry id="114" name="ko:K08691" type="ortholog" reaction="rn:R00237"
        link="https://www.kegg.jp/dbget-bin/www_bget?K08691">
        <graphics name="K08691" fgcolor="#000000" bgcolor="#BFBFFF"
             type="rectangle" x="796" y="260" width="46" height="17"/>
    </entry>
    <entry id="115" name="cpd:C01213" type="compound"
        link="https://www.kegg.jp/dbget-bin/www_bget?C01213">
        <graphics name="C01213" fgcolor="#000000" bgcolor="#FFFFFF"
             type="circle" x="652" y="810" width="8" height="8"/>
    </entry>
    <entry id="116" name="ko:K14471 ko:K14472" type="ortholog" reaction="rn:R00406"
        link="https://www.kegg.jp/dbget-bin/www_bget?K14471+K14472">
        <graphics name="K14471..." fgcolor="#000000" bgcolor="#BFBFFF"
             type="rectangle" x="563" y="844" width="46" height="17"/>
    </entry>
    <entry id="117" name="cpd:C00011" type="compound"
        link="https://www.kegg.jp/dbget-bin/www_bget?C00011">
        <graphics name="C00011" fgcolor="#000000" bgcolor="#FFFFFF"
             type="circle" x="352" y="314" width="8" height="8"/>
    </entry>
    <entry id="119" name="ko:K14471 ko:K14472" type="ortholog" reaction="rn:R00406"
        link="https://www.kegg.jp/dbget-bin/www_bget?K14471+K14472">
        <graphics name="K14471..." fgcolor="#000000" bgcolor="#BFBFFF"
             type="rectangle" x="400" y="738" width="46" height="17"/>
    </entry>
    <entry id="120" name="cpd:C00101" type="compound"
        link="https://www.kegg.jp/dbget-bin/www_bget?C00101">
        <graphics name="C00101" fgcolor="#000000" bgcolor="#FFFFFF"
             type="circle" x="549" y="370" width="8" height="8"/>
    </entry>
    <entry id="121" name="cpd:C00074" type="compound"
        link="https://www.kegg.jp/dbget-bin/www_bget?C00074">
        <graphics name="C00074" fgcolor="#000000" bgcolor="#FFFFFF"
             type="circle" x="241" y="351" width="8" height="8"/>
    </entry>
    <entry id="122" name="cpd:C00033" type="compound"
        link="https://www.kegg.jp/dbget-bin/www_bget?C00033">
        <graphics name="C00033" fgcolor="#000000" bgcolor="#FFFFFF"
             type="circle" x="736" y="160" width="8" height="8"/>
    </entry>
    <entry id="123" name="cpd:C00417" type="compound"
        link="https://www.kegg.jp/dbget-bin/www_bget?C00417">
        <graphics name="C00417" fgcolor="#000000" bgcolor="#FFFFFF"
             type="circle" x="121" y="412" width="8" height="8"/>
    </entry>
    <entry id="124" name="cpd:C00311" type="compound"
        link="https://www.kegg.jp/dbget-bin/www_bget?C00311">
        <graphics name="C00311" fgcolor="#000000" bgcolor="#FFFFFF"
             type="circle" x="121" y="539" width="8" height="8"/>
    </entry>
    <entry id="125" name="cpd:C00026" type="compound"
        link="https://www.kegg.jp/dbget-bin/www_bget?C00026">
        <graphics name="C00026" fgcolor="#000000" bgcolor="#FFFFFF"
             type="circle" x="121" y="716" width="8" height="8"/>
    </entry>
    <entry id="126" name="path:ko00710" type="map"
        link="https://www.kegg.jp/dbget-bin/www_bget?ko00710">
        <graphics name="Carbon fixation in photosynthetic organisms" fgcolor="#000000" bgcolor="#FFFFFF"
             type="roundrectangle" x="486" y="143" width="231" height="25"/>
    </entry>
    <entry id="132" name="cpd:C00288" type="compound"
        link="https://www.kegg.jp/dbget-bin/www_bget?C00288">
        <graphics name="C00288" fgcolor="#000000" bgcolor="#FFFFFF"
             type="circle" x="678" y="252" width="8" height="8"/>
    </entry>
    <entry id="133" name="cpd:C00288" type="compound"
        link="https://www.kegg.jp/dbget-bin/www_bget?C00288">
        <graphics name="C00288" fgcolor="#000000" bgcolor="#FFFFFF"
             type="circle" x="678" y="688" width="8" height="8"/>
    </entry>
    <entry id="134" name="cpd:C00011" type="compound"
        link="https://www.kegg.jp/dbget-bin/www_bget?C00011">
        <graphics name="C00011" fgcolor="#000000" bgcolor="#FFFFFF"
             type="circle" x="223" y="393" width="8" height="8"/>
    </entry>
    <entry id="135" name="cpd:C00011" type="compound"
        link="https://www.kegg.jp/dbget-bin/www_bget?C00011">
        <graphics name="C00011" fgcolor="#000000" bgcolor="#FFFFFF"
             type="circle" x="146" y="623" width="8" height="8"/>
    </entry>
    <entry id="136" name="cpd:C00011" type="compound"
        link="https://www.kegg.jp/dbget-bin/www_bget?C00011">
        <graphics name="C00011" fgcolor="#000000" bgcolor="#FFFFFF"
             type="circle" x="146" y="839" width="8" height="8"/>
    </entry>
    <entry id="137" name="path:ko00720" type="map"
        link="https://www.kegg.jp/dbget-bin/www_bget?ko00720">
        <graphics name="TITLE:Carbon fixation pathways in prokaryotes" fgcolor="#000000" bgcolor="#FFFFFF"
             type="roundrectangle" x="222" y="58" width="363" height="25"/>
    </entry>
    <entry id="138" name="cpd:C00091" type="compound"
        link="https://www.kegg.jp/dbget-bin/www_bget?C00091">
        <graphics name="C00091" fgcolor="#000000" bgcolor="#FFFFFF"
             type="circle" x="652" y="875" width="8" height="8"/>
    </entry>
    <entry id="139" name="cpd:C00024" type="compound"
        link="https://www.kegg.jp/dbget-bin/www_bget?C00024">
        <graphics name="C00024" fgcolor="#000000" bgcolor="#FFFFFF"
             type="circle" x="652" y="229" width="8" height="8"/>
    </entry>
    <entry id="140" name="cpd:C00222" type="compound"
        link="https://www.kegg.jp/dbget-bin/www_bget?C00222">
        <graphics name="C00222" fgcolor="#000000" bgcolor="#FFFFFF"
             type="circle" x="652" y="377" width="8" height="8"/>
    </entry>
    <entry id="141" name="cpd:C00894" type="compound"
        link="https://www.kegg.jp/dbget-bin/www_bget?C00894">
        <graphics name="C00894" fgcolor="#000000" bgcolor="#FFFFFF"
             type="circle" x="652" y="596" width="8" height="8"/>
    </entry>
    <entry id="142" name="cpd:C00100" type="compound"
        link="https://www.kegg.jp/dbget-bin/www_bget?C00100">
        <graphics name="C00100" fgcolor="#000000" bgcolor="#FFFFFF"
             type="circle" x="652" y="667" width="8" height="8"/>
    </entry>
    <entry id="143" name="cpd:C00083" type="compound"
        link="https://www.kegg.jp/dbget-bin/www_bget?C00083">
        <graphics name="C00083" fgcolor="#000000" bgcolor="#FFFFFF"
             type="circle" x="652" y="305" width="8" height="8"/>
    </entry>
    <entry id="144" name="cpd:C05668" type="compound"
        link="https://www.kegg.jp/dbget-bin/www_bget?C05668">
        <graphics name="C05668" fgcolor="#000000" bgcolor="#FFFFFF"
             type="circle" x="652" y="523" width="8" height="8"/>
    </entry>
    <entry id="145" name="cpd:C01011" type="compound"
        link="https://www.kegg.jp/dbget-bin/www_bget?C01011">
        <graphics name="C01011" fgcolor="#000000" bgcolor="#FFFFFF"
             type="circle" x="795" y="286" width="8" height="8"/>
    </entry>
    <entry id="146" name="cpd:C00227" type="compound"
        link="https://www.kegg.jp/dbget-bin/www_bget?C00227">
        <graphics name="C00227" fgcolor="#000000" bgcolor="#FFFFFF"
             type="circle" x="836" y="160" width="8" height="8"/>
    </entry>
    <entry id="147" name="cpd:C00036" type="compound"
        link="https://www.kegg.jp/dbget-bin/www_bget?C00036">
        <graphics name="C00036" fgcolor="#000000" bgcolor="#FFFFFF"
             type="circle" x="241" y="474" width="8" height="8"/>
    </entry>
    <entry id="148" name="cpd:C00022" type="compound"
        link="https://www.kegg.jp/dbget-bin/www_bget?C00022">
        <graphics name="C00022" fgcolor="#000000" bgcolor="#FFFFFF"
             type="circle" x="241" y="224" width="8" height="8"/>
    </entry>
    <entry id="149" name="cpd:C00022" type="compound"
        link="https://www.kegg.jp/dbget-bin/www_bget?C00022">
        <graphics name="C00022" fgcolor="#000000" bgcolor="#FFFFFF"
             type="circle" x="744" y="275" width="8" height="8"/>
    </entry>
    <entry id="150" name="cpd:C00445" type="compound"
        link="https://www.kegg.jp/dbget-bin/www_bget?C00445">
        <graphics name="C00445" fgcolor="#000000" bgcolor="#FFFFFF"
             type="circle" x="450" y="525" width="8" height="8"/>
    </entry>
    <entry id="151" name="cpd:C00143" type="compound"
        link="https://www.kegg.jp/dbget-bin/www_bget?C00143">
        <graphics name="C00143" fgcolor="#000000" bgcolor="#FFFFFF"
             type="circle" x="450" y="448" width="8" height="8"/>
    </entry>
    <entry id="152" name="cpd:C00234" type="compound"
        link="https://www.kegg.jp/dbget-bin/www_bget?C00234">
        <graphics name="C00234" fgcolor="#000000" bgcolor="#FFFFFF"
             type="circle" x="450" y="607" width="8" height="8"/>
    </entry>
    <entry id="153" name="cpd:C00058" type="compound"
        link="https://www.kegg.jp/dbget-bin/www_bget?C00058">
        <graphics name="C00058" fgcolor="#000000" bgcolor="#FFFFFF"
             type="circle" x="549" y="647" width="8" height="8"/>
    </entry>
    <entry id="154" name="cpd:C01013" type="compound"
        link="https://www.kegg.jp/dbget-bin/www_bget?C01013">
        <graphics name="C01013" fgcolor="#000000" bgcolor="#FFFFFF"
             type="circle" x="652" y="447" width="8" height="8"/>
    </entry>
    <entry id="155" name="cpd:C00683" type="compound"
        link="https://www.kegg.jp/dbget-bin/www_bget?C00683">
        <graphics name="C00683" fgcolor="#000000" bgcolor="#FFFFFF"
             type="circle" x="652" y="741" width="8" height="8"/>
    </entry>
    <entry id="156" name="ko:K03737" type="ortholog" reaction="rn:R10866"
        link="https://www.kegg.jp/dbget-bin/www_bget?K03737">
        <graphics name="K03737" fgcolor="#000000" bgcolor="#BFBFFF"
             type="rectangle" x="390" y="234" width="46" height="17"/>
    </entry>
    <entry id="158" name="cpd:C00566" type="compound"
        link="https://www.kegg.jp/dbget-bin/www_bget?C00566">
        <graphics name="C00566" fgcolor="#000000" bgcolor="#FFFFFF"
             type="circle" x="245" y="118" width="8" height="8"/>
    </entry>
    <entry id="160" name="ko:K15232 ko:K15233" type="ortholog" reaction="rn:R01322"
        link="https://www.kegg.jp/dbget-bin/www_bget?K15232+K15233">
        <graphics name="K15232..." fgcolor="#000000" bgcolor="#BFBFFF"
             type="rectangle" x="183" y="119" width="46" height="17"/>
    </entry>
    <entry id="161" name="ko:K15234" type="ortholog" reaction="rn:R00354"
        link="https://www.kegg.jp/dbget-bin/www_bget?K15234">
        <graphics name="K15234" fgcolor="#000000" bgcolor="#BFBFFF"
             type="rectangle" x="287" y="119" width="46" height="17"/>
    </entry>
    <entry id="163" name="ko:K01958 ko:K01959 ko:K01960" type="ortholog" reaction="rn:R00344"
        link="https://www.kegg.jp/dbget-bin/www_bget?K01958+K01959+K01960">
        <graphics name="K01958..." fgcolor="#000000" bgcolor="#BFBFFF"
             type="rectangle" x="294" y="353" width="46" height="17"/>
    </entry>
    <entry id="164" name="cpd:C00158" type="compound"
        link="https://www.kegg.jp/dbget-bin/www_bget?C00158">
        <graphics name="C00158" fgcolor="#000000" bgcolor="#FFFFFF"
             type="circle" x="121" y="164" width="8" height="8"/>
    </entry>
    <entry id="165" name="cpd:C00237" type="compound"
        link="https://www.kegg.jp/dbget-bin/www_bget?C00237">
        <graphics name="C00237" fgcolor="#000000" bgcolor="#FFFFFF"
             type="circle" x="441" y="314" width="8" height="8"/>
    </entry>
    <entry id="166" name="ko:K15023" type="ortholog" reaction="rn:R02289"
        link="https://www.kegg.jp/dbget-bin/www_bget?K15023">
        <graphics name="K15023" fgcolor="#000000" bgcolor="#BFBFFF"
             type="rectangle" x="500" y="371" width="46" height="17"/>
    </entry>
    <entry id="167" name="ko:K14138 ko:K00197 ko:K00194" type="ortholog" reaction="rn:R10243"
        link="https://www.kegg.jp/dbget-bin/www_bget?K14138+K00197+K00194">
        <graphics name="K14138..." fgcolor="#000000" bgcolor="#BFBFFF"
             type="rectangle" x="500" y="315" width="46" height="17"/>
    </entry>
    <entry id="168" name="ko:K00198 ko:K00196" type="ortholog" reaction="rn:R07157"
        link="https://www.kegg.jp/dbget-bin/www_bget?K00198+K00196">
        <graphics name="K00198..." fgcolor="#000000" bgcolor="#BFBFFF"
             type="rectangle" x="393" y="315" width="46" height="17"/>
    </entry>
    <entry id="170" name="cpd:C00011" type="compound"
        link="https://www.kegg.jp/dbget-bin/www_bget?C00011">
        <graphics name="C00011" fgcolor="#000000" bgcolor="#FFFFFF"
             type="circle" x="432" y="192" width="8" height="8"/>
    </entry>
    <entry id="171" name="ko:K01006" type="ortholog" reaction="rn:R00206"
        link="https://www.kegg.jp/dbget-bin/www_bget?K01006">
        <graphics name="K01006" fgcolor="#000000" bgcolor="#BFBFFF"
             type="rectangle" x="216" y="283" width="46" height="17"/>
    </entry>
    <entry id="172" name="ko:K18209 ko:K18210" type="ortholog" reaction="rn:R10660"
        link="https://www.kegg.jp/dbget-bin/www_bget?K18209+K18210">
        <graphics name="K18209..." fgcolor="#000000" bgcolor="#BFBFFF"
             type="rectangle" x="381" y="865" width="46" height="17"/>
    </entry>
    <entry id="174" name="ko:K18556 ko:K18557 ko:K18558 ko:K18559 ko:K18560" type="ortholog" reaction="rn:R00402"
        link="https://www.kegg.jp/dbget-bin/www_bget?K18556+K18557+K18558+K18559+K18560">
        <graphics name="K18556..." fgcolor="#000000" bgcolor="#BFBFFF"
             type="rectangle" x="381" y="886" width="46" height="17"/>
    </entry>
    <entry id="175" name="ko:K18594" type="ortholog" reaction="rn:R03157"
        link="https://www.kegg.jp/dbget-bin/www_bget?K18594">
        <graphics name="K18594" fgcolor="#000000" bgcolor="#BFBFFF"
             type="rectangle" x="677" y="481" width="46" height="17"/>
    </entry>
    <entry id="176" name="ko:K18593" type="ortholog" reaction="rn:R10758"
        link="https://www.kegg.jp/dbget-bin/www_bget?K18593">
        <graphics name="K18593" fgcolor="#000000" bgcolor="#BFBFFF"
             type="rectangle" x="978" y="682" width="46" height="17"/>
    </entry>
    <entry id="177" name="cpd:C00048" type="compound"
        link="https://www.kegg.jp/dbget-bin/www_bget?C00048">
        <graphics name="C00048" fgcolor="#000000" bgcolor="#FFFFFF"
             type="circle" x="699" y="642" width="8" height="8"/>
    </entry>
    <entry id="180" name="ko:K08691" type="ortholog" reaction="rn:R00934"
        link="https://www.kegg.jp/dbget-bin/www_bget?K08691">
        <graphics name="K08691" fgcolor="#000000" bgcolor="#BFBFFF"
             type="rectangle" x="730" y="668" width="46" height="17"/>
    </entry>
    <entry id="181" name="ko:K18602" type="ortholog" reaction="rn:R09289"
        link="https://www.kegg.jp/dbget-bin/www_bget?K18602">
        <graphics name="K18602" fgcolor="#000000" bgcolor="#BFBFFF"
             type="rectangle" x="677" y="409" width="46" height="17"/>
    </entry>
    <entry id="182" name="ko:K22015 ko:K25123 ko:K25124" type="ortholog" reaction="rn:R12754"
        link="https://www.kegg.jp/dbget-bin/www_bget?K22015+K25123+K25124">
        <graphics name="K22015..." fgcolor="#000000" bgcolor="#BFBFFF"
             type="rectangle" x="377" y="497" width="46" height="17"/>
    </entry>
    <entry id="183" name="ko:K26318" type="ortholog" reaction="rn:R13137"
        link="https://www.kegg.jp/dbget-bin/www_bget?K26318">
        <graphics name="K26318" fgcolor="#000000" bgcolor="#BFBFFF"
             type="rectangle" x="333" y="886" width="46" height="17"/>
    </entry>
    <relation entry1="58" entry2="75" type="ECrel">
        <subtype name="compound" value="139"/>
    </relation>
    <relation entry1="58" entry2="76" type="ECrel">
        <subtype name="compound" value="139"/>
    </relation>
    <relation entry1="58" entry2="112" type="ECrel">
        <subtype name="compound" value="139"/>
    </relation>
    <relation entry1="58" entry2="57" type="ECrel">
        <subtype name="compound" value="139"/>
    </relation>
    <relation entry1="58" entry2="83" type="ECrel">
        <subtype name="compound" value="139"/>
    </relation>
    <relation entry1="58" entry2="114" type="ECrel">
        <subtype name="compound" value="139"/>
    </relation>
    <relation entry1="75" entry2="76" type="ECrel">
        <subtype name="compound" value="139"/>
    </relation>
    <relation entry1="75" entry2="112" type="ECrel">
        <subtype name="compound" value="139"/>
    </relation>
    <relation entry1="75" entry2="57" type="ECrel">
        <subtype name="compound" value="139"/>
    </relation>
    <relation entry1="75" entry2="83" type="ECrel">
        <subtype name="compound" value="139"/>
    </relation>
    <relation entry1="75" entry2="114" type="ECrel">
        <subtype name="compound" value="139"/>
    </relation>
    <relation entry1="76" entry2="112" type="ECrel">
        <subtype name="compound" value="139"/>
    </relation>
    <relation entry1="76" entry2="57" type="ECrel">
        <subtype name="compound" value="139"/>
    </relation>
    <relation entry1="76" entry2="83" type="ECrel">
        <subtype name="compound" value="139"/>
    </relation>
    <relation entry1="76" entry2="114" type="ECrel">
        <subtype name="compound" value="139"/>
    </relation>
    <relation entry1="112" entry2="57" type="ECrel">
        <subtype name="compound" value="139"/>
    </relation>
    <relation entry1="112" entry2="83" type="ECrel">
        <subtype name="compound" value="139"/>
    </relation>
    <relation entry1="112" entry2="114" type="ECrel">
        <subtype name="compound" value="139"/>
    </relation>
    <relation entry1="57" entry2="83" type="ECrel">
        <subtype name="compound" value="139"/>
    </relation>
    <relation entry1="57" entry2="114" type="ECrel">
        <subtype name="compound" value="139"/>
    </relation>
    <relation entry1="83" entry2="114" type="ECrel">
        <subtype name="compound" value="139"/>
    </relation>
    <relation entry1="76" entry2="113" type="ECrel">
        <subtype name="compound" value="122"/>
    </relation>
    <relation entry1="113" entry2="112" type="ECrel">
        <subtype name="compound" value="146"/>
    </relation>
    <relation entry1="83" entry2="84" type="ECrel">
        <subtype name="compound" value="143"/>
    </relation>
    <relation entry1="84" entry2="85" type="ECrel">
        <subtype name="compound" value="140"/>
    </relation>
    <relation entry1="85" entry2="86" type="ECrel">
        <subtype name="compound" value="154"/>
    </relation>
    <relation entry1="86" entry2="87" type="ECrel">
        <subtype name="compound" value="144"/>
    </relation>
    <relation entry1="87" entry2="88" type="ECrel">
        <subtype name="compound" value="141"/>
    </relation>
    <relation entry1="88" entry2="89" type="ECrel">
        <subtype name="compound" value="142"/>
    </relation>
    <relation entry1="88" entry2="180" type="ECrel">
        <subtype name="compound" value="142"/>
    </relation>
    <relation entry1="89" entry2="180" type="ECrel">
        <subtype name="compound" value="142"/>
    </relation>
    <relation entry1="180" entry2="101" type="ECrel">
        <subtype name="compound" value="97"/>
    </relation>
    <relation entry1="101" entry2="100" type="ECrel">
        <subtype name="compound" value="96"/>
    </relation>
    <relation entry1="100" entry2="99" type="ECrel">
        <subtype name="compound" value="95"/>
    </relation>
    <relation entry1="99" entry2="114" type="ECrel">
        <subtype name="compound" value="145"/>
    </relation>
    <relation entry1="89" entry2="90" type="ECrel">
        <subtype name="compound" value="155"/>
    </relation>
    <relation entry1="90" entry2="91" type="ECrel">
        <subtype name="compound" value="115"/>
    </relation>
    <relation entry1="65" entry2="64" type="ECrel">
        <subtype name="compound" value="138"/>
    </relation>
    <relation entry1="65" entry2="71" type="ECrel">
        <subtype name="compound" value="138"/>
    </relation>
    <relation entry1="64" entry2="71" type="ECrel">
        <subtype name="compound" value="138"/>
    </relation>
    <relation entry1="65" entry2="66" type="ECrel">
        <subtype name="compound" value="51"/>
    </relation>
    <relation entry1="66" entry2="67" type="ECrel">
        <subtype name="compound" value="50"/>
    </relation>
    <relation entry1="67" entry2="68" type="ECrel">
        <subtype name="compound" value="55"/>
    </relation>
    <relation entry1="69" entry2="70" type="ECrel">
        <subtype name="compound" value="48"/>
    </relation>
    <relation entry1="70" entry2="57" type="ECrel">
        <subtype name="compound" value="49"/>
    </relation>
    <relation entry1="71" entry2="72" type="ECrel">
        <subtype name="compound" value="125"/>
    </relation>
    <relation entry1="72" entry2="73" type="ECrel">
        <subtype name="compound" value="124"/>
    </relation>
    <relation entry1="73" entry2="74" type="ECrel">
        <subtype name="compound" value="123"/>
    </relation>
    <relation entry1="74" entry2="75" type="ECrel">
        <subtype name="compound" value="164"/>
    </relation>
    <relation entry1="64" entry2="63" type="ECrel">
        <subtype name="compound" value="52"/>
    </relation>
    <relation entry1="62" entry2="63" type="ECrel">
        <subtype name="compound" value="53"/>
    </relation>
    <relation entry1="61" entry2="62" type="ECrel">
        <subtype name="compound" value="56"/>
    </relation>
    <relation entry1="61" entry2="75" type="ECrel">
        <subtype name="compound" value="147"/>
    </relation>
    <relation entry1="61" entry2="60" type="ECrel">
        <subtype name="compound" value="147"/>
    </relation>
    <relation entry1="75" entry2="60" type="ECrel">
        <subtype name="compound" value="147"/>
    </relation>
    <relation entry1="60" entry2="59" type="ECrel">
        <subtype name="compound" value="121"/>
    </relation>
    <relation entry1="59" entry2="58" type="ECrel">
        <subtype name="compound" value="148"/>
    </relation>
    <relation entry1="107" entry2="108" type="ECrel">
        <subtype name="compound" value="153"/>
    </relation>
    <relation entry1="108" entry2="109" type="ECrel">
        <subtype name="compound" value="152"/>
    </relation>
    <relation entry1="109" entry2="110" type="ECrel">
        <subtype name="compound" value="150"/>
    </relation>
    <relation entry1="110" entry2="111" type="ECrel">
        <subtype name="compound" value="151"/>
    </relation>
    <relation entry1="76" entry2="93" type="ECrel">
        <subtype name="compound" value="139"/>
    </relation>
    <relation entry1="112" entry2="93" type="ECrel">
        <subtype name="compound" value="139"/>
    </relation>
    <relation entry1="57" entry2="93" type="ECrel">
        <subtype name="compound" value="139"/>
    </relation>
    <relation entry1="114" entry2="93" type="ECrel">
        <subtype name="compound" value="139"/>
    </relation>
    <relation entry1="83" entry2="93" type="ECrel">
        <subtype name="compound" value="139"/>
    </relation>
    <relation entry1="93" entry2="58" type="ECrel">
        <subtype name="compound" value="139"/>
    </relation>
    <relation entry1="93" entry2="75" type="ECrel">
        <subtype name="compound" value="139"/>
    </relation>
    <relation entry1="156" entry2="59" type="ECrel">
        <subtype name="compound" value="148"/>
    </relation>
    <relation entry1="76" entry2="156" type="ECrel">
        <subtype name="compound" value="139"/>
    </relation>
    <relation entry1="112" entry2="156" type="ECrel">
        <subtype name="compound" value="139"/>
    </relation>
    <relation entry1="57" entry2="156" type="ECrel">
        <subtype name="compound" value="139"/>
    </relation>
    <relation entry1="114" entry2="156" type="ECrel">
        <subtype name="compound" value="139"/>
    </relation>
    <relation entry1="83" entry2="156" type="ECrel">
        <subtype name="compound" value="139"/>
    </relation>
    <relation entry1="156" entry2="75" type="ECrel">
        <subtype name="compound" value="139"/>
    </relation>
    <relation entry1="93" entry2="156" type="ECrel">
        <subtype name="compound" value="139"/>
    </relation>
    <relation entry1="74" entry2="160" type="ECrel">
        <subtype name="compound" value="164"/>
    </relation>
    <relation entry1="75" entry2="160" type="ECrel">
        <subtype name="compound" value="164"/>
    </relation>
    <relation entry1="160" entry2="161" type="ECrel">
        <subtype name="compound" value="158"/>
    </relation>
    <relation entry1="76" entry2="161" type="ECrel">
        <subtype name="compound" value="139"/>
    </relation>
    <relation entry1="112" entry2="161" type="ECrel">
        <subtype name="compound" value="139"/>
    </relation>
    <relation entry1="57" entry2="161" type="ECrel">
        <subtype name="compound" value="139"/>
    </relation>
    <relation entry1="114" entry2="161" type="ECrel">
        <subtype name="compound" value="139"/>
    </relation>
    <relation entry1="83" entry2="161" type="ECrel">
        <subtype name="compound" value="139"/>
    </relation>
    <relation entry1="93" entry2="161" type="ECrel">
        <subtype name="compound" value="139"/>
    </relation>
    <relation entry1="75" entry2="161" type="ECrel">
        <subtype name="compound" value="139"/>
    </relation>
    <relation entry1="156" entry2="161" type="ECrel">
        <subtype name="compound" value="139"/>
    </relation>
    <relation entry1="58" entry2="161" type="ECrel">
        <subtype name="compound" value="139"/>
    </relation>
    <relation entry1="60" entry2="161" type="ECrel">
        <subtype name="compound" value="147"/>
    </relation>
    <relation entry1="61" entry2="161" type="ECrel">
        <subtype name="compound" value="147"/>
    </relation>
    <relation entry1="75" entry2="161" type="ECrel">
        <subtype name="compound" value="147"/>
    </relation>
    <relation entry1="107" entry2="168" type="ECrel">
        <subtype name="compound" value="117"/>
    </relation>
    <relation entry1="168" entry2="167" type="ECrel">
        <subtype name="compound" value="165"/>
    </relation>
    <relation entry1="111" entry2="166" type="ECrel">
        <subtype name="compound" value="106"/>
    </relation>
    <relation entry1="111" entry2="167" type="ECrel">
        <subtype name="compound" value="106"/>
    </relation>
    <relation entry1="167" entry2="108" type="ECrel">
        <subtype name="compound" value="120"/>
    </relation>
    <relation entry1="166" entry2="108" type="ECrel">
        <subtype name="compound" value="120"/>
    </relation>
    <relation entry1="57" entry2="167" type="ECrel">
        <subtype name="compound" value="139"/>
    </relation>
    <relation entry1="112" entry2="167" type="ECrel">
        <subtype name="compound" value="139"/>
    </relation>
    <relation entry1="76" entry2="167" type="ECrel">
        <subtype name="compound" value="139"/>
    </relation>
    <relation entry1="161" entry2="167" type="ECrel">
        <subtype name="compound" value="139"/>
    </relation>
    <relation entry1="75" entry2="167" type="ECrel">
        <subtype name="compound" value="139"/>
    </relation>
    <relation entry1="83" entry2="167" type="ECrel">
        <subtype name="compound" value="139"/>
    </relation>
    <relation entry1="167" entry2="93" type="ECrel">
        <subtype name="compound" value="139"/>
    </relation>
    <relation entry1="167" entry2="58" type="ECrel">
        <subtype name="compound" value="139"/>
    </relation>
    <relation entry1="167" entry2="156" type="ECrel">
        <subtype name="compound" value="139"/>
    </relation>
    <relation entry1="59" entry2="163" type="ECrel">
        <subtype name="compound" value="148"/>
    </relation>
    <relation entry1="163" entry2="58" type="ECrel">
        <subtype name="compound" value="148"/>
    </relation>
    <relation entry1="163" entry2="156" type="ECrel">
        <subtype name="compound" value="148"/>
    </relation>
    <relation entry1="161" entry2="163" type="ECrel">
        <subtype name="compound" value="147"/>
    </relation>
    <relation entry1="75" entry2="163" type="ECrel">
        <subtype name="compound" value="147"/>
    </relation>
    <relation entry1="61" entry2="163" type="ECrel">
        <subtype name="compound" value="147"/>
    </relation>
    <relation entry1="60" entry2="163" type="ECrel">
        <subtype name="compound" value="147"/>
    </relation>
    <relation entry1="65" entry2="91" type="ECrel">
        <subtype name="compound" value="138"/>
    </relation>
    <relation entry1="91" entry2="64" type="ECrel">
        <subtype name="compound" value="138"/>
    </relation>
    <relation entry1="91" entry2="71" type="ECrel">
        <subtype name="compound" value="138"/>
    </relation>
    <relation entry1="171" entry2="60" type="ECrel">
        <subtype name="compound" value="121"/>
    </relation>
    <relation entry1="171" entry2="58" type="ECrel">
        <subtype name="compound" value="148"/>
    </relation>
    <relation entry1="171" entry2="156" type="ECrel">
        <subtype name="compound" value="148"/>
    </relation>
    <relation entry1="171" entry2="163" type="ECrel">
        <subtype name="compound" value="148"/>
    </relation>
    <relation entry1="91" entry2="116" type="ECrel">
        <subtype name="compound" value="138"/>
    </relation>
    <relation entry1="65" entry2="116" type="ECrel">
        <subtype name="compound" value="138"/>
    </relation>
    <relation entry1="71" entry2="116" type="ECrel">
        <subtype name="compound" value="138"/>
    </relation>
    <relation entry1="116" entry2="63" type="ECrel">
        <subtype name="compound" value="52"/>
    </relation>
    <relation entry1="62" entry2="119" type="ECrel">
        <subtype name="compound" value="56"/>
    </relation>
    <relation entry1="61" entry2="119" type="ECrel">
        <subtype name="compound" value="56"/>
    </relation>
    <relation entry1="119" entry2="93" type="ECrel">
        <subtype name="compound" value="92"/>
    </relation>
    <relation entry1="62" entry2="172" type="ECrel">
        <subtype name="compound" value="53"/>
    </relation>
    <relation entry1="62" entry2="174" type="ECrel">
        <subtype name="compound" value="53"/>
    </relation>
    <relation entry1="64" entry2="174" type="ECrel">
        <subtype name="compound" value="52"/>
    </relation>
    <relation entry1="64" entry2="172" type="ECrel">
        <subtype name="compound" value="52"/>
    </relation>
    <relation entry1="116" entry2="174" type="ECrel">
        <subtype name="compound" value="52"/>
    </relation>
    <relation entry1="116" entry2="172" type="ECrel">
        <subtype name="compound" value="52"/>
    </relation>
    <relation entry1="175" entry2="87" type="ECrel">
        <subtype name="compound" value="144"/>
    </relation>
    <relation entry1="175" entry2="85" type="ECrel">
        <subtype name="compound" value="154"/>
    </relation>
    <relation entry1="66" entry2="176" type="ECrel">
        <subtype name="compound" value="50"/>
    </relation>
    <relation entry1="176" entry2="68" type="ECrel">
        <subtype name="compound" value="55"/>
    </relation>
    <relation entry1="68" entry2="69" type="ECrel">
        <subtype name="compound" value="54"/>
    </relation>
    <relation entry1="181" entry2="175" type="ECrel">
        <subtype name="compound" value="154"/>
    </relation>
    <relation entry1="181" entry2="86" type="ECrel">
        <subtype name="compound" value="154"/>
    </relation>
    <relation entry1="181" entry2="84" type="ECrel">
        <subtype name="compound" value="140"/>
    </relation>
    <relation entry1="168" entry2="182" type="ECrel">
        <subtype name="compound" value="117"/>
    </relation>
    <relation entry1="108" entry2="182" type="ECrel">
        <subtype name="compound" value="153"/>
    </relation>
    <relation entry1="62" entry2="183" type="ECrel">
        <subtype name="compound" value="53"/>
    </relation>
    <relation entry1="116" entry2="183" type="ECrel">
        <subtype name="compound" value="52"/>
    </relation>
    <relation entry1="64" entry2="183" type="ECrel">
        <subtype name="compound" value="52"/>
    </relation>
    <reaction id="57" name="rn:R00238" type="irreversible">
        <substrate id="49" name="cpd:C00332"/>
        <product id="139" name="cpd:C00024"/>
    </reaction>
    <reaction id="58" name="rn:R01196" type="irreversible">
        <substrate id="170" name="cpd:C00011"/>
        <substrate id="139" name="cpd:C00024"/>
        <product id="148" name="cpd:C00022"/>
    </reaction>
    <reaction id="59" name="rn:R00199" type="irreversible">
        <substrate id="148" name="cpd:C00022"/>
        <product id="121" name="cpd:C00074"/>
    </reaction>
    <reaction id="60" name="rn:R00345" type="irreversible">
        <substrate id="134" name="cpd:C00011"/>
        <substrate id="121" name="cpd:C00074"/>
        <product id="147" name="cpd:C00036"/>
    </reaction>
    <reaction id="61" name="rn:R00342" type="irreversible">
        <substrate id="147" name="cpd:C00036"/>
        <product id="56" name="cpd:C00149"/>
    </reaction>
    <reaction id="62" name="rn:R01082" type="reversible">
        <substrate id="56" name="cpd:C00149"/>
        <product id="53" name="cpd:C00122"/>
    </reaction>
    <reaction id="63" name="rn:R02164" type="reversible">
        <substrate id="52" name="cpd:C00042"/>
        <product id="53" name="cpd:C00122"/>
    </reaction>
    <reaction id="64" name="rn:R00405" type="irreversible">
        <substrate id="52" name="cpd:C00042"/>
        <product id="138" name="cpd:C00091"/>
    </reaction>
    <reaction id="65" name="rn:R09280" type="irreversible">
        <substrate id="138" name="cpd:C00091"/>
        <product id="51" name="cpd:C00232"/>
    </reaction>
    <reaction id="66" name="rn:R09281" type="irreversible">
        <substrate id="51" name="cpd:C00232"/>
        <product id="50" name="cpd:C00989"/>
    </reaction>
    <reaction id="67" name="rn:R09279" type="irreversible">
        <substrate id="50" name="cpd:C00989"/>
        <product id="55" name="cpd:C11062"/>
    </reaction>
    <reaction id="68" name="rn:R10782" type="irreversible">
        <substrate id="55" name="cpd:C11062"/>
        <product id="54" name="cpd:C00877"/>
    </reaction>
    <reaction id="69" name="rn:R03026" type="irreversible">
        <substrate id="54" name="cpd:C00877"/>
        <product id="48" name="cpd:C01144"/>
    </reaction>
    <reaction id="70" name="rn:R01975" type="irreversible">
        <substrate id="48" name="cpd:C01144"/>
        <product id="49" name="cpd:C00332"/>
    </reaction>
    <reaction id="71" name="rn:R01197" type="irreversible">
        <substrate id="138" name="cpd:C00091"/>
        <substrate id="136" name="cpd:C00011"/>
        <product id="125" name="cpd:C00026"/>
    </reaction>
    <reaction id="72" name="rn:R00267" type="irreversible">
        <substrate id="135" name="cpd:C00011"/>
        <substrate id="125" name="cpd:C00026"/>
        <product id="124" name="cpd:C00311"/>
    </reaction>
    <reaction id="73" name="rn:R01900" type="irreversible">
        <substrate id="124" name="cpd:C00311"/>
        <product id="123" name="cpd:C00417"/>
    </reaction>
    <reaction id="74" name="rn:R01325" type="irreversible">
        <substrate id="123" name="cpd:C00417"/>
        <product id="164" name="cpd:C00158"/>
    </reaction>
    <reaction id="75" name="rn:R00352" type="irreversible">
        <substrate id="164" name="cpd:C00158"/>
        <product id="147" name="cpd:C00036"/>
        <product id="139" name="cpd:C00024"/>
    </reaction>
    <reaction id="76" name="rn:R00235" type="irreversible">
        <substrate id="122" name="cpd:C00033"/>
        <product id="139" name="cpd:C00024"/>
    </reaction>
    <reaction id="83" name="rn:R00742" type="irreversible">
        <substrate id="139" name="cpd:C00024"/>
        <substrate id="132" name="cpd:C00288"/>
        <product id="143" name="cpd:C00083"/>
    </reaction>
    <reaction id="84" name="rn:R00740" type="irreversible">
        <substrate id="143" name="cpd:C00083"/>
        <product id="140" name="cpd:C00222"/>
    </reaction>
    <reaction id="85" name="rn:R09289" type="irreversible">
        <substrate id="140" name="cpd:C00222"/>
        <product id="154" name="cpd:C01013"/>
    </reaction>
    <reaction id="86" name="rn:R09286" type="irreversible">
        <substrate id="154" name="cpd:C01013"/>
        <product id="144" name="cpd:C05668"/>
    </reaction>
    <reaction id="87" name="rn:R03045" type="irreversible">
        <substrate id="144" name="cpd:C05668"/>
        <product id="141" name="cpd:C00894"/>
    </reaction>
    <reaction id="88" name="rn:R00919" type="irreversible">
        <substrate id="141" name="cpd:C00894"/>
        <product id="142" name="cpd:C00100"/>
    </reaction>
    <reaction id="89" name="rn:R01859" type="irreversible">
        <substrate id="142" name="cpd:C00100"/>
        <substrate id="133" name="cpd:C00288"/>
        <product id="155" name="cpd:C00683"/>
    </reaction>
    <reaction id="90" name="rn:R02765" type="irreversible">
        <substrate id="155" name="cpd:C00683"/>
        <product id="115" name="cpd:C01213"/>
    </reaction>
    <reaction id="91" name="rn:R00833" type="irreversible">
        <substrate id="115" name="cpd:C01213"/>
        <product id="138" name="cpd:C00091"/>
    </reaction>
    <reaction id="116" name="rn:R00406" type="irreversible">
        <substrate id="138" name="cpd:C00091"/>
        <product id="52" name="cpd:C00042"/>
    </reaction>
    <reaction id="93" name="rn:R00473" type="irreversible">
        <substrate id="92" name="cpd:C04348"/>
        <product id="139" name="cpd:C00024"/>
        <product id="94" name="cpd:C00048"/>
    </reaction>
    <reaction id="99" name="rn:R09282" type="irreversible">
        <substrate id="95" name="cpd:C18323"/>
        <product id="145" name="cpd:C01011"/>
    </reaction>
    <reaction id="100" name="rn:R09283" type="irreversible">
        <substrate id="96" name="cpd:C06028"/>
        <product id="95" name="cpd:C18323"/>
    </reaction>
    <reaction id="101" name="rn:R05076" type="irreversible">
        <substrate id="97" name="cpd:C06027"/>
        <product id="96" name="cpd:C06028"/>
    </reaction>
    <reaction id="180" name="rn:R00934" type="irreversible">
        <substrate id="142" name="cpd:C00100"/>
        <product id="97" name="cpd:C06027"/>
    </reaction>
    <reaction id="107" name="rn:R00134" type="irreversible">
        <substrate id="117" name="cpd:C00011"/>
        <product id="153" name="cpd:C00058"/>
    </reaction>
    <reaction id="108" name="rn:R00943" type="irreversible">
        <substrate id="153" name="cpd:C00058"/>
        <substrate id="120" name="cpd:C00101"/>
        <product id="152" name="cpd:C00234"/>
    </reaction>
    <reaction id="109" name="rn:R01655" type="irreversible">
        <substrate id="152" name="cpd:C00234"/>
        <product id="150" name="cpd:C00445"/>
    </reaction>
    <reaction id="110" name="rn:R01220" type="irreversible">
        <substrate id="150" name="cpd:C00445"/>
        <product id="151" name="cpd:C00143"/>
    </reaction>
    <reaction id="111" name="rn:R07168" type="irreversible">
        <substrate id="151" name="cpd:C00143"/>
        <product id="106" name="cpd:C00440"/>
    </reaction>
    <reaction id="112" name="rn:R00230" type="reversible">
        <substrate id="139" name="cpd:C00024"/>
        <product id="146" name="cpd:C00227"/>
    </reaction>
    <reaction id="113" name="rn:R00315" type="reversible">
        <substrate id="122" name="cpd:C00033"/>
        <product id="146" name="cpd:C00227"/>
    </reaction>
    <reaction id="114" name="rn:R00237" type="irreversible">
        <substrate id="145" name="cpd:C01011"/>
        <product id="149" name="cpd:C00022"/>
        <product id="139" name="cpd:C00024"/>
    </reaction>
    <reaction id="119" name="rn:R00406" type="irreversible">
        <substrate id="56" name="cpd:C00149"/>
        <product id="92" name="cpd:C04348"/>
    </reaction>
    <reaction id="156" name="rn:R10866" type="irreversible">
        <substrate id="170" name="cpd:C00011"/>
        <substrate id="139" name="cpd:C00024"/>
        <product id="148" name="cpd:C00022"/>
    </reaction>
    <reaction id="160" name="rn:R01322" type="irreversible">
        <substrate id="164" name="cpd:C00158"/>
        <product id="158" name="cpd:C00566"/>
    </reaction>
    <reaction id="161" name="rn:R00354" type="irreversible">
        <substrate id="158" name="cpd:C00566"/>
        <product id="147" name="cpd:C00036"/>
        <product id="139" name="cpd:C00024"/>
    </reaction>
    <reaction id="163" name="rn:R00344" type="irreversible">
        <substrate id="148" name="cpd:C00022"/>
        <product id="147" name="cpd:C00036"/>
    </reaction>
    <reaction id="166" name="rn:R02289" type="irreversible">
        <substrate id="106" name="cpd:C00440"/>
        <product id="120" name="cpd:C00101"/>
    </reaction>
    <reaction id="167" name="rn:R10243" type="irreversible">
        <substrate id="165" name="cpd:C00237"/>
        <substrate id="106" name="cpd:C00440"/>
        <product id="139" name="cpd:C00024"/>
        <product id="120" name="cpd:C00101"/>
    </reaction>
    <reaction id="168" name="rn:R07157" type="irreversible">
        <substrate id="117" name="cpd:C00011"/>
        <product id="165" name="cpd:C00237"/>
    </reaction>
    <reaction id="171" name="rn:R00206" type="irreversible">
        <substrate id="148" name="cpd:C00022"/>
        <product id="121" name="cpd:C00074"/>
    </reaction>
    <reaction id="172" name="rn:R10660" type="reversible">
        <substrate id="53" name="cpd:C00122"/>
        <product id="52" name="cpd:C00042"/>
    </reaction>
    <reaction id="174" name="rn:R00402" type="reversible">
        <substrate id="53" name="cpd:C00122"/>
        <product id="52" name="cpd:C00042"/>
    </reaction>
    <reaction id="175" name="rn:R03157" type="irreversible">
        <substrate id="154" name="cpd:C01013"/>
        <product id="144" name="cpd:C05668"/>
    </reaction>
    <reaction id="176" name="rn:R10758" type="irreversible">
        <substrate id="50" name="cpd:C00989"/>
        <product id="55" name="cpd:C11062"/>
    </reaction>
    <reaction id="181" name="rn:R09289" type="irreversible">
        <substrate id="140" name="cpd:C00222"/>
        <product id="154" name="cpd:C01013"/>
    </reaction>
    <reaction id="182" name="rn:R12754" type="irreversible">
        <substrate id="117" name="cpd:C00011"/>
        <product id="153" name="cpd:C00058"/>
    </reaction>
    <reaction id="183" name="rn:R13137" type="reversible">
        <substrate id="53" name="cpd:C00122"/>
        <product id="52" name="cpd:C00042"/>
    </reaction>
</pathway>
