<?xml version="1.0"?>
<!DOCTYPE pathway SYSTEM "https://www.kegg.jp/kegg/xml/KGML_v0.7.2_.dtd">
<!-- Creation date: Aug 16, 2018 11:53:04 +0900 (GMT+9) -->
<pathway name="path:ko00945" org="ko" number="00945"
         title="Stilbenoid, diarylheptanoid and gingerol biosynthesis"
         image="https://www.kegg.jp/kegg/pathway/ko/ko00945.png"
         link="https://www.kegg.jp/kegg-bin/show_pathway?ko00945">
    <entry id="8" name="path:ko00945" type="map"
        link="https://www.kegg.jp/dbget-bin/www_bget?ko00945">
        <graphics name="TITLE:Stilbenoid, diarylheptanoid and gingerol biosynthesis" fgcolor="#000000" bgcolor="#FFFFFF"
             type="roundrectangle" x="276" y="58" width="472" height="25"/>
    </entry>
    <entry id="11" name="cpd:C17747" type="compound"
        link="https://www.kegg.jp/dbget-bin/www_bget?C17747">
        <graphics name="C17747" fgcolor="#000000" bgcolor="#FFFFFF"
             type="circle" x="236" y="490" width="8" height="8"/>
    </entry>
    <entry id="12" name="cpd:C10462" type="compound"
        link="https://www.kegg.jp/dbget-bin/www_bget?C10462">
        <graphics name="C10462" fgcolor="#000000" bgcolor="#FFFFFF"
             type="circle" x="610" y="490" width="8" height="8"/>
    </entry>
    <entry id="14" name="cpd:C17748" type="compound"
        link="https://www.kegg.jp/dbget-bin/www_bget?C17748">
        <graphics name="C17748" fgcolor="#000000" bgcolor="#FFFFFF"
             type="circle" x="427" y="490" width="8" height="8"/>
    </entry>
    <entry id="16" name="cpd:C17744" type="compound"
        link="https://www.kegg.jp/dbget-bin/www_bget?C17744">
        <graphics name="C17744" fgcolor="#000000" bgcolor="#FFFFFF"
             type="circle" x="236" y="412" width="8" height="8"/>
    </entry>
    <entry id="17" name="cpd:C17746" type="compound"
        link="https://www.kegg.jp/dbget-bin/www_bget?C17746">
        <graphics name="C17746" fgcolor="#000000" bgcolor="#FFFFFF"
             type="circle" x="610" y="412" width="8" height="8"/>
    </entry>
    <entry id="20" name="cpd:C17745" type="compound"
        link="https://www.kegg.jp/dbget-bin/www_bget?C17745">
        <graphics name="C17745" fgcolor="#000000" bgcolor="#FFFFFF"
             type="circle" x="427" y="412" width="8" height="8"/>
    </entry>
    <entry id="22" name="cpd:C00406" type="compound"
        link="https://www.kegg.jp/dbget-bin/www_bget?C00406">
        <graphics name="C00406" fgcolor="#000000" bgcolor="#FFFFFF"
             type="circle" x="610" y="305" width="8" height="8"/>
    </entry>
    <entry id="25" name="cpd:C17740" type="compound"
        link="https://www.kegg.jp/dbget-bin/www_bget?C17740">
        <graphics name="C17740" fgcolor="#000000" bgcolor="#FFFFFF"
             type="circle" x="239" y="194" width="8" height="8"/>
    </entry>
    <entry id="26" name="cpd:C17741" type="compound"
        link="https://www.kegg.jp/dbget-bin/www_bget?C17741">
        <graphics name="C17741" fgcolor="#000000" bgcolor="#FFFFFF"
             type="circle" x="610" y="194" width="8" height="8"/>
    </entry>
    <entry id="29" name="cpd:C17743" type="compound"
        link="https://www.kegg.jp/dbget-bin/www_bget?C17743">
        <graphics name="C17743" fgcolor="#000000" bgcolor="#FFFFFF"
             type="circle" x="239" y="116" width="8" height="8"/>
    </entry>
    <entry id="30" name="cpd:C10443" type="compound"
        link="https://www.kegg.jp/dbget-bin/www_bget?C10443">
        <graphics name="C10443" fgcolor="#000000" bgcolor="#FFFFFF"
             type="circle" x="610" y="116" width="8" height="8"/>
    </entry>
    <entry id="33" name="cpd:C17749" type="compound"
        link="https://www.kegg.jp/dbget-bin/www_bget?C17749">
        <graphics name="C17749" fgcolor="#000000" bgcolor="#FFFFFF"
             type="circle" x="710" y="116" width="8" height="8"/>
    </entry>
    <entry id="34" name="cpd:C17750" type="compound"
        link="https://www.kegg.jp/dbget-bin/www_bget?C17750">
        <graphics name="C17750" fgcolor="#000000" bgcolor="#FFFFFF"
             type="circle" x="809" y="116" width="8" height="8"/>
    </entry>
    <entry id="35" name="ko:K13233" type="ortholog" reaction="rn:R08805"
        link="https://www.kegg.jp/dbget-bin/www_bget?K13233">
        <graphics name="K13233" fgcolor="#000000" bgcolor="#BFBFFF"
             type="rectangle" x="239" y="238" width="46" height="17"/>
    </entry>
    <entry id="36" name="ko:K13233" type="ortholog" reaction="rn:R08806"
        link="https://www.kegg.jp/dbget-bin/www_bget?K13233">
        <graphics name="K13233" fgcolor="#000000" bgcolor="#BFBFFF"
             type="rectangle" x="611" y="238" width="46" height="17"/>
    </entry>
    <entry id="37" name="ko:K13234 ko:K17211" type="ortholog" reaction="rn:R08810"
        link="https://www.kegg.jp/dbget-bin/www_bget?K13234+K17211">
        <graphics name="K13234..." fgcolor="#000000" bgcolor="#BFBFFF"
             type="rectangle" x="611" y="158" width="46" height="17"/>
    </entry>
    <entry id="38" name="ko:K17211" type="ortholog" reaction="rn:R08807"
        link="https://www.kegg.jp/dbget-bin/www_bget?K17211">
        <graphics name="K17211" fgcolor="#000000" bgcolor="#BFBFFF"
             type="rectangle" x="239" y="158" width="46" height="17"/>
    </entry>
    <entry id="39" name="ko:K17211" type="ortholog" reaction="rn:R08809"
        link="https://www.kegg.jp/dbget-bin/www_bget?K17211">
        <graphics name="K17211" fgcolor="#000000" bgcolor="#BFBFFF"
             type="rectangle" x="507" y="195" width="46" height="17"/>
    </entry>
    <entry id="40" name="cpd:C00540" type="compound"
        link="https://www.kegg.jp/dbget-bin/www_bget?C00540">
        <graphics name="C00540" fgcolor="#000000" bgcolor="#FFFFFF"
             type="circle" x="69" y="305" width="8" height="8"/>
    </entry>
    <entry id="42" name="cpd:C01745" type="compound"
        link="https://www.kegg.jp/dbget-bin/www_bget?C01745">
        <graphics name="C01745" fgcolor="#000000" bgcolor="#FFFFFF"
             type="circle" x="69" y="391" width="8" height="8"/>
    </entry>
    <entry id="45" name="cpd:C03582" type="compound"
        link="https://www.kegg.jp/dbget-bin/www_bget?C03582">
        <graphics name="C03582" fgcolor="#000000" bgcolor="#FFFFFF"
             type="circle" x="149" y="391" width="8" height="8"/>
    </entry>
    <entry id="46" name="cpd:C05901" type="compound"
        link="https://www.kegg.jp/dbget-bin/www_bget?C05901">
        <graphics name="C05901" fgcolor="#000000" bgcolor="#FFFFFF"
             type="circle" x="149" y="490" width="8" height="8"/>
    </entry>
    <entry id="49" name="ko:K13231" type="ortholog" reaction="rn:R02505"
        link="https://www.kegg.jp/dbget-bin/www_bget?K13231">
        <graphics name="K13231" fgcolor="#000000" bgcolor="#BFBFFF"
             type="rectangle" x="70" y="341" width="46" height="17"/>
    </entry>
    <entry id="50" name="ko:K13232" type="ortholog" reaction="rn:R01614"
        link="https://www.kegg.jp/dbget-bin/www_bget?K13232">
        <graphics name="K13232" fgcolor="#000000" bgcolor="#BFBFFF"
             type="rectangle" x="150" y="341" width="46" height="17"/>
    </entry>
    <entry id="52" name="ko:K00487" type="ortholog" reaction="rn:R08815"
        link="https://www.kegg.jp/dbget-bin/www_bget?K00487">
        <graphics name="K00487" fgcolor="#000000" bgcolor="#BFBFFF"
             type="rectangle" x="117" y="306" width="46" height="17"/>
    </entry>
    <entry id="54" name="ko:K13234 ko:K17211" type="ortholog" reaction="rn:R08808"
        link="https://www.kegg.jp/dbget-bin/www_bget?K13234+K17211">
        <graphics name="K13234..." fgcolor="#000000" bgcolor="#BFBFFF"
             type="rectangle" x="351" y="195" width="46" height="17"/>
    </entry>
    <entry id="56" name="ko:K13065" type="ortholog" reaction="rn:R02416"
        link="https://www.kegg.jp/dbget-bin/www_bget?K13065">
        <graphics name="K13065" fgcolor="#000000" bgcolor="#BFBFFF"
             type="rectangle" x="285" y="259" width="46" height="17"/>
    </entry>
    <entry id="58" name="ko:K09754" type="ortholog" reaction="rn:R06582"
        link="https://www.kegg.jp/dbget-bin/www_bget?K09754">
        <graphics name="K09754" fgcolor="#000000" bgcolor="#BFBFFF"
             type="rectangle" x="375" y="259" width="46" height="17"/>
    </entry>
    <entry id="60" name="ko:K13065" type="ortholog" reaction="rn:R07433"
        link="https://www.kegg.jp/dbget-bin/www_bget?K13065">
        <graphics name="K13065" fgcolor="#000000" bgcolor="#BFBFFF"
             type="rectangle" x="470" y="259" width="46" height="17"/>
    </entry>
    <entry id="63" name="ko:K13065" type="ortholog" reaction="rn:R07432"
        link="https://www.kegg.jp/dbget-bin/www_bget?K13065">
        <graphics name="K13065" fgcolor="#000000" bgcolor="#BFBFFF"
             type="rectangle" x="285" y="362" width="46" height="17"/>
    </entry>
    <entry id="64" name="ko:K09754" type="ortholog" reaction="rn:R04342"
        link="https://www.kegg.jp/dbget-bin/www_bget?K09754">
        <graphics name="K09754" fgcolor="#000000" bgcolor="#BFBFFF"
             type="rectangle" x="375" y="362" width="46" height="17"/>
    </entry>
    <entry id="66" name="cpd:C00323" type="compound"
        link="https://www.kegg.jp/dbget-bin/www_bget?C00323">
        <graphics name="C00323" fgcolor="#000000" bgcolor="#FFFFFF"
             type="circle" x="511" y="305" width="8" height="8"/>
    </entry>
    <entry id="67" name="ko:K00588" type="ortholog" reaction="rn:R01942"
        link="https://www.kegg.jp/dbget-bin/www_bget?K00588">
        <graphics name="K00588" fgcolor="#000000" bgcolor="#BFBFFF"
             type="rectangle" x="553" y="306" width="46" height="17"/>
    </entry>
    <entry id="71" name="cpd:C02947" type="compound"
        link="https://www.kegg.jp/dbget-bin/www_bget?C02947">
        <graphics name="C02947" fgcolor="#000000" bgcolor="#FFFFFF"
             type="circle" x="334" y="258" width="8" height="8"/>
    </entry>
    <entry id="72" name="cpd:C10434" type="compound"
        link="https://www.kegg.jp/dbget-bin/www_bget?C10434">
        <graphics name="C10434" fgcolor="#000000" bgcolor="#FFFFFF"
             type="circle" x="426" y="258" width="8" height="8"/>
    </entry>
    <entry id="73" name="cpd:C12208" type="compound"
        link="https://www.kegg.jp/dbget-bin/www_bget?C12208">
        <graphics name="C12208" fgcolor="#000000" bgcolor="#FFFFFF"
             type="circle" x="334" y="361" width="8" height="8"/>
    </entry>
    <entry id="74" name="cpd:C00852" type="compound"
        link="https://www.kegg.jp/dbget-bin/www_bget?C00852">
        <graphics name="C00852" fgcolor="#000000" bgcolor="#FFFFFF"
             type="circle" x="427" y="361" width="8" height="8"/>
    </entry>
    <entry id="76" name="ko:K13065" type="ortholog" reaction="rn:R01945"
        link="https://www.kegg.jp/dbget-bin/www_bget?K13065">
        <graphics name="K13065" fgcolor="#000000" bgcolor="#BFBFFF"
             type="rectangle" x="470" y="362" width="46" height="17"/>
    </entry>
    <entry id="80" name="ko:K13235" type="ortholog" reaction="rn:R08813"
        link="https://www.kegg.jp/dbget-bin/www_bget?K13235">
        <graphics name="K13235" fgcolor="#000000" bgcolor="#BFBFFF"
             type="rectangle" x="651" y="117" width="46" height="17"/>
    </entry>
    <entry id="82" name="ko:K13235" type="ortholog" reaction="rn:R08814"
        link="https://www.kegg.jp/dbget-bin/www_bget?K13235">
        <graphics name="K13235" fgcolor="#000000" bgcolor="#BFBFFF"
             type="rectangle" x="755" y="117" width="46" height="17"/>
    </entry>
    <entry id="87" name="path:ko00940" type="map"
        link="https://www.kegg.jp/dbget-bin/www_bget?ko00940">
        <graphics name="Phenylpropanoid biosynthesis" fgcolor="#000000" bgcolor="#FFFFFF"
             type="roundrectangle" x="71" y="248" width="96" height="34"/>
    </entry>
    <entry id="88" name="cpd:C17742" type="compound"
        link="https://www.kegg.jp/dbget-bin/www_bget?C17742">
        <graphics name="C17742" fgcolor="#000000" bgcolor="#FFFFFF"
             type="circle" x="427" y="116" width="8" height="8"/>
    </entry>
    <entry id="90" name="ko:K16040" type="ortholog" reaction="rn:R09872"
        link="https://www.kegg.jp/dbget-bin/www_bget?K16040">
        <graphics name="K16040" fgcolor="#000000" bgcolor="#BFBFFF"
             type="rectangle" x="99" y="429" width="46" height="17"/>
    </entry>
    <entry id="91" name="cpd:C10287" type="compound"
        link="https://www.kegg.jp/dbget-bin/www_bget?C10287">
        <graphics name="C10287" fgcolor="#000000" bgcolor="#FFFFFF"
             type="circle" x="99" y="490" width="8" height="8"/>
    </entry>
    <entry id="93" name="ko:K17212" type="ortholog" reaction="rn:R10233"
        link="https://www.kegg.jp/dbget-bin/www_bget?K17212">
        <graphics name="K17212" fgcolor="#000000" bgcolor="#BFBFFF"
             type="rectangle" x="194" y="197" width="46" height="17"/>
    </entry>
    <entry id="94" name="cpd:C00223" type="compound"
        link="https://www.kegg.jp/dbget-bin/www_bget?C00223">
        <graphics name="C00223" fgcolor="#000000" bgcolor="#FFFFFF"
             type="circle" x="239" y="305" width="8" height="8"/>
    </entry>
    <relation entry1="52" entry2="49" type="ECrel">
        <subtype name="compound" value="40"/>
    </relation>
    <relation entry1="52" entry2="87" type="maplink">
        <subtype name="compound" value="40"/>
    </relation>
    <relation entry1="49" entry2="87" type="maplink">
        <subtype name="compound" value="40"/>
    </relation>
    <relation entry1="38" entry2="35" type="ECrel">
        <subtype name="compound" value="25"/>
    </relation>
    <relation entry1="35" entry2="54" type="ECrel">
        <subtype name="compound" value="25"/>
    </relation>
    <relation entry1="56" entry2="50" type="ECrel">
        <subtype name="compound" value="94"/>
    </relation>
    <relation entry1="56" entry2="52" type="ECrel">
        <subtype name="compound" value="94"/>
    </relation>
    <relation entry1="56" entry2="87" type="maplink">
        <subtype name="compound" value="94"/>
    </relation>
    <relation entry1="56" entry2="35" type="ECrel">
        <subtype name="compound" value="94"/>
    </relation>
    <relation entry1="63" entry2="50" type="ECrel">
        <subtype name="compound" value="94"/>
    </relation>
    <relation entry1="63" entry2="52" type="ECrel">
        <subtype name="compound" value="94"/>
    </relation>
    <relation entry1="63" entry2="87" type="maplink">
        <subtype name="compound" value="94"/>
    </relation>
    <relation entry1="63" entry2="35" type="ECrel">
        <subtype name="compound" value="94"/>
    </relation>
    <relation entry1="50" entry2="52" type="ECrel">
        <subtype name="compound" value="94"/>
    </relation>
    <relation entry1="50" entry2="87" type="maplink">
        <subtype name="compound" value="94"/>
    </relation>
    <relation entry1="50" entry2="35" type="ECrel">
        <subtype name="compound" value="94"/>
    </relation>
    <relation entry1="52" entry2="87" type="maplink">
        <subtype name="compound" value="94"/>
    </relation>
    <relation entry1="52" entry2="35" type="ECrel">
        <subtype name="compound" value="94"/>
    </relation>
    <relation entry1="87" entry2="35" type="maplink">
        <subtype name="compound" value="94"/>
    </relation>
    <relation entry1="37" entry2="80" type="ECrel">
        <subtype name="compound" value="30"/>
    </relation>
    <relation entry1="37" entry2="36" type="ECrel">
        <subtype name="compound" value="26"/>
    </relation>
    <relation entry1="39" entry2="36" type="ECrel">
        <subtype name="compound" value="26"/>
    </relation>
    <relation entry1="36" entry2="67" type="ECrel">
        <subtype name="compound" value="22"/>
    </relation>
    <relation entry1="56" entry2="58" type="ECrel">
        <subtype name="compound" value="71"/>
    </relation>
    <relation entry1="58" entry2="60" type="ECrel">
        <subtype name="compound" value="72"/>
    </relation>
    <relation entry1="76" entry2="67" type="ECrel">
        <subtype name="compound" value="66"/>
    </relation>
    <relation entry1="67" entry2="60" type="ECrel">
        <subtype name="compound" value="66"/>
    </relation>
    <relation entry1="63" entry2="64" type="ECrel">
        <subtype name="compound" value="73"/>
    </relation>
    <relation entry1="64" entry2="76" type="ECrel">
        <subtype name="compound" value="74"/>
    </relation>
    <relation entry1="90" entry2="50" type="ECrel">
        <subtype name="compound" value="45"/>
    </relation>
    <relation entry1="93" entry2="38" type="ECrel">
        <subtype name="compound" value="29"/>
    </relation>
    <relation entry1="63" entry2="93" type="ECrel">
        <subtype name="compound" value="94"/>
    </relation>
    <relation entry1="56" entry2="93" type="ECrel">
        <subtype name="compound" value="94"/>
    </relation>
    <relation entry1="35" entry2="93" type="ECrel">
        <subtype name="compound" value="94"/>
    </relation>
    <relation entry1="93" entry2="87" type="maplink">
        <subtype name="compound" value="94"/>
    </relation>
    <relation entry1="93" entry2="52" type="ECrel">
        <subtype name="compound" value="94"/>
    </relation>
    <relation entry1="93" entry2="50" type="ECrel">
        <subtype name="compound" value="94"/>
    </relation>
    <relation entry1="54" entry2="39" type="ECrel">
        <subtype name="compound" value="88"/>
    </relation>
    <relation entry1="38" entry2="54" type="ECrel">
        <subtype name="compound" value="25"/>
    </relation>
    <relation entry1="39" entry2="37" type="ECrel">
        <subtype name="compound" value="26"/>
    </relation>
    <reaction id="80" name="rn:R08813" type="irreversible">
        <substrate id="30" name="cpd:C10443"/>
        <product id="33" name="cpd:C17749"/>
    </reaction>
    <reaction id="82" name="rn:R08814" type="irreversible">
        <substrate id="33" name="cpd:C17749"/>
        <product id="34" name="cpd:C17750"/>
    </reaction>
    <reaction id="35" name="rn:R08805" type="irreversible">
        <substrate id="94" name="cpd:C00223"/>
        <product id="25" name="cpd:C17740"/>
    </reaction>
    <reaction id="36" name="rn:R08806" type="irreversible">
        <substrate id="22" name="cpd:C00406"/>
        <product id="26" name="cpd:C17741"/>
    </reaction>
    <reaction id="37" name="rn:R08810" type="irreversible">
        <substrate id="26" name="cpd:C17741"/>
        <product id="30" name="cpd:C10443"/>
    </reaction>
    <reaction id="38" name="rn:R08807" type="irreversible">
        <substrate id="25" name="cpd:C17740"/>
        <product id="29" name="cpd:C17743"/>
    </reaction>
    <reaction id="39" name="rn:R08809" type="irreversible">
        <substrate id="26" name="cpd:C17741"/>
        <product id="88" name="cpd:C17742"/>
    </reaction>
    <reaction id="54" name="rn:R08808" type="irreversible">
        <substrate id="25" name="cpd:C17740"/>
        <product id="88" name="cpd:C17742"/>
    </reaction>
    <reaction id="49" name="rn:R02505" type="irreversible">
        <substrate id="40" name="cpd:C00540"/>
        <product id="42" name="cpd:C01745"/>
    </reaction>
    <reaction id="50" name="rn:R01614" type="irreversible">
        <substrate id="94" name="cpd:C00223"/>
        <product id="45" name="cpd:C03582"/>
    </reaction>
    <reaction id="52" name="rn:R08815" type="irreversible">
        <substrate id="40" name="cpd:C00540"/>
        <product id="94" name="cpd:C00223"/>
    </reaction>
    <reaction id="56" name="rn:R02416" type="irreversible">
        <substrate id="94" name="cpd:C00223"/>
        <product id="71" name="cpd:C02947"/>
    </reaction>
    <reaction id="58" name="rn:R06582" type="irreversible">
        <substrate id="71" name="cpd:C02947"/>
        <product id="72" name="cpd:C10434"/>
    </reaction>
    <reaction id="60" name="rn:R07433" type="irreversible">
        <substrate id="72" name="cpd:C10434"/>
        <product id="66" name="cpd:C00323"/>
    </reaction>
    <reaction id="63" name="rn:R07432" type="irreversible">
        <substrate id="94" name="cpd:C00223"/>
        <product id="73" name="cpd:C12208"/>
    </reaction>
    <reaction id="64" name="rn:R04342" type="irreversible">
        <substrate id="73" name="cpd:C12208"/>
        <product id="74" name="cpd:C00852"/>
    </reaction>
    <reaction id="76" name="rn:R01945" type="irreversible">
        <substrate id="74" name="cpd:C00852"/>
        <product id="66" name="cpd:C00323"/>
    </reaction>
    <reaction id="67" name="rn:R01942" type="irreversible">
        <substrate id="66" name="cpd:C00323"/>
        <product id="22" name="cpd:C00406"/>
    </reaction>
    <reaction id="90" name="rn:R09872" type="irreversible">
        <substrate id="45" name="cpd:C03582"/>
        <product id="91" name="cpd:C10287"/>
    </reaction>
    <reaction id="93" name="rn:R10233" type="irreversible">
        <substrate id="94" name="cpd:C00223"/>
        <product id="29" name="cpd:C17743"/>
    </reaction>
</pathway>
