<?xml version="1.0"?>
<!DOCTYPE pathway SYSTEM "https://www.kegg.jp/kegg/xml/KGML_v0.7.2_.dtd">
<!-- Creation date: Aug 25, 2023 11:46:18 +0900 (GMT+9) -->
<pathway name="path:ko00600" org="ko" number="00600"
         title="Sphingolipid metabolism"
         image="https://www.kegg.jp/kegg/pathway/ko/ko00600.png"
         link="https://www.kegg.jp/kegg-bin/show_pathway?ko00600">
    <entry id="35" name="ko:K04711" type="ortholog" reaction="rn:R06518"
        link="https://www.kegg.jp/dbget-bin/www_bget?K04711">
        <graphics name="K04711" fgcolor="#000000" bgcolor="#BFBFFF"
             type="rectangle" x="450" y="405" width="46" height="17"/>
    </entry>
    <entry id="36" name="ko:K05848" type="ortholog" reaction="rn:R06528"
        link="https://www.kegg.jp/dbget-bin/www_bget?K05848">
        <graphics name="K05848" fgcolor="#000000" bgcolor="#BFBFFF"
             type="rectangle" x="450" y="287" width="46" height="17"/>
    </entry>
    <entry id="38" name="ko:K04716 ko:K04717" type="ortholog" reaction="rn:R06522"
        link="https://www.kegg.jp/dbget-bin/www_bget?K04716+K04717">
        <graphics name="K04716..." fgcolor="#000000" bgcolor="#BFBFFF"
             type="rectangle" x="756" y="466" width="46" height="17"/>
    </entry>
    <entry id="39" name="ko:K04716 ko:K04717" type="ortholog" reaction="rn:R06521"
        link="https://www.kegg.jp/dbget-bin/www_bget?K04716+K04717">
        <graphics name="K04716..." fgcolor="#000000" bgcolor="#BFBFFF"
             type="rectangle" x="597" y="169" width="46" height="17"/>
    </entry>
    <entry id="40" name="ko:K04716 ko:K04717 ko:K23451" type="ortholog" reaction="rn:R06520"
        link="https://www.kegg.jp/dbget-bin/www_bget?K04716+K04717+K23451">
        <graphics name="K04716..." fgcolor="#000000" bgcolor="#BFBFFF"
             type="rectangle" x="307" y="213" width="46" height="17"/>
    </entry>
    <entry id="41" name="ko:K12348 ko:K12349" type="ortholog" reaction="rn:R06518"
        link="https://www.kegg.jp/dbget-bin/www_bget?K12348+K12349">
        <graphics name="K12348..." fgcolor="#000000" bgcolor="#BFBFFF"
             type="rectangle" x="450" y="384" width="46" height="17"/>
    </entry>
    <entry id="42" name="ko:K12348 ko:K12349" type="ortholog" reaction="rn:R06528"
        link="https://www.kegg.jp/dbget-bin/www_bget?K12348+K12349">
        <graphics name="K12348..." fgcolor="#000000" bgcolor="#BFBFFF"
             type="rectangle" x="450" y="266" width="46" height="17"/>
    </entry>
    <entry id="43" name="ko:K04710 ko:K24621 ko:K24622 ko:K23727" type="ortholog" reaction="rn:R06517"
        link="https://www.kegg.jp/dbget-bin/www_bget?K04710+K24621+K24622+K23727">
        <graphics name="K04710..." fgcolor="#000000" bgcolor="#BFBFFF"
             type="rectangle" x="450" y="359" width="46" height="17"/>
    </entry>
    <entry id="44" name="ko:K04712" type="ortholog" reaction="rn:R06519"
        link="https://www.kegg.jp/dbget-bin/www_bget?K04712">
        <graphics name="K04712" fgcolor="#000000" bgcolor="#BFBFFF"
             type="rectangle" x="583" y="347" width="46" height="17"/>
    </entry>
    <entry id="45" name="ko:K04709" type="ortholog" reaction="rn:R06527"
        link="https://www.kegg.jp/dbget-bin/www_bget?K04709">
        <graphics name="K04709" fgcolor="#000000" bgcolor="#BFBFFF"
             type="rectangle" x="450" y="229" width="46" height="17"/>
    </entry>
    <entry id="46" name="ko:K04713 ko:K04712" type="ortholog" reaction="rn:R06526"
        link="https://www.kegg.jp/dbget-bin/www_bget?K04713+K04712">
        <graphics name="K04713..." fgcolor="#000000" bgcolor="#BFBFFF"
             type="rectangle" x="510" y="322" width="46" height="17"/>
    </entry>
    <entry id="47" name="ko:K04713 ko:K04712" type="ortholog" reaction="rn:R06525"
        link="https://www.kegg.jp/dbget-bin/www_bget?K04713+K04712">
        <graphics name="K04713..." fgcolor="#000000" bgcolor="#BFBFFF"
             type="rectangle" x="388" y="322" width="46" height="17"/>
    </entry>
    <entry id="48" name="ko:K01117 ko:K12350 ko:K12351 ko:K12352 ko:K12353 ko:K12354" type="ortholog" reaction="rn:R02541"
        link="https://www.kegg.jp/dbget-bin/www_bget?K01117+K12350+K12351+K12352+K12353+K12354">
        <graphics name="K01117..." fgcolor="#000000" bgcolor="#BFBFFF"
             type="rectangle" x="756" y="358" width="46" height="17"/>
    </entry>
    <entry id="49" name="ko:K04710 ko:K24621 ko:K24622 ko:K23727" type="ortholog" reaction="rn:R01496"
        link="https://www.kegg.jp/dbget-bin/www_bget?K04710+K24621+K24622+K23727">
        <graphics name="K04710..." fgcolor="#000000" bgcolor="#BFBFFF"
             type="rectangle" x="606" y="263" width="46" height="17"/>
    </entry>
    <entry id="51" name="ko:K26283" type="ortholog" reaction="rn:R01503"
        link="https://www.kegg.jp/dbget-bin/www_bget?K26283">
        <graphics name="K26283" fgcolor="#000000" bgcolor="#BFBFFF"
             type="rectangle" x="756" y="266" width="46" height="17"/>
    </entry>
    <entry id="52" name="ko:K01123" type="ortholog" reaction="rn:R02542"
        link="https://www.kegg.jp/dbget-bin/www_bget?K01123">
        <graphics name="K01123" fgcolor="#000000" bgcolor="#BFBFFF"
             type="rectangle" x="816" y="385" width="46" height="17"/>
    </entry>
    <entry id="53" name="ko:K04715" type="ortholog" reaction="rn:R01495"
        link="https://www.kegg.jp/dbget-bin/www_bget?K04715">
        <graphics name="K04715" fgcolor="#000000" bgcolor="#BFBFFF"
             type="rectangle" x="756" y="417" width="46" height="17"/>
    </entry>
    <entry id="54" name="ko:K01080" type="ortholog" reaction="rn:R06522"
        link="https://www.kegg.jp/dbget-bin/www_bget?K01080">
        <graphics name="K01080" fgcolor="#000000" bgcolor="#BFBFFF"
             type="rectangle" x="756" y="445" width="46" height="17"/>
    </entry>
    <entry id="55" name="ko:K01080" type="ortholog" reaction="rn:R06521"
        link="https://www.kegg.jp/dbget-bin/www_bget?K01080">
        <graphics name="K01080" fgcolor="#000000" bgcolor="#BFBFFF"
             type="rectangle" x="547" y="169" width="46" height="17"/>
    </entry>
    <entry id="56" name="ko:K01080" type="ortholog" reaction="rn:R06520"
        link="https://www.kegg.jp/dbget-bin/www_bget?K01080">
        <graphics name="K01080" fgcolor="#000000" bgcolor="#BFBFFF"
             type="rectangle" x="256" y="213" width="46" height="17"/>
    </entry>
    <entry id="57" name="cpd:C00836" type="compound"
        link="https://www.kegg.jp/dbget-bin/www_bget?C00836">
        <graphics name="C00836" fgcolor="#000000" bgcolor="#FFFFFF"
             type="circle" x="363" y="348" width="8" height="8"/>
    </entry>
    <entry id="58" name="cpd:C12144" type="compound"
        link="https://www.kegg.jp/dbget-bin/www_bget?C12144">
        <graphics name="C12144" fgcolor="#000000" bgcolor="#FFFFFF"
             type="circle" x="401" y="276" width="8" height="8"/>
    </entry>
    <entry id="59" name="cpd:C12145" type="compound"
        link="https://www.kegg.jp/dbget-bin/www_bget?C12145">
        <graphics name="C12145" fgcolor="#000000" bgcolor="#FFFFFF"
             type="circle" x="508" y="276" width="8" height="8"/>
    </entry>
    <entry id="60" name="cpd:C12126" type="compound"
        link="https://www.kegg.jp/dbget-bin/www_bget?C12126">
        <graphics name="C12126" fgcolor="#000000" bgcolor="#FFFFFF"
             type="circle" x="508" y="348" width="8" height="8"/>
    </entry>
    <entry id="61" name="path:ko00604" type="map"
        link="https://www.kegg.jp/dbget-bin/www_bget?ko00604">
        <graphics name="Glycosphingolipid biosynthesis - ganglio series" fgcolor="#000000" bgcolor="#FFFFFF"
             type="roundrectangle" x="146" y="764" width="170" height="34"/>
    </entry>
    <entry id="62" name="cpd:C01290" type="compound"
        link="https://www.kegg.jp/dbget-bin/www_bget?C01290">
        <graphics name="C01290" fgcolor="#000000" bgcolor="#FFFFFF"
             type="circle" x="363" y="454" width="8" height="8"/>
    </entry>
    <entry id="63" name="cpd:C06124" type="compound"
        link="https://www.kegg.jp/dbget-bin/www_bget?C06124">
        <graphics name="C06124" fgcolor="#000000" bgcolor="#FFFFFF"
             type="circle" x="671" y="128" width="8" height="8"/>
    </entry>
    <entry id="64" name="path:ko00603" type="map"
        link="https://www.kegg.jp/dbget-bin/www_bget?ko00603">
        <graphics name="Glycosphingolipid biosynthesis - globo and isoglobo series" fgcolor="#000000" bgcolor="#FFFFFF"
             type="roundrectangle" x="352" y="764" width="170" height="34"/>
    </entry>
    <entry id="65" name="path:ko00601" type="map"
        link="https://www.kegg.jp/dbget-bin/www_bget?ko00601">
        <graphics name="Glycosphingolipid biosynthesis - lacto and neolacto series" fgcolor="#000000" bgcolor="#FFFFFF"
             type="roundrectangle" x="211" y="407" width="170" height="34"/>
    </entry>
    <entry id="66" name="path:ko00260" type="map"
        link="https://www.kegg.jp/dbget-bin/www_bget?ko00260">
        <graphics name="Glycine, serine and threonine metabolism" fgcolor="#000000" bgcolor="#FFFFFF"
             type="roundrectangle" x="166" y="166" width="126" height="34"/>
    </entry>
    <entry id="67" name="ko:K00654" type="ortholog" reaction="rn:R01281"
        link="https://www.kegg.jp/dbget-bin/www_bget?K00654">
        <graphics name="K00654" fgcolor="#000000" bgcolor="#BFBFFF"
             type="rectangle" x="198" y="349" width="46" height="17"/>
    </entry>
    <entry id="68" name="ko:K04708" type="ortholog" reaction="rn:R02978"
        link="https://www.kegg.jp/dbget-bin/www_bget?K04708">
        <graphics name="K04708" fgcolor="#000000" bgcolor="#BFBFFF"
             type="rectangle" x="307" y="358" width="46" height="17"/>
    </entry>
    <entry id="69" name="ko:K01019" type="ortholog" reaction="rn:R05105"
        link="https://www.kegg.jp/dbget-bin/www_bget?K01019">
        <graphics name="K01019" fgcolor="#000000" bgcolor="#BFBFFF"
             type="rectangle" x="756" y="654" width="46" height="17"/>
    </entry>
    <entry id="70" name="ko:K01189 ko:K07406 ko:K07407" type="ortholog" reaction="rn:R04019"
        link="https://www.kegg.jp/dbget-bin/www_bget?K01189+K07406+K07407">
        <graphics name="K01189..." fgcolor="#000000" bgcolor="#BFBFFF"
             type="rectangle" x="649" y="594" width="46" height="17"/>
    </entry>
    <entry id="71" name="ko:K01019" type="ortholog" reaction="rn:R04017"
        link="https://www.kegg.jp/dbget-bin/www_bget?K01019">
        <graphics name="K01019" fgcolor="#000000" bgcolor="#BFBFFF"
             type="rectangle" x="756" y="547" width="46" height="17"/>
    </entry>
    <entry id="72" name="ko:K01186 ko:K12357 ko:K23550" type="ortholog" reaction="rn:R04018"
        link="https://www.kegg.jp/dbget-bin/www_bget?K01186+K12357+K23550">
        <graphics name="K01186..." fgcolor="#000000" bgcolor="#BFBFFF"
             type="rectangle" x="601" y="546" width="46" height="17"/>
    </entry>
    <entry id="73" name="ko:K04628" type="ortholog" reaction="rn:R01500"
        link="https://www.kegg.jp/dbget-bin/www_bget?K04628">
        <graphics name="K04628" fgcolor="#000000" bgcolor="#BFBFFF"
             type="rectangle" x="694" y="496" width="46" height="17"/>
    </entry>
    <entry id="74" name="ko:K01190 ko:K12309" type="ortholog" reaction="rn:R03355"
        link="https://www.kegg.jp/dbget-bin/www_bget?K01190+K12309">
        <graphics name="K01190..." fgcolor="#000000" bgcolor="#BFBFFF"
             type="rectangle" x="450" y="466" width="46" height="17"/>
    </entry>
    <entry id="75" name="ko:K01201 ko:K17108" type="ortholog" reaction="rn:R01498"
        link="https://www.kegg.jp/dbget-bin/www_bget?K01201+K17108">
        <graphics name="K01201..." fgcolor="#000000" bgcolor="#BFBFFF"
             type="rectangle" x="583" y="455" width="46" height="17"/>
    </entry>
    <entry id="76" name="ko:K00720" type="ortholog" reaction="rn:R01497"
        link="https://www.kegg.jp/dbget-bin/www_bget?K00720">
        <graphics name="K00720" fgcolor="#000000" bgcolor="#BFBFFF"
             type="rectangle" x="583" y="417" width="46" height="17"/>
    </entry>
    <entry id="77" name="ko:K01441 ko:K12348 ko:K12349" type="ortholog" reaction="rn:R01494"
        link="https://www.kegg.jp/dbget-bin/www_bget?K01441+K12348+K12349">
        <graphics name="K01441..." fgcolor="#000000" bgcolor="#BFBFFF"
             type="rectangle" x="672" y="244" width="46" height="17"/>
    </entry>
    <entry id="80" name="ko:K04718" type="ortholog" reaction="rn:R01926"
        link="https://www.kegg.jp/dbget-bin/www_bget?K04718">
        <graphics name="K04718" fgcolor="#000000" bgcolor="#BFBFFF"
             type="rectangle" x="672" y="169" width="46" height="17"/>
    </entry>
    <entry id="81" name="ko:K04718" type="ortholog" reaction="rn:R02976"
        link="https://www.kegg.jp/dbget-bin/www_bget?K04718">
        <graphics name="K04718" fgcolor="#000000" bgcolor="#BFBFFF"
             type="rectangle" x="362" y="213" width="46" height="17"/>
    </entry>
    <entry id="82" name="ko:K01634" type="ortholog" reaction="rn:R06516"
        link="https://www.kegg.jp/dbget-bin/www_bget?K01634">
        <graphics name="K01634" fgcolor="#000000" bgcolor="#BFBFFF"
             type="rectangle" x="583" y="120" width="46" height="17"/>
    </entry>
    <entry id="83" name="ko:K01634" type="ortholog" reaction="rn:R02464"
        link="https://www.kegg.jp/dbget-bin/www_bget?K01634">
        <graphics name="K01634" fgcolor="#000000" bgcolor="#BFBFFF"
             type="rectangle" x="450" y="129" width="46" height="17"/>
    </entry>
    <entry id="85" name="ko:K01202" type="ortholog" reaction="rn:R03617"
        link="https://www.kegg.jp/dbget-bin/www_bget?K01202">
        <graphics name="K01202" fgcolor="#000000" bgcolor="#BFBFFF"
             type="rectangle" x="648" y="474" width="46" height="17"/>
    </entry>
    <entry id="86" name="path:ko00600" type="map"
        link="https://www.kegg.jp/dbget-bin/www_bget?ko00600">
        <graphics name="TITLE:Sphingolipid metabolism" fgcolor="#000000" bgcolor="#FFFFFF"
             type="roundrectangle" x="147" y="58" width="214" height="25"/>
    </entry>
    <entry id="87" name="ko:K01130" type="ortholog" reaction="rn:R04856"
        link="https://www.kegg.jp/dbget-bin/www_bget?K01130">
        <graphics name="K01130" fgcolor="#000000" bgcolor="#BFBFFF"
             type="rectangle" x="756" y="572" width="46" height="17"/>
    </entry>
    <entry id="88" name="ko:K01134" type="ortholog" reaction="rn:R04856"
        link="https://www.kegg.jp/dbget-bin/www_bget?K01134">
        <graphics name="K01134" fgcolor="#000000" bgcolor="#BFBFFF"
             type="rectangle" x="756" y="593" width="46" height="17"/>
    </entry>
    <entry id="89" name="ko:K07553 ko:K09905" type="ortholog" reaction="rn:R03354"
        link="https://www.kegg.jp/dbget-bin/www_bget?K07553+K09905">
        <graphics name="K07553..." fgcolor="#000000" bgcolor="#BFBFFF"
             type="rectangle" x="450" y="446" width="46" height="17"/>
    </entry>
    <entry id="91" name="cpd:C01190" type="compound"
        link="https://www.kegg.jp/dbget-bin/www_bget?C01190">
        <graphics name="C01190" fgcolor="#000000" bgcolor="#FFFFFF"
             type="circle" x="508" y="455" width="8" height="8"/>
    </entry>
    <entry id="92" name="cpd:C01120" type="compound"
        link="https://www.kegg.jp/dbget-bin/www_bget?C01120">
        <graphics name="C01120" fgcolor="#000000" bgcolor="#FFFFFF"
             type="circle" x="363" y="128" width="8" height="8"/>
    </entry>
    <entry id="93" name="cpd:C00346" type="compound"
        link="https://www.kegg.jp/dbget-bin/www_bget?C00346">
        <graphics name="C00346" fgcolor="#000000" bgcolor="#FFFFFF"
             type="circle" x="508" y="128" width="8" height="8"/>
    </entry>
    <entry id="94" name="cpd:C06062" type="compound"
        link="https://www.kegg.jp/dbget-bin/www_bget?C06062">
        <graphics name="C06062" fgcolor="#000000" bgcolor="#FFFFFF"
             type="circle" x="815" y="265" width="8" height="8"/>
    </entry>
    <entry id="95" name="cpd:C05681" type="compound"
        link="https://www.kegg.jp/dbget-bin/www_bget?C05681">
        <graphics name="C05681" fgcolor="#000000" bgcolor="#FFFFFF"
             type="circle" x="815" y="290" width="8" height="8"/>
    </entry>
    <entry id="96" name="cpd:C02934" type="compound"
        link="https://www.kegg.jp/dbget-bin/www_bget?C02934">
        <graphics name="C02934" fgcolor="#000000" bgcolor="#FFFFFF"
             type="circle" x="256" y="348" width="8" height="8"/>
    </entry>
    <entry id="97" name="cpd:C00065" type="compound"
        link="https://www.kegg.jp/dbget-bin/www_bget?C00065">
        <graphics name="C00065" fgcolor="#000000" bgcolor="#FFFFFF"
             type="circle" x="164" y="289" width="8" height="8"/>
    </entry>
    <entry id="98" name="cpd:C00154" type="compound"
        link="https://www.kegg.jp/dbget-bin/www_bget?C00154">
        <graphics name="C00154" fgcolor="#000000" bgcolor="#FFFFFF"
             type="circle" x="146" y="348" width="8" height="8"/>
    </entry>
    <entry id="99" name="cpd:C00319" type="compound"
        link="https://www.kegg.jp/dbget-bin/www_bget?C00319">
        <graphics name="C00319" fgcolor="#000000" bgcolor="#FFFFFF"
             type="circle" x="671" y="203" width="8" height="8"/>
    </entry>
    <entry id="100" name="cpd:C00195" type="compound"
        link="https://www.kegg.jp/dbget-bin/www_bget?C00195">
        <graphics name="C00195" fgcolor="#000000" bgcolor="#FFFFFF"
             type="circle" x="671" y="348" width="8" height="8"/>
    </entry>
    <entry id="101" name="cpd:C02686" type="compound"
        link="https://www.kegg.jp/dbget-bin/www_bget?C02686">
        <graphics name="C02686" fgcolor="#000000" bgcolor="#FFFFFF"
             type="circle" x="671" y="546" width="8" height="8"/>
    </entry>
    <entry id="102" name="cpd:C01747" type="compound"
        link="https://www.kegg.jp/dbget-bin/www_bget?C01747">
        <graphics name="C01747" fgcolor="#000000" bgcolor="#FFFFFF"
             type="circle" x="815" y="128" width="8" height="8"/>
    </entry>
    <entry id="103" name="cpd:C03640" type="compound"
        link="https://www.kegg.jp/dbget-bin/www_bget?C03640">
        <graphics name="C03640" fgcolor="#000000" bgcolor="#FFFFFF"
             type="circle" x="935" y="348" width="8" height="8"/>
    </entry>
    <entry id="104" name="cpd:C02960" type="compound"
        link="https://www.kegg.jp/dbget-bin/www_bget?C02960">
        <graphics name="C02960" fgcolor="#000000" bgcolor="#FFFFFF"
             type="circle" x="815" y="455" width="8" height="8"/>
    </entry>
    <entry id="105" name="cpd:C00550" type="compound"
        link="https://www.kegg.jp/dbget-bin/www_bget?C00550">
        <graphics name="C00550" fgcolor="#000000" bgcolor="#FFFFFF"
             type="circle" x="815" y="348" width="8" height="8"/>
    </entry>
    <entry id="106" name="cpd:C06125" type="compound"
        link="https://www.kegg.jp/dbget-bin/www_bget?C06125">
        <graphics name="C06125" fgcolor="#000000" bgcolor="#FFFFFF"
             type="circle" x="815" y="546" width="8" height="8"/>
    </entry>
    <entry id="107" name="cpd:C06128" type="compound"
        link="https://www.kegg.jp/dbget-bin/www_bget?C06128">
        <graphics name="C06128" fgcolor="#000000" bgcolor="#FFFFFF"
             type="circle" x="527" y="546" width="8" height="8"/>
    </entry>
    <entry id="108" name="cpd:C06126" type="compound"
        link="https://www.kegg.jp/dbget-bin/www_bget?C06126">
        <graphics name="C06126" fgcolor="#000000" bgcolor="#FFFFFF"
             type="circle" x="671" y="654" width="8" height="8"/>
    </entry>
    <entry id="109" name="cpd:C06127" type="compound"
        link="https://www.kegg.jp/dbget-bin/www_bget?C06127">
        <graphics name="C06127" fgcolor="#000000" bgcolor="#FFFFFF"
             type="circle" x="814" y="654" width="8" height="8"/>
    </entry>
    <entry id="124" name="ko:K04714" type="ortholog" reaction="rn:R08969"
        link="https://www.kegg.jp/dbget-bin/www_bget?K04714">
        <graphics name="K04714" fgcolor="#000000" bgcolor="#BFBFFF"
             type="rectangle" x="756" y="318" width="46" height="17"/>
    </entry>
    <entry id="131" name="ko:K04709" type="ortholog" reaction="rn:R06517"
        link="https://www.kegg.jp/dbget-bin/www_bget?K04709">
        <graphics name="K04709" fgcolor="#000000" bgcolor="#BFBFFF"
             type="rectangle" x="450" y="338" width="46" height="17"/>
    </entry>
    <entry id="133" name="cpd:C03405" type="compound"
        link="https://www.kegg.jp/dbget-bin/www_bget?C03405">
        <graphics name="C03405" fgcolor="#000000" bgcolor="#FFFFFF"
             type="circle" x="363" y="543" width="8" height="8"/>
    </entry>
    <entry id="134" name="ko:K01019" type="ortholog" reaction="rn:R12960"
        link="https://www.kegg.jp/dbget-bin/www_bget?K01019">
        <graphics name="K01019" fgcolor="#000000" bgcolor="#BFBFFF"
             type="rectangle" x="385" y="510" width="46" height="17"/>
    </entry>
    <entry id="136" name="ko:K01134" type="ortholog" reaction="rn:R12961"
        link="https://www.kegg.jp/dbget-bin/www_bget?K01134">
        <graphics name="K01134" fgcolor="#000000" bgcolor="#BFBFFF"
             type="rectangle" x="341" y="491" width="46" height="17"/>
    </entry>
    <entry id="138" name="cpd:C22467" type="compound"
        link="https://www.kegg.jp/dbget-bin/www_bget?C22467">
        <graphics name="C22467" fgcolor="#000000" bgcolor="#FFFFFF"
             type="circle" x="363" y="627" width="8" height="8"/>
    </entry>
    <entry id="140" name="ko:K00725" type="ortholog" reaction="rn:R12962"
        link="https://www.kegg.jp/dbget-bin/www_bget?K00725">
        <graphics name="K00725" fgcolor="#000000" bgcolor="#BFBFFF"
             type="rectangle" x="385" y="600" width="46" height="17"/>
    </entry>
    <entry id="141" name="ko:K12373" type="ortholog" reaction="rn:R12963"
        link="https://www.kegg.jp/dbget-bin/www_bget?K12373">
        <graphics name="K12373" fgcolor="#000000" bgcolor="#BFBFFF"
             type="rectangle" x="341" y="580" width="46" height="17"/>
    </entry>
    <entry id="142" name="cpd:C04737" type="compound"
        link="https://www.kegg.jp/dbget-bin/www_bget?C04737">
        <graphics name="C04737" fgcolor="#000000" bgcolor="#FFFFFF"
             type="circle" x="280" y="543" width="8" height="8"/>
    </entry>
    <entry id="144" name="ko:K01189 ko:K07406 ko:K07407" type="ortholog" reaction="rn:R03618"
        link="https://www.kegg.jp/dbget-bin/www_bget?K01189+K07406+K07407">
        <graphics name="K01189..." fgcolor="#000000" bgcolor="#BFBFFF"
             type="rectangle" x="281" y="510" width="46" height="17"/>
    </entry>
    <entry id="147" name="ko:K01202" type="ortholog" reaction="rn:R13179"
        link="https://www.kegg.jp/dbget-bin/www_bget?K01202">
        <graphics name="K01202" fgcolor="#000000" bgcolor="#BFBFFF"
             type="rectangle" x="896" y="169" width="46" height="17"/>
    </entry>
    <entry id="148" name="cpd:C03108" type="compound"
        link="https://www.kegg.jp/dbget-bin/www_bget?C03108">
        <graphics name="C03108" fgcolor="#000000" bgcolor="#FFFFFF"
             type="circle" x="965" y="128" width="8" height="8"/>
    </entry>
    <entry id="150" name="ko:K01201 ko:K17108" type="ortholog" reaction="rn:R13178"
        link="https://www.kegg.jp/dbget-bin/www_bget?K01201+K17108">
        <graphics name="K01201..." fgcolor="#000000" bgcolor="#BFBFFF"
             type="rectangle" x="966" y="169" width="46" height="17"/>
    </entry>
    <entry id="156" name="ko:K12309" type="ortholog" reaction="rn:R04633"
        link="https://www.kegg.jp/dbget-bin/www_bget?K12309">
        <graphics name="K12309" fgcolor="#000000" bgcolor="#BFBFFF"
             type="rectangle" x="212" y="670" width="46" height="17"/>
    </entry>
    <entry id="157" name="ko:K12373" type="ortholog" reaction="rn:R04586"
        link="https://www.kegg.jp/dbget-bin/www_bget?K12373">
        <graphics name="K12373" fgcolor="#000000" bgcolor="#BFBFFF"
             type="rectangle" x="212" y="586" width="46" height="17"/>
    </entry>
    <entry id="158" name="cpd:C06135" type="compound"
        link="https://www.kegg.jp/dbget-bin/www_bget?C06135">
        <graphics name="C06135" fgcolor="#000000" bgcolor="#FFFFFF"
             type="circle" x="142" y="627" width="8" height="8"/>
    </entry>
    <entry id="159" name="cpd:C06136" type="compound"
        link="https://www.kegg.jp/dbget-bin/www_bget?C06136">
        <graphics name="C06136" fgcolor="#000000" bgcolor="#FFFFFF"
             type="circle" x="142" y="710" width="8" height="8"/>
    </entry>
    <entry id="160" name="cpd:C04911" type="compound"
        link="https://www.kegg.jp/dbget-bin/www_bget?C04911">
        <graphics name="C04911" fgcolor="#000000" bgcolor="#FFFFFF"
             type="circle" x="211" y="710" width="8" height="8"/>
    </entry>
    <entry id="161" name="cpd:C04884" type="compound"
        link="https://www.kegg.jp/dbget-bin/www_bget?C04884">
        <graphics name="C04884" fgcolor="#000000" bgcolor="#FFFFFF"
             type="circle" x="211" y="627" width="8" height="8"/>
    </entry>
    <entry id="162" name="cpd:C04730" type="compound"
        link="https://www.kegg.jp/dbget-bin/www_bget?C04730">
        <graphics name="C04730" fgcolor="#000000" bgcolor="#FFFFFF"
             type="circle" x="211" y="543" width="8" height="8"/>
    </entry>
    <entry id="163" name="ko:K12373" type="ortholog" reaction="rn:R03492"
        link="https://www.kegg.jp/dbget-bin/www_bget?K12373">
        <graphics name="K12373" fgcolor="#000000" bgcolor="#BFBFFF"
             type="rectangle" x="143" y="586" width="46" height="17"/>
    </entry>
    <entry id="164" name="ko:K12309" type="ortholog" reaction="rn:R05112"
        link="https://www.kegg.jp/dbget-bin/www_bget?K12309">
        <graphics name="K12309" fgcolor="#000000" bgcolor="#BFBFFF"
             type="rectangle" x="143" y="670" width="46" height="17"/>
    </entry>
    <entry id="167" name="ko:K01186 ko:K12357" type="ortholog" reaction="rn:R03491"
        link="https://www.kegg.jp/dbget-bin/www_bget?K01186+K12357">
        <graphics name="K01186..." fgcolor="#000000" bgcolor="#BFBFFF"
             type="rectangle" x="212" y="510" width="46" height="17"/>
    </entry>
    <entry id="169" name="ko:K12373" type="ortholog" reaction="rn:R04184"
        link="https://www.kegg.jp/dbget-bin/www_bget?K12373">
        <graphics name="K12373" fgcolor="#000000" bgcolor="#BFBFFF"
             type="rectangle" x="281" y="586" width="46" height="17"/>
    </entry>
    <entry id="170" name="cpd:C03272" type="compound"
        link="https://www.kegg.jp/dbget-bin/www_bget?C03272">
        <graphics name="C03272" fgcolor="#000000" bgcolor="#FFFFFF"
             type="circle" x="280" y="627" width="8" height="8"/>
    </entry>
    <entry id="176" name="ko:K04628" type="ortholog" reaction="rn:R01928"
        link="https://www.kegg.jp/dbget-bin/www_bget?K04628">
        <graphics name="K04628" fgcolor="#000000" bgcolor="#BFBFFF"
             type="rectangle" x="840" y="169" width="46" height="17"/>
    </entry>
    <entry id="128" name="ko:K12382" type="ortholog"
        link="https://www.kegg.jp/dbget-bin/www_bget?K12382">
        <graphics name="K12382" fgcolor="#000000" bgcolor="#BFBFFF"
             type="rectangle" x="583" y="502" width="46" height="17"/>
    </entry>
    <entry id="172" name="ko:K12383" type="ortholog"
        link="https://www.kegg.jp/dbget-bin/www_bget?K12383">
        <graphics name="K12383" fgcolor="#000000" bgcolor="#BFBFFF"
             type="rectangle" x="212" y="603" width="46" height="17"/>
    </entry>
    <entry id="173" name="ko:K12383" type="ortholog"
        link="https://www.kegg.jp/dbget-bin/www_bget?K12383">
        <graphics name="K12383" fgcolor="#000000" bgcolor="#BFBFFF"
             type="rectangle" x="143" y="603" width="46" height="17"/>
    </entry>
    <relation entry1="67" entry2="68" type="ECrel">
        <subtype name="compound" value="96"/>
    </relation>
    <relation entry1="56" entry2="68" type="ECrel">
        <subtype name="compound" value="57"/>
    </relation>
    <relation entry1="41" entry2="56" type="ECrel">
        <subtype name="compound" value="57"/>
    </relation>
    <relation entry1="43" entry2="56" type="ECrel">
        <subtype name="compound" value="57"/>
    </relation>
    <relation entry1="47" entry2="56" type="ECrel">
        <subtype name="compound" value="57"/>
    </relation>
    <relation entry1="40" entry2="68" type="ECrel">
        <subtype name="compound" value="57"/>
    </relation>
    <relation entry1="40" entry2="41" type="ECrel">
        <subtype name="compound" value="57"/>
    </relation>
    <relation entry1="40" entry2="43" type="ECrel">
        <subtype name="compound" value="57"/>
    </relation>
    <relation entry1="40" entry2="47" type="ECrel">
        <subtype name="compound" value="57"/>
    </relation>
    <relation entry1="68" entry2="81" type="ECrel">
        <subtype name="compound" value="57"/>
    </relation>
    <relation entry1="41" entry2="81" type="ECrel">
        <subtype name="compound" value="57"/>
    </relation>
    <relation entry1="43" entry2="81" type="ECrel">
        <subtype name="compound" value="57"/>
    </relation>
    <relation entry1="47" entry2="81" type="ECrel">
        <subtype name="compound" value="57"/>
    </relation>
    <relation entry1="41" entry2="68" type="ECrel">
        <subtype name="compound" value="57"/>
    </relation>
    <relation entry1="43" entry2="68" type="ECrel">
        <subtype name="compound" value="57"/>
    </relation>
    <relation entry1="47" entry2="68" type="ECrel">
        <subtype name="compound" value="57"/>
    </relation>
    <relation entry1="41" entry2="47" type="ECrel">
        <subtype name="compound" value="57"/>
    </relation>
    <relation entry1="43" entry2="47" type="ECrel">
        <subtype name="compound" value="57"/>
    </relation>
    <relation entry1="43" entry2="44" type="ECrel">
        <subtype name="compound" value="60"/>
    </relation>
    <relation entry1="43" entry2="46" type="ECrel">
        <subtype name="compound" value="60"/>
    </relation>
    <relation entry1="41" entry2="44" type="ECrel">
        <subtype name="compound" value="60"/>
    </relation>
    <relation entry1="41" entry2="46" type="ECrel">
        <subtype name="compound" value="60"/>
    </relation>
    <relation entry1="44" entry2="46" type="ECrel">
        <subtype name="compound" value="60"/>
    </relation>
    <relation entry1="45" entry2="47" type="ECrel">
        <subtype name="compound" value="58"/>
    </relation>
    <relation entry1="42" entry2="47" type="ECrel">
        <subtype name="compound" value="58"/>
    </relation>
    <relation entry1="45" entry2="46" type="ECrel">
        <subtype name="compound" value="59"/>
    </relation>
    <relation entry1="42" entry2="46" type="ECrel">
        <subtype name="compound" value="59"/>
    </relation>
    <relation entry1="49" entry2="51" type="ECrel">
        <subtype name="compound" value="100"/>
    </relation>
    <relation entry1="48" entry2="49" type="ECrel">
        <subtype name="compound" value="100"/>
    </relation>
    <relation entry1="49" entry2="53" type="ECrel">
        <subtype name="compound" value="100"/>
    </relation>
    <relation entry1="49" entry2="54" type="ECrel">
        <subtype name="compound" value="100"/>
    </relation>
    <relation entry1="38" entry2="49" type="ECrel">
        <subtype name="compound" value="100"/>
    </relation>
    <relation entry1="49" entry2="85" type="ECrel">
        <subtype name="compound" value="100"/>
    </relation>
    <relation entry1="49" entry2="73" type="ECrel">
        <subtype name="compound" value="100"/>
    </relation>
    <relation entry1="49" entry2="75" type="ECrel">
        <subtype name="compound" value="100"/>
    </relation>
    <relation entry1="49" entry2="76" type="ECrel">
        <subtype name="compound" value="100"/>
    </relation>
    <relation entry1="44" entry2="49" type="ECrel">
        <subtype name="compound" value="100"/>
    </relation>
    <relation entry1="51" entry2="77" type="ECrel">
        <subtype name="compound" value="100"/>
    </relation>
    <relation entry1="48" entry2="77" type="ECrel">
        <subtype name="compound" value="100"/>
    </relation>
    <relation entry1="53" entry2="77" type="ECrel">
        <subtype name="compound" value="100"/>
    </relation>
    <relation entry1="54" entry2="77" type="ECrel">
        <subtype name="compound" value="100"/>
    </relation>
    <relation entry1="38" entry2="77" type="ECrel">
        <subtype name="compound" value="100"/>
    </relation>
    <relation entry1="77" entry2="85" type="ECrel">
        <subtype name="compound" value="100"/>
    </relation>
    <relation entry1="73" entry2="77" type="ECrel">
        <subtype name="compound" value="100"/>
    </relation>
    <relation entry1="75" entry2="77" type="ECrel">
        <subtype name="compound" value="100"/>
    </relation>
    <relation entry1="76" entry2="77" type="ECrel">
        <subtype name="compound" value="100"/>
    </relation>
    <relation entry1="44" entry2="77" type="ECrel">
        <subtype name="compound" value="100"/>
    </relation>
    <relation entry1="48" entry2="51" type="ECrel">
        <subtype name="compound" value="100"/>
    </relation>
    <relation entry1="51" entry2="53" type="ECrel">
        <subtype name="compound" value="100"/>
    </relation>
    <relation entry1="51" entry2="54" type="ECrel">
        <subtype name="compound" value="100"/>
    </relation>
    <relation entry1="38" entry2="51" type="ECrel">
        <subtype name="compound" value="100"/>
    </relation>
    <relation entry1="51" entry2="85" type="ECrel">
        <subtype name="compound" value="100"/>
    </relation>
    <relation entry1="51" entry2="73" type="ECrel">
        <subtype name="compound" value="100"/>
    </relation>
    <relation entry1="51" entry2="75" type="ECrel">
        <subtype name="compound" value="100"/>
    </relation>
    <relation entry1="51" entry2="76" type="ECrel">
        <subtype name="compound" value="100"/>
    </relation>
    <relation entry1="44" entry2="51" type="ECrel">
        <subtype name="compound" value="100"/>
    </relation>
    <relation entry1="48" entry2="53" type="ECrel">
        <subtype name="compound" value="100"/>
    </relation>
    <relation entry1="48" entry2="54" type="ECrel">
        <subtype name="compound" value="100"/>
    </relation>
    <relation entry1="38" entry2="48" type="ECrel">
        <subtype name="compound" value="100"/>
    </relation>
    <relation entry1="48" entry2="85" type="ECrel">
        <subtype name="compound" value="100"/>
    </relation>
    <relation entry1="48" entry2="73" type="ECrel">
        <subtype name="compound" value="100"/>
    </relation>
    <relation entry1="48" entry2="75" type="ECrel">
        <subtype name="compound" value="100"/>
    </relation>
    <relation entry1="48" entry2="76" type="ECrel">
        <subtype name="compound" value="100"/>
    </relation>
    <relation entry1="44" entry2="48" type="ECrel">
        <subtype name="compound" value="100"/>
    </relation>
    <relation entry1="53" entry2="85" type="ECrel">
        <subtype name="compound" value="100"/>
    </relation>
    <relation entry1="53" entry2="73" type="ECrel">
        <subtype name="compound" value="100"/>
    </relation>
    <relation entry1="53" entry2="75" type="ECrel">
        <subtype name="compound" value="100"/>
    </relation>
    <relation entry1="53" entry2="76" type="ECrel">
        <subtype name="compound" value="100"/>
    </relation>
    <relation entry1="44" entry2="53" type="ECrel">
        <subtype name="compound" value="100"/>
    </relation>
    <relation entry1="54" entry2="85" type="ECrel">
        <subtype name="compound" value="100"/>
    </relation>
    <relation entry1="54" entry2="73" type="ECrel">
        <subtype name="compound" value="100"/>
    </relation>
    <relation entry1="54" entry2="75" type="ECrel">
        <subtype name="compound" value="100"/>
    </relation>
    <relation entry1="54" entry2="76" type="ECrel">
        <subtype name="compound" value="100"/>
    </relation>
    <relation entry1="44" entry2="54" type="ECrel">
        <subtype name="compound" value="100"/>
    </relation>
    <relation entry1="38" entry2="85" type="ECrel">
        <subtype name="compound" value="100"/>
    </relation>
    <relation entry1="38" entry2="73" type="ECrel">
        <subtype name="compound" value="100"/>
    </relation>
    <relation entry1="38" entry2="75" type="ECrel">
        <subtype name="compound" value="100"/>
    </relation>
    <relation entry1="38" entry2="76" type="ECrel">
        <subtype name="compound" value="100"/>
    </relation>
    <relation entry1="38" entry2="44" type="ECrel">
        <subtype name="compound" value="100"/>
    </relation>
    <relation entry1="75" entry2="85" type="ECrel">
        <subtype name="compound" value="100"/>
    </relation>
    <relation entry1="76" entry2="85" type="ECrel">
        <subtype name="compound" value="100"/>
    </relation>
    <relation entry1="44" entry2="85" type="ECrel">
        <subtype name="compound" value="100"/>
    </relation>
    <relation entry1="73" entry2="75" type="ECrel">
        <subtype name="compound" value="100"/>
    </relation>
    <relation entry1="73" entry2="76" type="ECrel">
        <subtype name="compound" value="100"/>
    </relation>
    <relation entry1="44" entry2="73" type="ECrel">
        <subtype name="compound" value="100"/>
    </relation>
    <relation entry1="44" entry2="75" type="ECrel">
        <subtype name="compound" value="100"/>
    </relation>
    <relation entry1="44" entry2="76" type="ECrel">
        <subtype name="compound" value="100"/>
    </relation>
    <relation entry1="48" entry2="52" type="ECrel">
        <subtype name="compound" value="105"/>
    </relation>
    <relation entry1="49" entry2="80" type="ECrel">
        <subtype name="compound" value="99"/>
    </relation>
    <relation entry1="77" entry2="80" type="ECrel">
        <subtype name="compound" value="99"/>
    </relation>
    <relation entry1="39" entry2="49" type="ECrel">
        <subtype name="compound" value="99"/>
    </relation>
    <relation entry1="39" entry2="77" type="ECrel">
        <subtype name="compound" value="99"/>
    </relation>
    <relation entry1="49" entry2="55" type="ECrel">
        <subtype name="compound" value="99"/>
    </relation>
    <relation entry1="55" entry2="77" type="ECrel">
        <subtype name="compound" value="99"/>
    </relation>
    <relation entry1="55" entry2="82" type="ECrel">
        <subtype name="compound" value="63"/>
    </relation>
    <relation entry1="39" entry2="82" type="ECrel">
        <subtype name="compound" value="63"/>
    </relation>
    <relation entry1="80" entry2="82" type="ECrel">
        <subtype name="compound" value="63"/>
    </relation>
    <relation entry1="56" entry2="83" type="ECrel">
        <subtype name="compound" value="92"/>
    </relation>
    <relation entry1="40" entry2="83" type="ECrel">
        <subtype name="compound" value="92"/>
    </relation>
    <relation entry1="81" entry2="83" type="ECrel">
        <subtype name="compound" value="92"/>
    </relation>
    <relation entry1="52" entry2="53" type="ECrel">
        <subtype name="compound" value="104"/>
    </relation>
    <relation entry1="52" entry2="54" type="ECrel">
        <subtype name="compound" value="104"/>
    </relation>
    <relation entry1="38" entry2="52" type="ECrel">
        <subtype name="compound" value="104"/>
    </relation>
    <relation entry1="71" entry2="73" type="ECrel">
        <subtype name="compound" value="101"/>
    </relation>
    <relation entry1="73" entry2="88" type="ECrel">
        <subtype name="compound" value="101"/>
    </relation>
    <relation entry1="73" entry2="87" type="ECrel">
        <subtype name="compound" value="101"/>
    </relation>
    <relation entry1="70" entry2="73" type="ECrel">
        <subtype name="compound" value="101"/>
    </relation>
    <relation entry1="72" entry2="73" type="ECrel">
        <subtype name="compound" value="101"/>
    </relation>
    <relation entry1="71" entry2="85" type="ECrel">
        <subtype name="compound" value="101"/>
    </relation>
    <relation entry1="85" entry2="88" type="ECrel">
        <subtype name="compound" value="101"/>
    </relation>
    <relation entry1="85" entry2="87" type="ECrel">
        <subtype name="compound" value="101"/>
    </relation>
    <relation entry1="70" entry2="85" type="ECrel">
        <subtype name="compound" value="101"/>
    </relation>
    <relation entry1="72" entry2="85" type="ECrel">
        <subtype name="compound" value="101"/>
    </relation>
    <relation entry1="70" entry2="71" type="ECrel">
        <subtype name="compound" value="101"/>
    </relation>
    <relation entry1="71" entry2="72" type="ECrel">
        <subtype name="compound" value="101"/>
    </relation>
    <relation entry1="70" entry2="88" type="ECrel">
        <subtype name="compound" value="101"/>
    </relation>
    <relation entry1="72" entry2="88" type="ECrel">
        <subtype name="compound" value="101"/>
    </relation>
    <relation entry1="70" entry2="87" type="ECrel">
        <subtype name="compound" value="101"/>
    </relation>
    <relation entry1="72" entry2="87" type="ECrel">
        <subtype name="compound" value="101"/>
    </relation>
    <relation entry1="70" entry2="72" type="ECrel">
        <subtype name="compound" value="101"/>
    </relation>
    <relation entry1="69" entry2="70" type="ECrel">
        <subtype name="compound" value="108"/>
    </relation>
    <relation entry1="74" entry2="76" type="ECrel">
        <subtype name="compound" value="91"/>
    </relation>
    <relation entry1="76" entry2="89" type="ECrel">
        <subtype name="compound" value="91"/>
    </relation>
    <relation entry1="74" entry2="75" type="ECrel">
        <subtype name="compound" value="91"/>
    </relation>
    <relation entry1="75" entry2="89" type="ECrel">
        <subtype name="compound" value="91"/>
    </relation>
    <relation entry1="68" entry2="35" type="ECrel">
        <subtype name="compound" value="57"/>
    </relation>
    <relation entry1="40" entry2="56" type="ECrel">
        <subtype name="compound" value="57"/>
    </relation>
    <relation entry1="56" entry2="81" type="ECrel">
        <subtype name="compound" value="57"/>
    </relation>
    <relation entry1="56" entry2="35" type="ECrel">
        <subtype name="compound" value="57"/>
    </relation>
    <relation entry1="40" entry2="81" type="ECrel">
        <subtype name="compound" value="57"/>
    </relation>
    <relation entry1="40" entry2="35" type="ECrel">
        <subtype name="compound" value="57"/>
    </relation>
    <relation entry1="81" entry2="35" type="ECrel">
        <subtype name="compound" value="57"/>
    </relation>
    <relation entry1="47" entry2="35" type="ECrel">
        <subtype name="compound" value="57"/>
    </relation>
    <relation entry1="46" entry2="35" type="ECrel">
        <subtype name="compound" value="60"/>
    </relation>
    <relation entry1="44" entry2="35" type="ECrel">
        <subtype name="compound" value="60"/>
    </relation>
    <relation entry1="47" entry2="36" type="ECrel">
        <subtype name="compound" value="58"/>
    </relation>
    <relation entry1="45" entry2="81" type="ECrel">
        <subtype name="compound" value="58"/>
    </relation>
    <relation entry1="42" entry2="81" type="ECrel">
        <subtype name="compound" value="58"/>
    </relation>
    <relation entry1="81" entry2="36" type="ECrel">
        <subtype name="compound" value="58"/>
    </relation>
    <relation entry1="46" entry2="36" type="ECrel">
        <subtype name="compound" value="59"/>
    </relation>
    <relation entry1="89" entry2="65" type="maplink">
        <subtype name="compound" value="62"/>
    </relation>
    <relation entry1="89" entry2="64" type="maplink">
        <subtype name="compound" value="62"/>
    </relation>
    <relation entry1="89" entry2="61" type="maplink">
        <subtype name="compound" value="62"/>
    </relation>
    <relation entry1="74" entry2="65" type="maplink">
        <subtype name="compound" value="62"/>
    </relation>
    <relation entry1="74" entry2="64" type="maplink">
        <subtype name="compound" value="62"/>
    </relation>
    <relation entry1="74" entry2="61" type="maplink">
        <subtype name="compound" value="62"/>
    </relation>
    <relation entry1="64" entry2="65" type="maplink">
        <subtype name="compound" value="62"/>
    </relation>
    <relation entry1="61" entry2="65" type="maplink">
        <subtype name="compound" value="62"/>
    </relation>
    <relation entry1="61" entry2="64" type="maplink">
        <subtype name="compound" value="62"/>
    </relation>
    <relation entry1="67" entry2="66" type="maplink">
        <subtype name="compound" value="97"/>
    </relation>
    <relation entry1="124" entry2="52" type="ECrel">
        <subtype name="compound" value="105"/>
    </relation>
    <relation entry1="49" entry2="124" type="ECrel">
        <subtype name="compound" value="100"/>
    </relation>
    <relation entry1="77" entry2="124" type="ECrel">
        <subtype name="compound" value="100"/>
    </relation>
    <relation entry1="51" entry2="124" type="ECrel">
        <subtype name="compound" value="100"/>
    </relation>
    <relation entry1="124" entry2="53" type="ECrel">
        <subtype name="compound" value="100"/>
    </relation>
    <relation entry1="124" entry2="54" type="ECrel">
        <subtype name="compound" value="100"/>
    </relation>
    <relation entry1="124" entry2="38" type="ECrel">
        <subtype name="compound" value="100"/>
    </relation>
    <relation entry1="124" entry2="85" type="ECrel">
        <subtype name="compound" value="100"/>
    </relation>
    <relation entry1="124" entry2="73" type="ECrel">
        <subtype name="compound" value="100"/>
    </relation>
    <relation entry1="124" entry2="75" type="ECrel">
        <subtype name="compound" value="100"/>
    </relation>
    <relation entry1="124" entry2="76" type="ECrel">
        <subtype name="compound" value="100"/>
    </relation>
    <relation entry1="124" entry2="44" type="ECrel">
        <subtype name="compound" value="100"/>
    </relation>
    <relation entry1="131" entry2="44" type="ECrel">
        <subtype name="compound" value="60"/>
    </relation>
    <relation entry1="131" entry2="46" type="ECrel">
        <subtype name="compound" value="60"/>
    </relation>
    <relation entry1="131" entry2="68" type="ECrel">
        <subtype name="compound" value="57"/>
    </relation>
    <relation entry1="131" entry2="56" type="ECrel">
        <subtype name="compound" value="57"/>
    </relation>
    <relation entry1="131" entry2="40" type="ECrel">
        <subtype name="compound" value="57"/>
    </relation>
    <relation entry1="131" entry2="81" type="ECrel">
        <subtype name="compound" value="57"/>
    </relation>
    <relation entry1="131" entry2="47" type="ECrel">
        <subtype name="compound" value="57"/>
    </relation>
    <relation entry1="89" entry2="134" type="ECrel">
        <subtype name="compound" value="62"/>
    </relation>
    <relation entry1="136" entry2="74" type="ECrel">
        <subtype name="compound" value="62"/>
    </relation>
    <relation entry1="89" entry2="136" type="ECrel">
        <subtype name="compound" value="62"/>
    </relation>
    <relation entry1="134" entry2="74" type="ECrel">
        <subtype name="compound" value="62"/>
    </relation>
    <relation entry1="134" entry2="65" type="maplink">
        <subtype name="compound" value="62"/>
    </relation>
    <relation entry1="134" entry2="64" type="maplink">
        <subtype name="compound" value="62"/>
    </relation>
    <relation entry1="134" entry2="61" type="maplink">
        <subtype name="compound" value="62"/>
    </relation>
    <relation entry1="136" entry2="65" type="maplink">
        <subtype name="compound" value="62"/>
    </relation>
    <relation entry1="136" entry2="64" type="maplink">
        <subtype name="compound" value="62"/>
    </relation>
    <relation entry1="136" entry2="61" type="maplink">
        <subtype name="compound" value="62"/>
    </relation>
    <relation entry1="134" entry2="140" type="ECrel">
        <subtype name="compound" value="133"/>
    </relation>
    <relation entry1="136" entry2="140" type="ECrel">
        <subtype name="compound" value="133"/>
    </relation>
    <relation entry1="141" entry2="136" type="ECrel">
        <subtype name="compound" value="133"/>
    </relation>
    <relation entry1="141" entry2="134" type="ECrel">
        <subtype name="compound" value="133"/>
    </relation>
    <relation entry1="144" entry2="74" type="ECrel">
        <subtype name="compound" value="62"/>
    </relation>
    <relation entry1="144" entry2="89" type="ECrel">
        <subtype name="compound" value="62"/>
    </relation>
    <relation entry1="144" entry2="134" type="ECrel">
        <subtype name="compound" value="62"/>
    </relation>
    <relation entry1="144" entry2="136" type="ECrel">
        <subtype name="compound" value="62"/>
    </relation>
    <relation entry1="144" entry2="64" type="maplink">
        <subtype name="compound" value="142"/>
    </relation>
    <relation entry1="147" entry2="150" type="ECrel">
        <subtype name="compound" value="99"/>
    </relation>
    <relation entry1="147" entry2="77" type="ECrel">
        <subtype name="compound" value="99"/>
    </relation>
    <relation entry1="147" entry2="80" type="ECrel">
        <subtype name="compound" value="99"/>
    </relation>
    <relation entry1="147" entry2="39" type="ECrel">
        <subtype name="compound" value="99"/>
    </relation>
    <relation entry1="147" entry2="55" type="ECrel">
        <subtype name="compound" value="99"/>
    </relation>
    <relation entry1="147" entry2="49" type="ECrel">
        <subtype name="compound" value="99"/>
    </relation>
    <relation entry1="150" entry2="77" type="ECrel">
        <subtype name="compound" value="99"/>
    </relation>
    <relation entry1="150" entry2="80" type="ECrel">
        <subtype name="compound" value="99"/>
    </relation>
    <relation entry1="150" entry2="39" type="ECrel">
        <subtype name="compound" value="99"/>
    </relation>
    <relation entry1="150" entry2="55" type="ECrel">
        <subtype name="compound" value="99"/>
    </relation>
    <relation entry1="150" entry2="49" type="ECrel">
        <subtype name="compound" value="99"/>
    </relation>
    <relation entry1="89" entry2="167" type="ECrel">
        <subtype name="compound" value="62"/>
    </relation>
    <relation entry1="89" entry2="163" type="ECrel">
        <subtype name="compound" value="62"/>
    </relation>
    <relation entry1="74" entry2="167" type="ECrel">
        <subtype name="compound" value="62"/>
    </relation>
    <relation entry1="74" entry2="163" type="ECrel">
        <subtype name="compound" value="62"/>
    </relation>
    <relation entry1="65" entry2="144" type="maplink">
        <subtype name="compound" value="62"/>
    </relation>
    <relation entry1="65" entry2="167" type="maplink">
        <subtype name="compound" value="62"/>
    </relation>
    <relation entry1="65" entry2="163" type="maplink">
        <subtype name="compound" value="62"/>
    </relation>
    <relation entry1="134" entry2="167" type="ECrel">
        <subtype name="compound" value="62"/>
    </relation>
    <relation entry1="134" entry2="163" type="ECrel">
        <subtype name="compound" value="62"/>
    </relation>
    <relation entry1="136" entry2="167" type="ECrel">
        <subtype name="compound" value="62"/>
    </relation>
    <relation entry1="136" entry2="163" type="ECrel">
        <subtype name="compound" value="62"/>
    </relation>
    <relation entry1="144" entry2="167" type="ECrel">
        <subtype name="compound" value="62"/>
    </relation>
    <relation entry1="144" entry2="163" type="ECrel">
        <subtype name="compound" value="62"/>
    </relation>
    <relation entry1="144" entry2="61" type="maplink">
        <subtype name="compound" value="62"/>
    </relation>
    <relation entry1="144" entry2="64" type="maplink">
        <subtype name="compound" value="62"/>
    </relation>
    <relation entry1="167" entry2="163" type="ECrel">
        <subtype name="compound" value="62"/>
    </relation>
    <relation entry1="167" entry2="61" type="maplink">
        <subtype name="compound" value="62"/>
    </relation>
    <relation entry1="167" entry2="64" type="maplink">
        <subtype name="compound" value="62"/>
    </relation>
    <relation entry1="163" entry2="61" type="maplink">
        <subtype name="compound" value="62"/>
    </relation>
    <relation entry1="163" entry2="64" type="maplink">
        <subtype name="compound" value="62"/>
    </relation>
    <relation entry1="163" entry2="164" type="ECrel">
        <subtype name="compound" value="158"/>
    </relation>
    <relation entry1="164" entry2="61" type="maplink">
        <subtype name="compound" value="159"/>
    </relation>
    <relation entry1="157" entry2="156" type="ECrel">
        <subtype name="compound" value="161"/>
    </relation>
    <relation entry1="156" entry2="61" type="maplink">
        <subtype name="compound" value="160"/>
    </relation>
    <relation entry1="144" entry2="169" type="ECrel">
        <subtype name="compound" value="142"/>
    </relation>
    <relation entry1="169" entry2="64" type="maplink">
        <subtype name="compound" value="170"/>
    </relation>
    <relation entry1="176" entry2="150" type="ECrel">
        <subtype name="compound" value="99"/>
    </relation>
    <relation entry1="176" entry2="77" type="ECrel">
        <subtype name="compound" value="99"/>
    </relation>
    <relation entry1="176" entry2="49" type="ECrel">
        <subtype name="compound" value="99"/>
    </relation>
    <relation entry1="176" entry2="80" type="ECrel">
        <subtype name="compound" value="99"/>
    </relation>
    <relation entry1="176" entry2="39" type="ECrel">
        <subtype name="compound" value="99"/>
    </relation>
    <relation entry1="176" entry2="55" type="ECrel">
        <subtype name="compound" value="99"/>
    </relation>
    <reaction id="35" name="rn:R06518" type="irreversible">
        <substrate id="60" name="cpd:C12126"/>
        <product id="57" name="cpd:C00836"/>
    </reaction>
    <reaction id="36" name="rn:R06528" type="irreversible">
        <substrate id="59" name="cpd:C12145"/>
        <product id="58" name="cpd:C12144"/>
    </reaction>
    <reaction id="38" name="rn:R06522" type="irreversible">
        <substrate id="104" name="cpd:C02960"/>
        <product id="100" name="cpd:C00195"/>
    </reaction>
    <reaction id="39" name="rn:R06521" type="irreversible">
        <substrate id="63" name="cpd:C06124"/>
        <product id="99" name="cpd:C00319"/>
    </reaction>
    <reaction id="40" name="rn:R06520" type="irreversible">
        <substrate id="92" name="cpd:C01120"/>
        <product id="57" name="cpd:C00836"/>
    </reaction>
    <reaction id="41" name="rn:R06518" type="irreversible">
        <substrate id="60" name="cpd:C12126"/>
        <product id="57" name="cpd:C00836"/>
    </reaction>
    <reaction id="42" name="rn:R06528" type="irreversible">
        <substrate id="59" name="cpd:C12145"/>
        <product id="58" name="cpd:C12144"/>
    </reaction>
    <reaction id="43" name="rn:R06517" type="irreversible">
        <substrate id="57" name="cpd:C00836"/>
        <product id="60" name="cpd:C12126"/>
    </reaction>
    <reaction id="44" name="rn:R06519" type="irreversible">
        <substrate id="60" name="cpd:C12126"/>
        <product id="100" name="cpd:C00195"/>
    </reaction>
    <reaction id="45" name="rn:R06527" type="irreversible">
        <substrate id="58" name="cpd:C12144"/>
        <product id="59" name="cpd:C12145"/>
    </reaction>
    <reaction id="46" name="rn:R06526" type="irreversible">
        <substrate id="60" name="cpd:C12126"/>
        <product id="59" name="cpd:C12145"/>
    </reaction>
    <reaction id="47" name="rn:R06525" type="irreversible">
        <substrate id="57" name="cpd:C00836"/>
        <product id="58" name="cpd:C12144"/>
    </reaction>
    <reaction id="48" name="rn:R02541" type="irreversible">
        <substrate id="105" name="cpd:C00550"/>
        <product id="100" name="cpd:C00195"/>
    </reaction>
    <reaction id="49" name="rn:R01496" type="irreversible">
        <substrate id="99" name="cpd:C00319"/>
        <product id="100" name="cpd:C00195"/>
    </reaction>
    <reaction id="51" name="rn:R01503" type="irreversible">
        <substrate id="100" name="cpd:C00195"/>
        <product id="94" name="cpd:C06062"/>
    </reaction>
    <reaction id="52" name="rn:R02542" type="irreversible">
        <substrate id="105" name="cpd:C00550"/>
        <product id="104" name="cpd:C02960"/>
    </reaction>
    <reaction id="53" name="rn:R01495" type="irreversible">
        <substrate id="100" name="cpd:C00195"/>
        <product id="104" name="cpd:C02960"/>
    </reaction>
    <reaction id="54" name="rn:R06522" type="irreversible">
        <substrate id="104" name="cpd:C02960"/>
        <product id="100" name="cpd:C00195"/>
    </reaction>
    <reaction id="55" name="rn:R06521" type="irreversible">
        <substrate id="63" name="cpd:C06124"/>
        <product id="99" name="cpd:C00319"/>
    </reaction>
    <reaction id="56" name="rn:R06520" type="irreversible">
        <substrate id="92" name="cpd:C01120"/>
        <product id="57" name="cpd:C00836"/>
    </reaction>
    <reaction id="67" name="rn:R01281" type="irreversible">
        <substrate id="98" name="cpd:C00154"/>
        <substrate id="97" name="cpd:C00065"/>
        <product id="96" name="cpd:C02934"/>
    </reaction>
    <reaction id="68" name="rn:R02978" type="irreversible">
        <substrate id="96" name="cpd:C02934"/>
        <product id="57" name="cpd:C00836"/>
    </reaction>
    <reaction id="69" name="rn:R05105" type="irreversible">
        <substrate id="108" name="cpd:C06126"/>
        <product id="109" name="cpd:C06127"/>
    </reaction>
    <reaction id="70" name="rn:R04019" type="irreversible">
        <substrate id="108" name="cpd:C06126"/>
        <product id="101" name="cpd:C02686"/>
    </reaction>
    <reaction id="71" name="rn:R04017" type="irreversible">
        <substrate id="101" name="cpd:C02686"/>
        <product id="106" name="cpd:C06125"/>
    </reaction>
    <reaction id="72" name="rn:R04018" type="irreversible">
        <substrate id="107" name="cpd:C06128"/>
        <product id="101" name="cpd:C02686"/>
    </reaction>
    <reaction id="73" name="rn:R01500" type="irreversible">
        <substrate id="100" name="cpd:C00195"/>
        <product id="101" name="cpd:C02686"/>
    </reaction>
    <reaction id="74" name="rn:R03355" type="irreversible">
        <substrate id="62" name="cpd:C01290"/>
        <product id="91" name="cpd:C01190"/>
    </reaction>
    <reaction id="75" name="rn:R01498" type="irreversible">
        <substrate id="91" name="cpd:C01190"/>
        <product id="100" name="cpd:C00195"/>
    </reaction>
    <reaction id="76" name="rn:R01497" type="irreversible">
        <substrate id="100" name="cpd:C00195"/>
        <product id="91" name="cpd:C01190"/>
    </reaction>
    <reaction id="77" name="rn:R01494" type="irreversible">
        <substrate id="100" name="cpd:C00195"/>
        <product id="99" name="cpd:C00319"/>
    </reaction>
    <reaction id="80" name="rn:R01926" type="irreversible">
        <substrate id="99" name="cpd:C00319"/>
        <product id="63" name="cpd:C06124"/>
    </reaction>
    <reaction id="81" name="rn:R02976" type="irreversible">
        <substrate id="57" name="cpd:C00836"/>
        <product id="92" name="cpd:C01120"/>
    </reaction>
    <reaction id="82" name="rn:R06516" type="irreversible">
        <substrate id="63" name="cpd:C06124"/>
        <product id="93" name="cpd:C00346"/>
    </reaction>
    <reaction id="83" name="rn:R02464" type="irreversible">
        <substrate id="92" name="cpd:C01120"/>
        <product id="93" name="cpd:C00346"/>
    </reaction>
    <reaction id="85" name="rn:R03617" type="irreversible">
        <substrate id="101" name="cpd:C02686"/>
        <product id="100" name="cpd:C00195"/>
    </reaction>
    <reaction id="87" name="rn:R04856" type="irreversible">
        <substrate id="106" name="cpd:C06125"/>
        <product id="101" name="cpd:C02686"/>
    </reaction>
    <reaction id="88" name="rn:R04856" type="irreversible">
        <substrate id="106" name="cpd:C06125"/>
        <product id="101" name="cpd:C02686"/>
    </reaction>
    <reaction id="89" name="rn:R03354" type="irreversible">
        <substrate id="91" name="cpd:C01190"/>
        <product id="62" name="cpd:C01290"/>
    </reaction>
    <reaction id="124" name="rn:R08969" type="reversible">
        <substrate id="100" name="cpd:C00195"/>
        <product id="105" name="cpd:C00550"/>
    </reaction>
    <reaction id="131" name="rn:R06517" type="irreversible">
        <substrate id="57" name="cpd:C00836"/>
        <product id="60" name="cpd:C12126"/>
    </reaction>
    <reaction id="141" name="rn:R12963" type="irreversible">
        <substrate id="138" name="cpd:C22467"/>
        <product id="133" name="cpd:C03405"/>
    </reaction>
    <reaction id="140" name="rn:R12962" type="irreversible">
        <substrate id="133" name="cpd:C03405"/>
        <product id="138" name="cpd:C22467"/>
    </reaction>
    <reaction id="136" name="rn:R12961" type="irreversible">
        <substrate id="133" name="cpd:C03405"/>
        <product id="62" name="cpd:C01290"/>
    </reaction>
    <reaction id="134" name="rn:R12960" type="irreversible">
        <substrate id="62" name="cpd:C01290"/>
        <product id="133" name="cpd:C03405"/>
    </reaction>
    <reaction id="147" name="rn:R13179" type="irreversible">
        <substrate id="102" name="cpd:C01747"/>
        <product id="99" name="cpd:C00319"/>
    </reaction>
    <reaction id="150" name="rn:R13178" type="irreversible">
        <substrate id="148" name="cpd:C03108"/>
        <product id="99" name="cpd:C00319"/>
    </reaction>
    <reaction id="144" name="rn:R03618" type="irreversible">
        <substrate id="142" name="cpd:C04737"/>
        <product id="62" name="cpd:C01290"/>
    </reaction>
    <reaction id="169" name="rn:R04184" type="irreversible">
        <substrate id="170" name="cpd:C03272"/>
        <product id="142" name="cpd:C04737"/>
    </reaction>
    <reaction id="167" name="rn:R03491" type="irreversible">
        <substrate id="162" name="cpd:C04730"/>
        <product id="62" name="cpd:C01290"/>
    </reaction>
    <reaction id="157" name="rn:R04586" type="irreversible">
        <substrate id="161" name="cpd:C04884"/>
        <product id="162" name="cpd:C04730"/>
    </reaction>
    <reaction id="156" name="rn:R04633" type="irreversible">
        <substrate id="160" name="cpd:C04911"/>
        <product id="161" name="cpd:C04884"/>
    </reaction>
    <reaction id="163" name="rn:R03492" type="irreversible">
        <substrate id="158" name="cpd:C06135"/>
        <product id="62" name="cpd:C01290"/>
    </reaction>
    <reaction id="164" name="rn:R05112" type="irreversible">
        <substrate id="159" name="cpd:C06136"/>
        <product id="158" name="cpd:C06135"/>
    </reaction>
    <reaction id="176" name="rn:R01928" type="irreversible">
        <substrate id="99" name="cpd:C00319"/>
        <product id="102" name="cpd:C01747"/>
    </reaction>
</pathway>
