<?xml version="1.0"?>
<!DOCTYPE pathway SYSTEM "https://www.kegg.jp/kegg/xml/KGML_v0.7.2_.dtd">
<!-- Creation date: Feb 27, 2017 12:00:27 +0900 (GMT+9) -->
<pathway name="path:ko01055" org="ko" number="01055"
         title="Biosynthesis of vancomycin group antibiotics"
         image="https://www.kegg.jp/kegg/pathway/ko/ko01055.png"
         link="https://www.kegg.jp/kegg-bin/show_pathway?ko01055">
    <entry id="369" name="ko:K16434" type="ortholog"
        link="https://www.kegg.jp/dbget-bin/www_bget?K16434">
        <graphics name="K16434" fgcolor="#000000" bgcolor="#BFBFFF"
             type="rectangle" x="1130" y="257" width="46" height="17"/>
    </entry>
    <entry id="370" name="ko:K16433" type="ortholog"
        link="https://www.kegg.jp/dbget-bin/www_bget?K16433">
        <graphics name="K16433" fgcolor="#000000" bgcolor="#BFBFFF"
             type="rectangle" x="1130" y="240" width="46" height="17"/>
    </entry>
    <entry id="371" name="ko:K16432" type="ortholog"
        link="https://www.kegg.jp/dbget-bin/www_bget?K16432">
        <graphics name="K16432" fgcolor="#000000" bgcolor="#BFBFFF"
             type="rectangle" x="1130" y="223" width="46" height="17"/>
    </entry>
    <entry id="372" name="cpd:C12026" type="compound"
        link="https://www.kegg.jp/dbget-bin/www_bget?C12026">
        <graphics name="C12026" fgcolor="#000000" bgcolor="#FFFFFF"
             type="circle" x="640" y="304" width="8" height="8"/>
    </entry>
    <entry id="373" name="cpd:C03590" type="compound"
        link="https://www.kegg.jp/dbget-bin/www_bget?C03590">
        <graphics name="C03590" fgcolor="#000000" bgcolor="#FFFFFF"
             type="circle" x="513" y="188" width="8" height="8"/>
    </entry>
    <entry id="374" name="cpd:C12325" type="compound"
        link="https://www.kegg.jp/dbget-bin/www_bget?C12325">
        <graphics name="C12325" fgcolor="#000000" bgcolor="#FFFFFF"
             type="circle" x="513" y="304" width="8" height="8"/>
    </entry>
    <entry id="375" name="cpd:C12324" type="compound"
        link="https://www.kegg.jp/dbget-bin/www_bget?C12324">
        <graphics name="C12324" fgcolor="#000000" bgcolor="#FFFFFF"
             type="circle" x="391" y="304" width="8" height="8"/>
    </entry>
    <entry id="376" name="cpd:C00082" type="compound"
        link="https://www.kegg.jp/dbget-bin/www_bget?C00082">
        <graphics name="C00082" fgcolor="#000000" bgcolor="#FFFFFF"
             type="circle" x="529" y="220" width="8" height="8"/>
    </entry>
    <entry id="377" name="cpd:C12322" type="compound"
        link="https://www.kegg.jp/dbget-bin/www_bget?C12322">
        <graphics name="C12322" fgcolor="#000000" bgcolor="#FFFFFF"
             type="circle" x="734" y="515" width="8" height="8"/>
    </entry>
    <entry id="378" name="cpd:C12323" type="compound"
        link="https://www.kegg.jp/dbget-bin/www_bget?C12323">
        <graphics name="C12323" fgcolor="#000000" bgcolor="#FFFFFF"
             type="circle" x="640" y="188" width="8" height="8"/>
    </entry>
    <entry id="379" name="cpd:C06689" type="compound"
        link="https://www.kegg.jp/dbget-bin/www_bget?C06689">
        <graphics name="C06689" fgcolor="#000000" bgcolor="#FFFFFF"
             type="circle" x="573" y="515" width="8" height="8"/>
    </entry>
    <entry id="380" name="path:ko00520" type="map"
        link="https://www.kegg.jp/dbget-bin/www_bget?ko00520">
        <graphics name="Amino sugar and nucleotide sugar metabolism" fgcolor="#000000" bgcolor="#FFFFFF"
             type="roundrectangle" x="143" y="519" width="171" height="25"/>
    </entry>
    <entry id="381" name="path:ko00620" type="map"
        link="https://www.kegg.jp/dbget-bin/www_bget?ko00620">
        <graphics name="Pyruvate metabolism" fgcolor="#000000" bgcolor="#FFFFFF"
             type="roundrectangle" x="121" y="303" width="118" height="25"/>
    </entry>
    <entry id="382" name="ko:K16440" type="ortholog"
        link="https://www.kegg.jp/dbget-bin/www_bget?K16440">
        <graphics name="K16440" fgcolor="#000000" bgcolor="#BFBFFF"
             type="rectangle" x="770" y="658" width="46" height="17"/>
    </entry>
    <entry id="383" name="ko:K16434" type="ortholog"
        link="https://www.kegg.jp/dbget-bin/www_bget?K16434">
        <graphics name="K16434" fgcolor="#000000" bgcolor="#BFBFFF"
             type="rectangle" x="719" y="255" width="46" height="17"/>
    </entry>
    <entry id="384" name="ko:K16429" type="ortholog"
        link="https://www.kegg.jp/dbget-bin/www_bget?K16429">
        <graphics name="K16429" fgcolor="#000000" bgcolor="#BFBFFF"
             type="rectangle" x="920" y="172" width="46" height="17"/>
    </entry>
    <entry id="385" name="ko:K16444" type="ortholog"
        link="https://www.kegg.jp/dbget-bin/www_bget?K16444">
        <graphics name="K16444" fgcolor="#000000" bgcolor="#BFBFFF"
             type="rectangle" x="936" y="572" width="46" height="17"/>
    </entry>
    <entry id="386" name="ko:K16439" type="ortholog" reaction="rn:R06629"
        link="https://www.kegg.jp/dbget-bin/www_bget?K16439">
        <graphics name="K16439" fgcolor="#000000" bgcolor="#BFBFFF"
             type="rectangle" x="787" y="444" width="46" height="17"/>
    </entry>
    <entry id="387" name="ko:K16447" type="ortholog"
        link="https://www.kegg.jp/dbget-bin/www_bget?K16447">
        <graphics name="K16447" fgcolor="#000000" bgcolor="#BFBFFF"
             type="rectangle" x="896" y="815" width="46" height="17"/>
    </entry>
    <entry id="388" name="ko:K16428" type="ortholog"
        link="https://www.kegg.jp/dbget-bin/www_bget?K16428">
        <graphics name="K16428" fgcolor="#000000" bgcolor="#BFBFFF"
             type="rectangle" x="1032" y="360" width="46" height="17"/>
    </entry>
    <entry id="389" name="ko:K16443" type="ortholog"
        link="https://www.kegg.jp/dbget-bin/www_bget?K16443">
        <graphics name="K16443" fgcolor="#000000" bgcolor="#BFBFFF"
             type="rectangle" x="487" y="538" width="46" height="17"/>
    </entry>
    <entry id="390" name="ko:K16444" type="ortholog"
        link="https://www.kegg.jp/dbget-bin/www_bget?K16444">
        <graphics name="K16444" fgcolor="#000000" bgcolor="#BFBFFF"
             type="rectangle" x="453" y="571" width="46" height="17"/>
    </entry>
    <entry id="391" name="ko:K16427" type="ortholog" reaction="rn:R06624"
        link="https://www.kegg.jp/dbget-bin/www_bget?K16427">
        <graphics name="K16427" fgcolor="#000000" bgcolor="#BFBFFF"
             type="rectangle" x="449" y="305" width="46" height="17"/>
    </entry>
    <entry id="392" name="ko:K16421" type="ortholog" reaction="rn:R06632"
        link="https://www.kegg.jp/dbget-bin/www_bget?K16421">
        <graphics name="K16421" fgcolor="#000000" bgcolor="#BFBFFF"
             type="rectangle" x="321" y="188" width="46" height="17"/>
    </entry>
    <entry id="393" name="ko:K16448" type="ortholog"
        link="https://www.kegg.jp/dbget-bin/www_bget?K16448">
        <graphics name="K16448" fgcolor="#000000" bgcolor="#BFBFFF"
             type="rectangle" x="1162" y="697" width="46" height="17"/>
    </entry>
    <entry id="394" name="ko:K16431" type="ortholog"
        link="https://www.kegg.jp/dbget-bin/www_bget?K16431">
        <graphics name="K16431" fgcolor="#000000" bgcolor="#BFBFFF"
             type="rectangle" x="842" y="152" width="46" height="17"/>
    </entry>
    <entry id="395" name="ko:K16431" type="ortholog"
        link="https://www.kegg.jp/dbget-bin/www_bget?K16431">
        <graphics name="K16431" fgcolor="#000000" bgcolor="#BFBFFF"
             type="rectangle" x="1022" y="144" width="46" height="17"/>
    </entry>
    <entry id="396" name="ko:K16445" type="ortholog"
        link="https://www.kegg.jp/dbget-bin/www_bget?K16445">
        <graphics name="K16445" fgcolor="#000000" bgcolor="#BFBFFF"
             type="rectangle" x="1030" y="591" width="46" height="17"/>
    </entry>
    <entry id="397" name="ko:K16433" type="ortholog"
        link="https://www.kegg.jp/dbget-bin/www_bget?K16433">
        <graphics name="K16433" fgcolor="#000000" bgcolor="#BFBFFF"
             type="rectangle" x="719" y="238" width="46" height="17"/>
    </entry>
    <entry id="398" name="ko:K16430" type="ortholog"
        link="https://www.kegg.jp/dbget-bin/www_bget?K16430">
        <graphics name="K16430" fgcolor="#000000" bgcolor="#BFBFFF"
             type="rectangle" x="778" y="206" width="46" height="17"/>
    </entry>
    <entry id="399" name="cpd:C12318" type="compound"
        link="https://www.kegg.jp/dbget-bin/www_bget?C12318">
        <graphics name="C12318" fgcolor="#000000" bgcolor="#FFFFFF"
             type="circle" x="505" y="444" width="8" height="8"/>
    </entry>
    <entry id="400" name="cpd:C12014" type="compound"
        link="https://www.kegg.jp/dbget-bin/www_bget?C12014">
        <graphics name="C12014" fgcolor="#000000" bgcolor="#FFFFFF"
             type="circle" x="929" y="513" width="8" height="8"/>
    </entry>
    <entry id="401" name="cpd:C00083" type="compound"
        link="https://www.kegg.jp/dbget-bin/www_bget?C00083">
        <graphics name="C00083" fgcolor="#000000" bgcolor="#FFFFFF"
             type="circle" x="227" y="304" width="8" height="8"/>
    </entry>
    <entry id="402" name="cpd:C06620" type="compound"
        link="https://www.kegg.jp/dbget-bin/www_bget?C06620">
        <graphics name="C06620" fgcolor="#000000" bgcolor="#FFFFFF"
             type="circle" x="392" y="444" width="8" height="8"/>
    </entry>
    <entry id="403" name="cpd:C12320" type="compound"
        link="https://www.kegg.jp/dbget-bin/www_bget?C12320">
        <graphics name="C12320" fgcolor="#000000" bgcolor="#FFFFFF"
             type="circle" x="734" y="444" width="8" height="8"/>
    </entry>
    <entry id="404" name="cpd:C12321" type="compound"
        link="https://www.kegg.jp/dbget-bin/www_bget?C12321">
        <graphics name="C12321" fgcolor="#000000" bgcolor="#FFFFFF"
             type="circle" x="846" y="444" width="8" height="8"/>
    </entry>
    <entry id="405" name="cpd:C12319" type="compound"
        link="https://www.kegg.jp/dbget-bin/www_bget?C12319">
        <graphics name="C12319" fgcolor="#000000" bgcolor="#FFFFFF"
             type="circle" x="619" y="444" width="8" height="8"/>
    </entry>
    <entry id="406" name="cpd:C11907" type="compound"
        link="https://www.kegg.jp/dbget-bin/www_bget?C11907">
        <graphics name="C11907" fgcolor="#000000" bgcolor="#FFFFFF"
             type="circle" x="265" y="444" width="8" height="8"/>
    </entry>
    <entry id="407" name="cpd:C01179" type="compound"
        link="https://www.kegg.jp/dbget-bin/www_bget?C01179">
        <graphics name="C01179" fgcolor="#000000" bgcolor="#FFFFFF"
             type="circle" x="263" y="188" width="8" height="8"/>
    </entry>
    <entry id="408" name="ko:K16437" type="ortholog" reaction="rn:R06627"
        link="https://www.kegg.jp/dbget-bin/www_bget?K16437">
        <graphics name="K16437" fgcolor="#000000" bgcolor="#BFBFFF"
             type="rectangle" x="558" y="445" width="46" height="17"/>
    </entry>
    <entry id="409" name="ko:K16446" type="ortholog"
        link="https://www.kegg.jp/dbget-bin/www_bget?K16446">
        <graphics name="K16446" fgcolor="#000000" bgcolor="#BFBFFF"
             type="rectangle" x="882" y="572" width="46" height="17"/>
    </entry>
    <entry id="410" name="ko:K16432" type="ortholog"
        link="https://www.kegg.jp/dbget-bin/www_bget?K16432">
        <graphics name="K16432" fgcolor="#000000" bgcolor="#BFBFFF"
             type="rectangle" x="719" y="221" width="46" height="17"/>
    </entry>
    <entry id="411" name="ko:K16436" type="ortholog" reaction="rn:R06631"
        link="https://www.kegg.jp/dbget-bin/www_bget?K16436">
        <graphics name="K16436" fgcolor="#000000" bgcolor="#BFBFFF"
             type="rectangle" x="443" y="444" width="46" height="17"/>
    </entry>
    <entry id="412" name="ko:K16435" type="ortholog" reaction="rn:R05518"
        link="https://www.kegg.jp/dbget-bin/www_bget?K16435">
        <graphics name="K16435" fgcolor="#000000" bgcolor="#BFBFFF"
             type="rectangle" x="322" y="444" width="46" height="17"/>
    </entry>
    <entry id="413" name="ko:K01710" type="ortholog" reaction="rn:R06513"
        link="https://www.kegg.jp/dbget-bin/www_bget?K01710">
        <graphics name="K01710" fgcolor="#000000" bgcolor="#BFBFFF"
             type="rectangle" x="197" y="444" width="46" height="17"/>
    </entry>
    <entry id="414" name="path:ko00400" type="map"
        link="https://www.kegg.jp/dbget-bin/www_bget?ko00400">
        <graphics name="Phenylalanine, tyrosine and tryptophan biosynthesis" fgcolor="#000000" bgcolor="#FFFFFF"
             type="roundrectangle" x="134" y="188" width="151" height="34"/>
    </entry>
    <entry id="415" name="path:ko01055" type="map"
        link="https://www.kegg.jp/dbget-bin/www_bget?ko01055">
        <graphics name="TITLE:Biosynthesis of vancomycin group antibiotics" fgcolor="#000000" bgcolor="#FFFFFF"
             type="roundrectangle" x="236" y="58" width="391" height="25"/>
    </entry>
    <entry id="416" name="cpd:C00842" type="compound"
        link="https://www.kegg.jp/dbget-bin/www_bget?C00842">
        <graphics name="C00842" fgcolor="#000000" bgcolor="#FFFFFF"
             type="circle" x="140" y="444" width="8" height="8"/>
    </entry>
    <entry id="417" name="cpd:C03198" type="compound"
        link="https://www.kegg.jp/dbget-bin/www_bget?C03198">
        <graphics name="C03198" fgcolor="#000000" bgcolor="#FFFFFF"
             type="circle" x="391" y="188" width="8" height="8"/>
    </entry>
    <entry id="418" name="ko:K16442" type="ortholog"
        link="https://www.kegg.jp/dbget-bin/www_bget?K16442">
        <graphics name="K16442" fgcolor="#000000" bgcolor="#BFBFFF"
             type="rectangle" x="970" y="538" width="46" height="17"/>
    </entry>
    <entry id="419" name="ko:K16438" type="ortholog" reaction="rn:R06628"
        link="https://www.kegg.jp/dbget-bin/www_bget?K16438">
        <graphics name="K16438" fgcolor="#000000" bgcolor="#BFBFFF"
             type="rectangle" x="670" y="444" width="46" height="17"/>
    </entry>
    <entry id="420" name="ko:K16422" type="ortholog" reaction="rn:R06633"
        link="https://www.kegg.jp/dbget-bin/www_bget?K16422">
        <graphics name="K16422" fgcolor="#000000" bgcolor="#BFBFFF"
             type="rectangle" x="446" y="189" width="46" height="17"/>
    </entry>
    <entry id="421" name="ko:K16423" type="ortholog" reaction="rn:R06634"
        link="https://www.kegg.jp/dbget-bin/www_bget?K16423">
        <graphics name="K16423" fgcolor="#000000" bgcolor="#BFBFFF"
             type="rectangle" x="571" y="305" width="46" height="17"/>
    </entry>
    <entry id="422" name="ko:K16424 ko:K16425 ko:K16426" type="ortholog" reaction="rn:R06625"
        link="https://www.kegg.jp/dbget-bin/www_bget?K16424+K16425+K16426">
        <graphics name="K16424..." fgcolor="#000000" bgcolor="#BFBFFF"
             type="rectangle" x="303" y="305" width="46" height="17"/>
    </entry>
    <entry id="424" name="ko:K16423" type="ortholog" reaction="rn:R06626"
        link="https://www.kegg.jp/dbget-bin/www_bget?K16423">
        <graphics name="K16423" fgcolor="#000000" bgcolor="#BFBFFF"
             type="rectangle" x="569" y="188" width="46" height="17"/>
    </entry>
    <entry id="449" name="ko:K18836" type="ortholog" reaction="rn:R06630"
        link="https://www.kegg.jp/dbget-bin/www_bget?K18836">
        <graphics name="K18836" fgcolor="#000000" bgcolor="#BFBFFF"
             type="rectangle" x="734" y="477" width="46" height="17"/>
    </entry>
    <relation entry1="392" entry2="420" type="ECrel">
        <subtype name="compound" value="417"/>
    </relation>
    <relation entry1="424" entry2="420" type="ECrel">
        <subtype name="compound" value="373"/>
    </relation>
    <relation entry1="392" entry2="424" type="ECrel">
        <subtype name="compound" value="407"/>
    </relation>
    <relation entry1="391" entry2="421" type="ECrel">
        <subtype name="compound" value="374"/>
    </relation>
    <relation entry1="412" entry2="413" type="ECrel">
        <subtype name="compound" value="406"/>
    </relation>
    <relation entry1="411" entry2="412" type="ECrel">
        <subtype name="compound" value="402"/>
    </relation>
    <relation entry1="408" entry2="411" type="ECrel">
        <subtype name="compound" value="399"/>
    </relation>
    <relation entry1="408" entry2="419" type="ECrel">
        <subtype name="compound" value="405"/>
    </relation>
    <relation entry1="386" entry2="419" type="ECrel">
        <subtype name="compound" value="403"/>
    </relation>
    <relation entry1="392" entry2="414" type="maplink">
        <subtype name="compound" value="407"/>
    </relation>
    <relation entry1="424" entry2="414" type="maplink">
        <subtype name="compound" value="407"/>
    </relation>
    <relation entry1="422" entry2="381" type="maplink">
        <subtype name="compound" value="401"/>
    </relation>
    <relation entry1="413" entry2="380" type="maplink">
        <subtype name="compound" value="416"/>
    </relation>
    <relation entry1="419" entry2="449" type="ECrel">
        <subtype name="compound" value="403"/>
    </relation>
    <relation entry1="449" entry2="386" type="ECrel">
        <subtype name="compound" value="403"/>
    </relation>
    <relation entry1="422" entry2="391" type="ECrel">
        <subtype name="compound" value="375"/>
    </relation>
    <reaction id="386" name="rn:R06629" type="irreversible">
        <substrate id="403" name="cpd:C12320"/>
        <product id="404" name="cpd:C12321"/>
    </reaction>
    <reaction id="391" name="rn:R06624" type="irreversible">
        <substrate id="375" name="cpd:C12324"/>
        <product id="374" name="cpd:C12325"/>
    </reaction>
    <reaction id="392" name="rn:R06632" type="irreversible">
        <substrate id="407" name="cpd:C01179"/>
        <product id="417" name="cpd:C03198"/>
    </reaction>
    <reaction id="424" name="rn:R06626" type="irreversible">
        <substrate id="376" name="cpd:C00082"/>
        <substrate id="373" name="cpd:C03590"/>
        <product id="407" name="cpd:C01179"/>
        <product id="378" name="cpd:C12323"/>
    </reaction>
    <reaction id="408" name="rn:R06627" type="irreversible">
        <substrate id="399" name="cpd:C12318"/>
        <product id="405" name="cpd:C12319"/>
    </reaction>
    <reaction id="411" name="rn:R06631" type="irreversible">
        <substrate id="402" name="cpd:C06620"/>
        <product id="399" name="cpd:C12318"/>
    </reaction>
    <reaction id="412" name="rn:R05518" type="irreversible">
        <substrate id="406" name="cpd:C11907"/>
        <product id="402" name="cpd:C06620"/>
    </reaction>
    <reaction id="413" name="rn:R06513" type="irreversible">
        <substrate id="416" name="cpd:C00842"/>
        <product id="406" name="cpd:C11907"/>
    </reaction>
    <reaction id="419" name="rn:R06628" type="irreversible">
        <substrate id="405" name="cpd:C12319"/>
        <product id="403" name="cpd:C12320"/>
    </reaction>
    <reaction id="420" name="rn:R06633" type="irreversible">
        <substrate id="417" name="cpd:C03198"/>
        <product id="373" name="cpd:C03590"/>
    </reaction>
    <reaction id="421" name="rn:R06634" type="irreversible">
        <substrate id="374" name="cpd:C12325"/>
        <product id="372" name="cpd:C12026"/>
    </reaction>
    <reaction id="422" name="rn:R06625" type="irreversible">
        <substrate id="401" name="cpd:C00083"/>
        <product id="375" name="cpd:C12324"/>
    </reaction>
    <reaction id="449" name="rn:R06630" type="irreversible">
        <substrate id="403" name="cpd:C12320"/>
        <product id="377" name="cpd:C12322"/>
    </reaction>
</pathway>
