<?xml version="1.0"?>
<!DOCTYPE pathway SYSTEM "https://www.kegg.jp/kegg/xml/KGML_v0.7.2_.dtd">
<!-- Creation date: Oct 29, 2020 15:32:56 +0900 (GMT+9) -->
<pathway name="path:ko03050" org="ko" number="03050"
         title="Proteasome"
         image="https://www.kegg.jp/kegg/pathway/ko/ko03050.png"
         link="https://www.kegg.jp/kegg-bin/show_pathway?ko03050">
    <entry id="225" name="ko:K04687" type="ortholog"
        link="https://www.kegg.jp/dbget-bin/www_bget?K04687">
        <graphics name="K04687" fgcolor="#000000" bgcolor="#BFBFFF"
             type="rectangle" x="416" y="804" width="46" height="17"/>
    </entry>
    <entry id="226" name="ko:K03033" type="ortholog"
        link="https://www.kegg.jp/dbget-bin/www_bget?K03033">
        <graphics name="K03033" fgcolor="#000000" bgcolor="#BFBFFF"
             type="rectangle" x="575" y="153" width="46" height="17"/>
    </entry>
    <entry id="227" name="ko:K03035" type="ortholog"
        link="https://www.kegg.jp/dbget-bin/www_bget?K03035">
        <graphics name="K03035" fgcolor="#000000" bgcolor="#BFBFFF"
             type="rectangle" x="666" y="153" width="46" height="17"/>
    </entry>
    <entry id="228" name="ko:K03036" type="ortholog"
        link="https://www.kegg.jp/dbget-bin/www_bget?K03036">
        <graphics name="K03036" fgcolor="#000000" bgcolor="#BFBFFF"
             type="rectangle" x="712" y="153" width="46" height="17"/>
    </entry>
    <entry id="229" name="ko:K03037" type="ortholog"
        link="https://www.kegg.jp/dbget-bin/www_bget?K03037">
        <graphics name="K03037" fgcolor="#000000" bgcolor="#BFBFFF"
             type="rectangle" x="758" y="153" width="46" height="17"/>
    </entry>
    <entry id="230" name="ko:K03038" type="ortholog"
        link="https://www.kegg.jp/dbget-bin/www_bget?K03038">
        <graphics name="K03038" fgcolor="#000000" bgcolor="#BFBFFF"
             type="rectangle" x="575" y="170" width="46" height="17"/>
    </entry>
    <entry id="231" name="ko:K03039" type="ortholog"
        link="https://www.kegg.jp/dbget-bin/www_bget?K03039">
        <graphics name="K03039" fgcolor="#000000" bgcolor="#BFBFFF"
             type="rectangle" x="621" y="170" width="46" height="17"/>
    </entry>
    <entry id="232" name="ko:K03030" type="ortholog"
        link="https://www.kegg.jp/dbget-bin/www_bget?K03030">
        <graphics name="K03030" fgcolor="#000000" bgcolor="#BFBFFF"
             type="rectangle" x="667" y="170" width="46" height="17"/>
    </entry>
    <entry id="233" name="ko:K03031" type="ortholog"
        link="https://www.kegg.jp/dbget-bin/www_bget?K03031">
        <graphics name="K03031" fgcolor="#000000" bgcolor="#BFBFFF"
             type="rectangle" x="712" y="170" width="46" height="17"/>
    </entry>
    <entry id="234" name="ko:K10881" type="ortholog"
        link="https://www.kegg.jp/dbget-bin/www_bget?K10881">
        <graphics name="K10881" fgcolor="#000000" bgcolor="#BFBFFF"
             type="rectangle" x="758" y="170" width="46" height="17"/>
    </entry>
    <entry id="235" name="ko:K03029" type="ortholog"
        link="https://www.kegg.jp/dbget-bin/www_bget?K03029">
        <graphics name="K03029" fgcolor="#000000" bgcolor="#BFBFFF"
             type="rectangle" x="575" y="200" width="46" height="17"/>
    </entry>
    <entry id="236" name="ko:K03028" type="ortholog"
        link="https://www.kegg.jp/dbget-bin/www_bget?K03028">
        <graphics name="K03028" fgcolor="#000000" bgcolor="#BFBFFF"
             type="rectangle" x="575" y="251" width="46" height="17"/>
    </entry>
    <entry id="237" name="ko:K03032" type="ortholog"
        link="https://www.kegg.jp/dbget-bin/www_bget?K03032">
        <graphics name="K03032" fgcolor="#000000" bgcolor="#BFBFFF"
             type="rectangle" x="621" y="251" width="46" height="17"/>
    </entry>
    <entry id="238" name="ko:K06691" type="ortholog"
        link="https://www.kegg.jp/dbget-bin/www_bget?K06691">
        <graphics name="K06691" fgcolor="#000000" bgcolor="#BFBFFF"
             type="rectangle" x="667" y="251" width="46" height="17"/>
    </entry>
    <entry id="239" name="ko:K03061" type="ortholog"
        link="https://www.kegg.jp/dbget-bin/www_bget?K03061">
        <graphics name="K03061" fgcolor="#000000" bgcolor="#BFBFFF"
             type="rectangle" x="575" y="268" width="46" height="17"/>
    </entry>
    <entry id="240" name="ko:K03062" type="ortholog"
        link="https://www.kegg.jp/dbget-bin/www_bget?K03062">
        <graphics name="K03062" fgcolor="#000000" bgcolor="#BFBFFF"
             type="rectangle" x="621" y="268" width="46" height="17"/>
    </entry>
    <entry id="241" name="ko:K03063" type="ortholog"
        link="https://www.kegg.jp/dbget-bin/www_bget?K03063">
        <graphics name="K03063" fgcolor="#000000" bgcolor="#BFBFFF"
             type="rectangle" x="804" y="268" width="46" height="17"/>
    </entry>
    <entry id="242" name="ko:K03064" type="ortholog"
        link="https://www.kegg.jp/dbget-bin/www_bget?K03064">
        <graphics name="K03064" fgcolor="#000000" bgcolor="#BFBFFF"
             type="rectangle" x="712" y="268" width="46" height="17"/>
    </entry>
    <entry id="243" name="ko:K03065" type="ortholog"
        link="https://www.kegg.jp/dbget-bin/www_bget?K03065">
        <graphics name="K03065" fgcolor="#000000" bgcolor="#BFBFFF"
             type="rectangle" x="758" y="268" width="46" height="17"/>
    </entry>
    <entry id="244" name="ko:K03066" type="ortholog"
        link="https://www.kegg.jp/dbget-bin/www_bget?K03066">
        <graphics name="K03066" fgcolor="#000000" bgcolor="#BFBFFF"
             type="rectangle" x="667" y="268" width="46" height="17"/>
    </entry>
    <entry id="245" name="ko:K06696" type="ortholog"
        link="https://www.kegg.jp/dbget-bin/www_bget?K06696">
        <graphics name="K06696" fgcolor="#000000" bgcolor="#BFBFFF"
             type="rectangle" x="828" y="171" width="46" height="17"/>
    </entry>
    <entry id="246" name="ko:K06697" type="ortholog"
        link="https://www.kegg.jp/dbget-bin/www_bget?K06697">
        <graphics name="K06697" fgcolor="#000000" bgcolor="#BFBFFF"
             type="rectangle" x="874" y="171" width="46" height="17"/>
    </entry>
    <entry id="247" name="ko:K06698" type="ortholog"
        link="https://www.kegg.jp/dbget-bin/www_bget?K06698">
        <graphics name="K06698" fgcolor="#000000" bgcolor="#BFBFFF"
             type="rectangle" x="942" y="171" width="46" height="17"/>
    </entry>
    <entry id="248" name="ko:K06699" type="ortholog"
        link="https://www.kegg.jp/dbget-bin/www_bget?K06699">
        <graphics name="K06699" fgcolor="#000000" bgcolor="#BFBFFF"
             type="rectangle" x="875" y="268" width="46" height="17"/>
    </entry>
    <entry id="249" name="ko:K02730" type="ortholog"
        link="https://www.kegg.jp/dbget-bin/www_bget?K02730">
        <graphics name="K02730" fgcolor="#000000" bgcolor="#BFBFFF"
             type="rectangle" x="581" y="450" width="46" height="17"/>
    </entry>
    <entry id="250" name="ko:K02726" type="ortholog"
        link="https://www.kegg.jp/dbget-bin/www_bget?K02726">
        <graphics name="K02726" fgcolor="#000000" bgcolor="#BFBFFF"
             type="rectangle" x="627" y="450" width="46" height="17"/>
    </entry>
    <entry id="251" name="ko:K02728" type="ortholog"
        link="https://www.kegg.jp/dbget-bin/www_bget?K02728">
        <graphics name="K02728" fgcolor="#000000" bgcolor="#BFBFFF"
             type="rectangle" x="673" y="450" width="46" height="17"/>
    </entry>
    <entry id="252" name="ko:K02731" type="ortholog"
        link="https://www.kegg.jp/dbget-bin/www_bget?K02731">
        <graphics name="K02731" fgcolor="#000000" bgcolor="#BFBFFF"
             type="rectangle" x="719" y="450" width="46" height="17"/>
    </entry>
    <entry id="253" name="ko:K02729" type="ortholog"
        link="https://www.kegg.jp/dbget-bin/www_bget?K02729">
        <graphics name="K02729" fgcolor="#000000" bgcolor="#BFBFFF"
             type="rectangle" x="765" y="450" width="46" height="17"/>
    </entry>
    <entry id="254" name="ko:K02725" type="ortholog"
        link="https://www.kegg.jp/dbget-bin/www_bget?K02725">
        <graphics name="K02725" fgcolor="#000000" bgcolor="#BFBFFF"
             type="rectangle" x="811" y="450" width="46" height="17"/>
    </entry>
    <entry id="255" name="ko:K02727" type="ortholog"
        link="https://www.kegg.jp/dbget-bin/www_bget?K02727">
        <graphics name="K02727" fgcolor="#000000" bgcolor="#BFBFFF"
             type="rectangle" x="857" y="450" width="46" height="17"/>
    </entry>
    <entry id="256" name="ko:K02738" type="ortholog"
        link="https://www.kegg.jp/dbget-bin/www_bget?K02738">
        <graphics name="K02738" fgcolor="#000000" bgcolor="#BFBFFF"
             type="rectangle" x="581" y="467" width="46" height="17"/>
    </entry>
    <entry id="257" name="ko:K02739" type="ortholog"
        link="https://www.kegg.jp/dbget-bin/www_bget?K02739">
        <graphics name="K02739" fgcolor="#000000" bgcolor="#BFBFFF"
             type="rectangle" x="627" y="467" width="46" height="17"/>
    </entry>
    <entry id="258" name="ko:K02735" type="ortholog"
        link="https://www.kegg.jp/dbget-bin/www_bget?K02735">
        <graphics name="K02735" fgcolor="#000000" bgcolor="#BFBFFF"
             type="rectangle" x="673" y="467" width="46" height="17"/>
    </entry>
    <entry id="259" name="ko:K02734" type="ortholog"
        link="https://www.kegg.jp/dbget-bin/www_bget?K02734">
        <graphics name="K02734" fgcolor="#000000" bgcolor="#BFBFFF"
             type="rectangle" x="719" y="467" width="46" height="17"/>
    </entry>
    <entry id="260" name="ko:K02737" type="ortholog"
        link="https://www.kegg.jp/dbget-bin/www_bget?K02737">
        <graphics name="K02737" fgcolor="#000000" bgcolor="#BFBFFF"
             type="rectangle" x="765" y="467" width="46" height="17"/>
    </entry>
    <entry id="261" name="ko:K02732" type="ortholog"
        link="https://www.kegg.jp/dbget-bin/www_bget?K02732">
        <graphics name="K02732" fgcolor="#000000" bgcolor="#BFBFFF"
             type="rectangle" x="811" y="467" width="46" height="17"/>
    </entry>
    <entry id="262" name="ko:K02736" type="ortholog"
        link="https://www.kegg.jp/dbget-bin/www_bget?K02736">
        <graphics name="K02736" fgcolor="#000000" bgcolor="#BFBFFF"
             type="rectangle" x="857" y="467" width="46" height="17"/>
    </entry>
    <entry id="263" name="ko:K02741" type="ortholog"
        link="https://www.kegg.jp/dbget-bin/www_bget?K02741">
        <graphics name="K02741" fgcolor="#000000" bgcolor="#BFBFFF"
             type="rectangle" x="581" y="534" width="46" height="17"/>
    </entry>
    <entry id="264" name="ko:K02733" type="ortholog"
        link="https://www.kegg.jp/dbget-bin/www_bget?K02733">
        <graphics name="K02733" fgcolor="#000000" bgcolor="#BFBFFF"
             type="rectangle" x="641" y="534" width="46" height="17"/>
    </entry>
    <entry id="265" name="ko:K02740" type="ortholog"
        link="https://www.kegg.jp/dbget-bin/www_bget?K02740">
        <graphics name="K02740" fgcolor="#000000" bgcolor="#BFBFFF"
             type="rectangle" x="697" y="534" width="46" height="17"/>
    </entry>
    <entry id="266" name="ko:K11598" type="ortholog"
        link="https://www.kegg.jp/dbget-bin/www_bget?K11598">
        <graphics name="K11598" fgcolor="#000000" bgcolor="#BFBFFF"
             type="rectangle" x="811" y="534" width="46" height="17"/>
    </entry>
    <entry id="268" name="ko:K03432" type="ortholog"
        link="https://www.kegg.jp/dbget-bin/www_bget?K03432">
        <graphics name="K03432" fgcolor="#000000" bgcolor="#BFBFFF"
             type="rectangle" x="581" y="608" width="46" height="17"/>
    </entry>
    <entry id="269" name="ko:K03433" type="ortholog"
        link="https://www.kegg.jp/dbget-bin/www_bget?K03433">
        <graphics name="K03433" fgcolor="#000000" bgcolor="#BFBFFF"
             type="rectangle" x="581" y="625" width="46" height="17"/>
    </entry>
    <entry id="270" name="ko:K03420" type="ortholog"
        link="https://www.kegg.jp/dbget-bin/www_bget?K03420">
        <graphics name="K03420" fgcolor="#000000" bgcolor="#BFBFFF"
             type="rectangle" x="875" y="351" width="46" height="17"/>
    </entry>
    <entry id="271" name="path:ko04120" type="map"
        link="https://www.kegg.jp/dbget-bin/www_bget?ko04120">
        <graphics name="Ubiquitin mediated proteolysis" fgcolor="#000000" bgcolor="#FFFFFF"
             type="roundrectangle" x="365" y="576" width="128" height="34"/>
    </entry>
    <entry id="272" name="path:ko03050" type="map"
        link="https://www.kegg.jp/dbget-bin/www_bget?ko03050">
        <graphics name="TITLE:Proteasome" fgcolor="#000000" bgcolor="#FFFFFF"
             type="roundrectangle" x="102" y="58" width="124" height="25"/>
    </entry>
    <entry id="273" name="ko:K06700" type="ortholog"
        link="https://www.kegg.jp/dbget-bin/www_bget?K06700">
        <graphics name="K06700" fgcolor="#000000" bgcolor="#BFBFFF"
             type="rectangle" x="467" y="996" width="46" height="17"/>
    </entry>
    <entry id="274" name="ko:K11599" type="ortholog"
        link="https://www.kegg.jp/dbget-bin/www_bget?K11599">
        <graphics name="K11599" fgcolor="#000000" bgcolor="#BFBFFF"
             type="rectangle" x="417" y="964" width="46" height="17"/>
    </entry>
    <entry id="283" name="ko:K02741" type="ortholog"
        link="https://www.kegg.jp/dbget-bin/www_bget?K02741">
        <graphics name="K02741" fgcolor="#000000" bgcolor="#BFBFFF"
             type="rectangle" x="367" y="844" width="46" height="17"/>
    </entry>
    <entry id="284" name="ko:K02733" type="ortholog"
        link="https://www.kegg.jp/dbget-bin/www_bget?K02733">
        <graphics name="K02733" fgcolor="#000000" bgcolor="#BFBFFF"
             type="rectangle" x="417" y="844" width="46" height="17"/>
    </entry>
    <entry id="285" name="ko:K02740" type="ortholog"
        link="https://www.kegg.jp/dbget-bin/www_bget?K02740">
        <graphics name="K02740" fgcolor="#000000" bgcolor="#BFBFFF"
             type="rectangle" x="467" y="844" width="46" height="17"/>
    </entry>
    <entry id="286" name="ko:K06696" type="ortholog"
        link="https://www.kegg.jp/dbget-bin/www_bget?K06696">
        <graphics name="K06696" fgcolor="#000000" bgcolor="#BFBFFF"
             type="rectangle" x="417" y="907" width="46" height="17"/>
    </entry>
    <entry id="287" name="ko:K06697" type="ortholog"
        link="https://www.kegg.jp/dbget-bin/www_bget?K06697">
        <graphics name="K06697" fgcolor="#000000" bgcolor="#BFBFFF"
             type="rectangle" x="417" y="924" width="46" height="17"/>
    </entry>
    <entry id="288" name="ko:K13527" type="ortholog"
        link="https://www.kegg.jp/dbget-bin/www_bget?K13527">
        <graphics name="K13527" fgcolor="#000000" bgcolor="#BFBFFF"
             type="rectangle" x="644" y="351" width="46" height="17"/>
    </entry>
    <entry id="289" name="ko:K06693" type="ortholog"
        link="https://www.kegg.jp/dbget-bin/www_bget?K06693">
        <graphics name="K06693" fgcolor="#000000" bgcolor="#BFBFFF"
             type="rectangle" x="620" y="153" width="46" height="17"/>
    </entry>
</pathway>
