<?xml version="1.0"?>
<!DOCTYPE pathway SYSTEM "https://www.kegg.jp/kegg/xml/KGML_v0.7.2_.dtd">
<!-- Creation date: Jun 23, 2020 15:11:43 +0900 (GMT+9) -->
<pathway name="path:ko04650" org="ko" number="04650"
         title="Natural killer cell mediated cytotoxicity"
         image="https://www.kegg.jp/kegg/pathway/ko/ko04650.png"
         link="https://www.kegg.jp/kegg-bin/show_pathway?ko04650">
    <entry id="23" name="ko:K06856" type="ortholog"
        link="https://www.kegg.jp/dbget-bin/www_bget?K06856">
        <graphics name="K06856" fgcolor="#000000" bgcolor="#BFBFFF"
             type="rectangle" x="362" y="560" width="46" height="17"/>
    </entry>
    <entry id="24" name="ko:K17332 ko:K04446" type="ortholog"
        link="https://www.kegg.jp/dbget-bin/www_bget?K17332+K04446">
        <graphics name="K17332..." fgcolor="#000000" bgcolor="#BFBFFF"
             type="rectangle" x="987" y="649" width="46" height="17"/>
    </entry>
    <entry id="25" name="ko:K04348 ko:K06268" type="ortholog"
        link="https://www.kegg.jp/dbget-bin/www_bget?K04348+K06268">
        <graphics name="K04348..." fgcolor="#000000" bgcolor="#BFBFFF"
             type="rectangle" x="912" y="649" width="46" height="17"/>
    </entry>
    <entry id="26" name="cpd:C05981" type="compound"
        link="https://www.kegg.jp/dbget-bin/www_bget?C05981">
        <graphics name="C05981" fgcolor="#000000" bgcolor="#FFFFFF"
             type="circle" x="757" y="410" width="8" height="8"/>
    </entry>
    <entry id="27" name="ko:K19251" type="ortholog"
        link="https://www.kegg.jp/dbget-bin/www_bget?K19251">
        <graphics name="K19251" fgcolor="#000000" bgcolor="#BFBFFF"
             type="rectangle" x="287" y="528" width="46" height="17"/>
    </entry>
    <entry id="28" name="ko:K05703" type="ortholog"
        link="https://www.kegg.jp/dbget-bin/www_bget?K05703">
        <graphics name="K05703" fgcolor="#000000" bgcolor="#BFBFFF"
             type="rectangle" x="638" y="731" width="46" height="17"/>
    </entry>
    <entry id="29" name="ko:K04721" type="ortholog"
        link="https://www.kegg.jp/dbget-bin/www_bget?K04721">
        <graphics name="K04721" fgcolor="#000000" bgcolor="#BFBFFF"
             type="rectangle" x="1177" y="811" width="46" height="17"/>
    </entry>
    <entry id="30" name="ko:K05132 ko:K05133" type="ortholog"
        link="https://www.kegg.jp/dbget-bin/www_bget?K05132+K05133">
        <graphics name="K05132..." fgcolor="#000000" bgcolor="#BFBFFF"
             type="rectangle" x="287" y="757" width="46" height="17"/>
    </entry>
    <entry id="31" name="ko:K01116 ko:K05859" type="ortholog"
        link="https://www.kegg.jp/dbget-bin/www_bget?K01116+K05859">
        <graphics name="K01116..." fgcolor="#000000" bgcolor="#BFBFFF"
             type="rectangle" x="739" y="650" width="46" height="17"/>
    </entry>
    <entry id="32" name="ko:K07362" type="ortholog"
        link="https://www.kegg.jp/dbget-bin/www_bget?K07362">
        <graphics name="K07362" fgcolor="#000000" bgcolor="#BFBFFF"
             type="rectangle" x="665" y="649" width="46" height="17"/>
    </entry>
    <entry id="33" name="ko:K07818" type="ortholog"
        link="https://www.kegg.jp/dbget-bin/www_bget?K07818">
        <graphics name="K07818" fgcolor="#000000" bgcolor="#BFBFFF"
             type="rectangle" x="287" y="946" width="46" height="17"/>
    </entry>
    <entry id="35" name="ko:K04687" type="ortholog"
        link="https://www.kegg.jp/dbget-bin/www_bget?K04687">
        <graphics name="K04687" fgcolor="#000000" bgcolor="#BFBFFF"
             type="rectangle" x="1182" y="673" width="46" height="17"/>
    </entry>
    <entry id="36" name="ko:K05427" type="ortholog"
        link="https://www.kegg.jp/dbget-bin/www_bget?K05427">
        <graphics name="K05427" fgcolor="#000000" bgcolor="#BFBFFF"
             type="rectangle" x="1182" y="649" width="46" height="17"/>
    </entry>
    <entry id="37" name="ko:K03156" type="ortholog"
        link="https://www.kegg.jp/dbget-bin/www_bget?K03156">
        <graphics name="K03156" fgcolor="#000000" bgcolor="#BFBFFF"
             type="rectangle" x="1182" y="625" width="46" height="17"/>
    </entry>
    <entry id="38" name="ko:K02677 ko:K19662 ko:K19663" type="ortholog"
        link="https://www.kegg.jp/dbget-bin/www_bget?K02677+K19662+K19663">
        <graphics name="K02677..." fgcolor="#000000" bgcolor="#BFBFFF"
             type="rectangle" x="897" y="684" width="46" height="17"/>
    </entry>
    <entry id="39" name="ko:K07984" type="ortholog"
        link="https://www.kegg.jp/dbget-bin/www_bget?K07984">
        <graphics name="K07984" fgcolor="#000000" bgcolor="#BFBFFF"
             type="rectangle" x="668" y="383" width="46" height="17"/>
    </entry>
    <entry id="40" name="ko:K01116 ko:K05859" type="ortholog"
        link="https://www.kegg.jp/dbget-bin/www_bget?K01116+K05859">
        <graphics name="K01116..." fgcolor="#000000" bgcolor="#BFBFFF"
             type="rectangle" x="721" y="451" width="46" height="17"/>
    </entry>
    <entry id="41" name="ko:K07362 ko:K26356" type="ortholog"
        link="https://www.kegg.jp/dbget-bin/www_bget?K07362+K26356">
        <graphics name="K07362..." fgcolor="#000000" bgcolor="#BFBFFF"
             type="rectangle" x="663" y="466" width="46" height="17"/>
    </entry>
    <entry id="42" name="ko:K05871" type="ortholog"
        link="https://www.kegg.jp/dbget-bin/www_bget?K05871">
        <graphics name="K05871" fgcolor="#000000" bgcolor="#BFBFFF"
             type="rectangle" x="680" y="250" width="46" height="17"/>
    </entry>
    <entry id="43" name="ko:K07361" type="ortholog"
        link="https://www.kegg.jp/dbget-bin/www_bget?K07361">
        <graphics name="K07361" fgcolor="#000000" bgcolor="#BFBFFF"
             type="rectangle" x="663" y="445" width="46" height="17"/>
    </entry>
    <entry id="44" name="ko:K05855" type="ortholog"
        link="https://www.kegg.jp/dbget-bin/www_bget?K05855">
        <graphics name="K05855" fgcolor="#000000" bgcolor="#BFBFFF"
             type="rectangle" x="575" y="506" width="46" height="17"/>
    </entry>
    <entry id="45" name="ko:K07360" type="ortholog"
        link="https://www.kegg.jp/dbget-bin/www_bget?K07360">
        <graphics name="K07360" fgcolor="#000000" bgcolor="#BFBFFF"
             type="rectangle" x="575" y="484" width="46" height="17"/>
    </entry>
    <entry id="46" name="ko:K05856" type="ortholog"
        link="https://www.kegg.jp/dbget-bin/www_bget?K05856">
        <graphics name="K05856" fgcolor="#000000" bgcolor="#BFBFFF"
             type="rectangle" x="585" y="410" width="46" height="17"/>
    </entry>
    <entry id="47" name="ko:K07989" type="ortholog"
        link="https://www.kegg.jp/dbget-bin/www_bget?K07989">
        <graphics name="K07989" fgcolor="#000000" bgcolor="#BFBFFF"
             type="rectangle" x="608" y="681" width="46" height="17"/>
    </entry>
    <entry id="48" name="ko:K05703" type="ortholog"
        link="https://www.kegg.jp/dbget-bin/www_bget?K05703">
        <graphics name="K05703" fgcolor="#000000" bgcolor="#BFBFFF"
             type="rectangle" x="574" y="540" width="46" height="17"/>
    </entry>
    <entry id="49" name="ko:K07990" type="ortholog"
        link="https://www.kegg.jp/dbget-bin/www_bget?K07990">
        <graphics name="K07990" fgcolor="#000000" bgcolor="#BFBFFF"
             type="rectangle" x="553" y="704" width="46" height="17"/>
    </entry>
    <entry id="50" name="ko:K07988" type="ortholog"
        link="https://www.kegg.jp/dbget-bin/www_bget?K07988">
        <graphics name="K07988" fgcolor="#000000" bgcolor="#BFBFFF"
             type="rectangle" x="502" y="638" width="46" height="17"/>
    </entry>
    <entry id="51" name="ko:K06453" type="ortholog"
        link="https://www.kegg.jp/dbget-bin/www_bget?K06453">
        <graphics name="K06453" fgcolor="#000000" bgcolor="#BFBFFF"
             type="rectangle" x="500" y="571" width="46" height="17"/>
    </entry>
    <entry id="52" name="ko:K07983" type="ortholog"
        link="https://www.kegg.jp/dbget-bin/www_bget?K07983">
        <graphics name="K07983" fgcolor="#000000" bgcolor="#BFBFFF"
             type="rectangle" x="500" y="548" width="46" height="17"/>
    </entry>
    <entry id="53" name="ko:K07992" type="ortholog"
        link="https://www.kegg.jp/dbget-bin/www_bget?K07992">
        <graphics name="K07992" fgcolor="#000000" bgcolor="#BFBFFF"
             type="rectangle" x="500" y="430" width="46" height="17"/>
    </entry>
    <entry id="54" name="ko:K07293" type="ortholog"
        link="https://www.kegg.jp/dbget-bin/www_bget?K07293">
        <graphics name="K07293" fgcolor="#000000" bgcolor="#BFBFFF"
             type="rectangle" x="524" y="238" width="46" height="17"/>
    </entry>
    <entry id="55" name="ko:K05697" type="ortholog"
        link="https://www.kegg.jp/dbget-bin/www_bget?K05697">
        <graphics name="K05697" fgcolor="#000000" bgcolor="#BFBFFF"
             type="rectangle" x="524" y="213" width="46" height="17"/>
    </entry>
    <entry id="56" name="ko:K04687 ko:K05414 ko:K05415" type="ortholog"
        link="https://www.kegg.jp/dbget-bin/www_bget?K04687+K05414+K05415">
        <graphics name="K04687..." fgcolor="#000000" bgcolor="#BFBFFF"
             type="rectangle" x="362" y="811" width="46" height="17"/>
    </entry>
    <entry id="57" name="ko:K04726" type="ortholog"
        link="https://www.kegg.jp/dbget-bin/www_bget?K04726">
        <graphics name="K04726" fgcolor="#000000" bgcolor="#BFBFFF"
             type="rectangle" x="69" y="948" width="46" height="17"/>
    </entry>
    <entry id="58" name="ko:K02187" type="ortholog"
        link="https://www.kegg.jp/dbget-bin/www_bget?K02187">
        <graphics name="K02187" fgcolor="#000000" bgcolor="#BFBFFF"
             type="rectangle" x="69" y="903" width="46" height="17"/>
    </entry>
    <entry id="59" name="ko:K01353" type="ortholog"
        link="https://www.kegg.jp/dbget-bin/www_bget?K01353">
        <graphics name="K01353" fgcolor="#000000" bgcolor="#BFBFFF"
             type="rectangle" x="172" y="925" width="46" height="17"/>
    </entry>
    <entry id="60" name="ko:K07818" type="ortholog"
        link="https://www.kegg.jp/dbget-bin/www_bget?K07818">
        <graphics name="K07818" fgcolor="#000000" bgcolor="#BFBFFF"
             type="rectangle" x="287" y="906" width="46" height="17"/>
    </entry>
    <entry id="61" name="ko:K04390" type="ortholog"
        link="https://www.kegg.jp/dbget-bin/www_bget?K04390">
        <graphics name="K04390" fgcolor="#000000" bgcolor="#BFBFFF"
             type="rectangle" x="287" y="864" width="46" height="17"/>
    </entry>
    <entry id="62" name="ko:K04722" type="ortholog"
        link="https://www.kegg.jp/dbget-bin/www_bget?K04722">
        <graphics name="K04722" fgcolor="#000000" bgcolor="#BFBFFF"
             type="rectangle" x="287" y="838" width="46" height="17"/>
    </entry>
    <entry id="63" name="ko:K06479" type="ortholog"
        link="https://www.kegg.jp/dbget-bin/www_bget?K06479">
        <graphics name="K06479" fgcolor="#000000" bgcolor="#BFBFFF"
             type="rectangle" x="287" y="703" width="46" height="17"/>
    </entry>
    <entry id="64" name="ko:K07986" type="ortholog"
        link="https://www.kegg.jp/dbget-bin/www_bget?K07986">
        <graphics name="K07986" fgcolor="#000000" bgcolor="#BFBFFF"
             type="rectangle" x="287" y="649" width="46" height="17"/>
    </entry>
    <entry id="66" name="ko:K07985" type="ortholog"
        link="https://www.kegg.jp/dbget-bin/www_bget?K07985">
        <graphics name="K07985" fgcolor="#000000" bgcolor="#BFBFFF"
             type="rectangle" x="287" y="621" width="46" height="17"/>
    </entry>
    <entry id="67" name="ko:K06490 ko:K06523" type="ortholog"
        link="https://www.kegg.jp/dbget-bin/www_bget?K06490+K06523">
        <graphics name="K06490..." fgcolor="#000000" bgcolor="#BFBFFF"
             type="rectangle" x="287" y="338" width="46" height="17"/>
    </entry>
    <entry id="69" name="cpd:C00165" type="compound"
        link="https://www.kegg.jp/dbget-bin/www_bget?C00165">
        <graphics name="C00165" fgcolor="#000000" bgcolor="#FFFFFF"
             type="circle" x="804" y="684" width="8" height="8"/>
    </entry>
    <entry id="70" name="cpd:C00076" type="compound"
        link="https://www.kegg.jp/dbget-bin/www_bget?C00076">
        <graphics name="C00076" fgcolor="#000000" bgcolor="#FFFFFF"
             type="circle" x="851" y="649" width="8" height="8"/>
    </entry>
    <entry id="74" name="cpd:C01245" type="compound"
        link="https://www.kegg.jp/dbget-bin/www_bget?C01245">
        <graphics name="C01245" fgcolor="#000000" bgcolor="#FFFFFF"
             type="circle" x="805" y="649" width="8" height="8"/>
    </entry>
    <entry id="75" name="ko:K00922 ko:K02649" type="ortholog"
        link="https://www.kegg.jp/dbget-bin/www_bget?K00922+K02649">
        <graphics name="K00922..." fgcolor="#000000" bgcolor="#BFBFFF"
             type="rectangle" x="780" y="494" width="46" height="17"/>
    </entry>
    <entry id="77" name="ko:K04371" type="ortholog"
        link="https://www.kegg.jp/dbget-bin/www_bget?K04371">
        <graphics name="K04371" fgcolor="#000000" bgcolor="#BFBFFF"
             type="rectangle" x="1023" y="617" width="46" height="17"/>
    </entry>
    <entry id="78" name="ko:K04368 ko:K04369" type="ortholog"
        link="https://www.kegg.jp/dbget-bin/www_bget?K04368+K04369">
        <graphics name="K04368..." fgcolor="#000000" bgcolor="#BFBFFF"
             type="rectangle" x="939" y="540" width="46" height="17"/>
    </entry>
    <entry id="79" name="ko:K04365 ko:K04366 ko:K08845" type="ortholog"
        link="https://www.kegg.jp/dbget-bin/www_bget?K04365+K04366+K08845">
        <graphics name="K04365..." fgcolor="#000000" bgcolor="#BFBFFF"
             type="rectangle" x="941" y="586" width="46" height="17"/>
    </entry>
    <entry id="80" name="ko:K02833 ko:K07827 ko:K07828" type="ortholog"
        link="https://www.kegg.jp/dbget-bin/www_bget?K02833+K07827+K07828">
        <graphics name="K02833..." fgcolor="#000000" bgcolor="#BFBFFF"
             type="rectangle" x="871" y="586" width="46" height="17"/>
    </entry>
    <entry id="81" name="ko:K03099" type="ortholog"
        link="https://www.kegg.jp/dbget-bin/www_bget?K03099">
        <graphics name="K03099" fgcolor="#000000" bgcolor="#BFBFFF"
             type="rectangle" x="802" y="586" width="46" height="17"/>
    </entry>
    <entry id="82" name="ko:K04364" type="ortholog"
        link="https://www.kegg.jp/dbget-bin/www_bget?K04364">
        <graphics name="K04364" fgcolor="#000000" bgcolor="#BFBFFF"
             type="rectangle" x="730" y="586" width="46" height="17"/>
    </entry>
    <entry id="83" name="ko:K06279 ko:K17447 ko:K17448 ko:K17449" type="ortholog"
        link="https://www.kegg.jp/dbget-bin/www_bget?K06279+K17447+K17448+K17449">
        <graphics name="K06279..." fgcolor="#000000" bgcolor="#BFBFFF"
             type="rectangle" x="658" y="586" width="46" height="17"/>
    </entry>
    <entry id="84" name="ko:K04409" type="ortholog"
        link="https://www.kegg.jp/dbget-bin/www_bget?K04409">
        <graphics name="K04409" fgcolor="#000000" bgcolor="#BFBFFF"
             type="rectangle" x="848" y="492" width="46" height="17"/>
    </entry>
    <entry id="85" name="ko:K04392 ko:K07860 ko:K07861" type="ortholog"
        link="https://www.kegg.jp/dbget-bin/www_bget?K04392+K07860+K07861">
        <graphics name="K04392..." fgcolor="#000000" bgcolor="#BFBFFF"
             type="rectangle" x="797" y="340" width="46" height="17"/>
    </entry>
    <entry id="86" name="ko:K05730" type="ortholog"
        link="https://www.kegg.jp/dbget-bin/www_bget?K05730">
        <graphics name="K05730" fgcolor="#000000" bgcolor="#BFBFFF"
             type="rectangle" x="724" y="339" width="46" height="17"/>
    </entry>
    <entry id="87" name="path:ko04650" type="map"
        link="https://www.kegg.jp/dbget-bin/www_bget?ko04650">
        <graphics name="TITLE:Natural killer cell mediated cytotoxicity" fgcolor="#000000" bgcolor="#FFFFFF"
             type="roundrectangle" x="230" y="58" width="379" height="25"/>
    </entry>
    <entry id="88" name="path:ko04010" type="map"
        link="https://www.kegg.jp/dbget-bin/www_bget?ko04010">
        <graphics name="MAPK signaling pathway" fgcolor="#000000" bgcolor="#FFFFFF"
             type="roundrectangle" x="822" y="546" width="113" height="34"/>
    </entry>
    <entry id="89" name="path:ko04020" type="map"
        link="https://www.kegg.jp/dbget-bin/www_bget?ko04020">
        <graphics name="Calcium signaling pathway" fgcolor="#000000" bgcolor="#FFFFFF"
             type="roundrectangle" x="964" y="722" width="100" height="34"/>
    </entry>
    <entry id="90" name="path:ko04630" type="map"
        link="https://www.kegg.jp/dbget-bin/www_bget?ko04630">
        <graphics name="JAK-STAT signaling pathway" fgcolor="#000000" bgcolor="#FFFFFF"
             type="roundrectangle" x="702" y="812" width="109" height="34"/>
    </entry>
    <entry id="91" name="path:ko04060" type="map"
        link="https://www.kegg.jp/dbget-bin/www_bget?ko04060">
        <graphics name="Cytokine-cytokine receptor interaction" fgcolor="#000000" bgcolor="#FFFFFF"
             type="roundrectangle" x="534" y="785" width="109" height="35"/>
    </entry>
    <entry id="92" name="path:ko04210" type="map"
        link="https://www.kegg.jp/dbget-bin/www_bget?ko04210">
        <graphics name="Apoptosis" fgcolor="#000000" bgcolor="#FFFFFF"
             type="roundrectangle" x="96" y="521" width="109" height="25"/>
    </entry>
    <entry id="208" name="ko:K04389" type="ortholog"
        link="https://www.kegg.jp/dbget-bin/www_bget?K04389">
        <graphics name="K04389" fgcolor="#000000" bgcolor="#BFBFFF"
             type="rectangle" x="501" y="910" width="46" height="17"/>
    </entry>
    <entry id="209" name="ko:K01353" type="ortholog"
        link="https://www.kegg.jp/dbget-bin/www_bget?K01353">
        <graphics name="K01353" fgcolor="#000000" bgcolor="#BFBFFF"
             type="rectangle" x="554" y="926" width="46" height="17"/>
    </entry>
    <entry id="210" name="ko:K07818" type="ortholog"
        link="https://www.kegg.jp/dbget-bin/www_bget?K07818">
        <graphics name="K07818" fgcolor="#000000" bgcolor="#BFBFFF"
             type="rectangle" x="501" y="946" width="46" height="17"/>
    </entry>
    <entry id="211" name="ko:K06516" type="ortholog"
        link="https://www.kegg.jp/dbget-bin/www_bget?K06516">
        <graphics name="K06516" fgcolor="#000000" bgcolor="#BFBFFF"
             type="rectangle" x="429" y="439" width="46" height="17"/>
    </entry>
    <entry id="212" name="ko:K04389" type="ortholog"
        link="https://www.kegg.jp/dbget-bin/www_bget?K04389">
        <graphics name="K04389" fgcolor="#000000" bgcolor="#BFBFFF"
             type="rectangle" x="429" y="864" width="46" height="17"/>
    </entry>
    <entry id="213" name="ko:K04721" type="ortholog"
        link="https://www.kegg.jp/dbget-bin/www_bget?K04721">
        <graphics name="K04721" fgcolor="#000000" bgcolor="#BFBFFF"
             type="rectangle" x="429" y="838" width="46" height="17"/>
    </entry>
    <entry id="214" name="ko:K05130 ko:K05131 ko:K05132 ko:K05133" type="ortholog"
        link="https://www.kegg.jp/dbget-bin/www_bget?K05130+K05131+K05132+K05133">
        <graphics name="K05130..." fgcolor="#000000" bgcolor="#BFBFFF"
             type="rectangle" x="429" y="811" width="46" height="17"/>
    </entry>
    <entry id="215" name="ko:K06582" type="ortholog"
        link="https://www.kegg.jp/dbget-bin/www_bget?K06582">
        <graphics name="K06582" fgcolor="#000000" bgcolor="#BFBFFF"
             type="rectangle" x="429" y="703" width="46" height="17"/>
    </entry>
    <entry id="216" name="ko:K06728" type="ortholog"
        link="https://www.kegg.jp/dbget-bin/www_bget?K06728">
        <graphics name="K06728" fgcolor="#000000" bgcolor="#BFBFFF"
             type="rectangle" x="429" y="637" width="46" height="17"/>
    </entry>
    <entry id="217" name="ko:K06743" type="ortholog"
        link="https://www.kegg.jp/dbget-bin/www_bget?K06743">
        <graphics name="K06743" fgcolor="#000000" bgcolor="#BFBFFF"
             type="rectangle" x="429" y="587" width="46" height="17"/>
    </entry>
    <entry id="218" name="ko:K06741" type="ortholog"
        link="https://www.kegg.jp/dbget-bin/www_bget?K06741">
        <graphics name="K06741" fgcolor="#000000" bgcolor="#BFBFFF"
             type="rectangle" x="429" y="528" width="46" height="17"/>
    </entry>
    <entry id="219" name="ko:K06463" type="ortholog"
        link="https://www.kegg.jp/dbget-bin/www_bget?K06463">
        <graphics name="K06463" fgcolor="#000000" bgcolor="#BFBFFF"
             type="rectangle" x="429" y="559" width="46" height="17"/>
    </entry>
    <entry id="220" name="ko:K06742" type="ortholog"
        link="https://www.kegg.jp/dbget-bin/www_bget?K06742">
        <graphics name="K06742" fgcolor="#000000" bgcolor="#BFBFFF"
             type="rectangle" x="429" y="473" width="46" height="17"/>
    </entry>
    <entry id="221" name="ko:K24233" type="ortholog"
        link="https://www.kegg.jp/dbget-bin/www_bget?K24233">
        <graphics name="K24233" fgcolor="#000000" bgcolor="#BFBFFF"
             type="rectangle" x="429" y="422" width="46" height="17"/>
    </entry>
    <entry id="222" name="ko:K07982" type="ortholog"
        link="https://www.kegg.jp/dbget-bin/www_bget?K07982">
        <graphics name="K07982" fgcolor="#000000" bgcolor="#BFBFFF"
             type="rectangle" x="429" y="387" width="46" height="17"/>
    </entry>
    <entry id="223" name="ko:K06464" type="ortholog"
        link="https://www.kegg.jp/dbget-bin/www_bget?K06464">
        <graphics name="K06464" fgcolor="#000000" bgcolor="#BFBFFF"
             type="rectangle" x="429" y="346" width="46" height="17"/>
    </entry>
    <entry id="224" name="ko:K05718" type="ortholog"
        link="https://www.kegg.jp/dbget-bin/www_bget?K05718">
        <graphics name="K05718" fgcolor="#000000" bgcolor="#BFBFFF"
             type="rectangle" x="429" y="329" width="46" height="17"/>
    </entry>
    <entry id="225" name="ko:K06516" type="ortholog"
        link="https://www.kegg.jp/dbget-bin/www_bget?K06516">
        <graphics name="K06516" fgcolor="#000000" bgcolor="#BFBFFF"
             type="rectangle" x="429" y="271" width="46" height="17"/>
    </entry>
    <entry id="226" name="ko:K06541" type="ortholog"
        link="https://www.kegg.jp/dbget-bin/www_bget?K06541">
        <graphics name="K06541" fgcolor="#000000" bgcolor="#BFBFFF"
             type="rectangle" x="429" y="254" width="46" height="17"/>
    </entry>
    <entry id="227" name="ko:K07981 ko:K24232" type="ortholog"
        link="https://www.kegg.jp/dbget-bin/www_bget?K07981+K24232">
        <graphics name="K07981..." fgcolor="#000000" bgcolor="#BFBFFF"
             type="rectangle" x="429" y="220" width="46" height="17"/>
    </entry>
    <entry id="228" name="ko:K07980" type="ortholog"
        link="https://www.kegg.jp/dbget-bin/www_bget?K07980">
        <graphics name="K07980" fgcolor="#000000" bgcolor="#BFBFFF"
             type="rectangle" x="429" y="178" width="46" height="17"/>
    </entry>
    <entry id="229" name="ko:K07980" type="ortholog"
        link="https://www.kegg.jp/dbget-bin/www_bget?K07980">
        <graphics name="K07980" fgcolor="#000000" bgcolor="#BFBFFF"
             type="rectangle" x="429" y="148" width="46" height="17"/>
    </entry>
    <entry id="254" name="ko:K06490 ko:K06523" type="ortholog"
        link="https://www.kegg.jp/dbget-bin/www_bget?K06490+K06523">
        <graphics name="K06490..." fgcolor="#000000" bgcolor="#BFBFFF"
             type="rectangle" x="1057" y="272" width="46" height="17"/>
    </entry>
    <entry id="257" name="ko:K07987" type="ortholog"
        link="https://www.kegg.jp/dbget-bin/www_bget?K07987">
        <graphics name="K07987" fgcolor="#000000" bgcolor="#BFBFFF"
             type="rectangle" x="1057" y="511" width="46" height="17"/>
    </entry>
    <entry id="259" name="ko:K24207" type="ortholog"
        link="https://www.kegg.jp/dbget-bin/www_bget?K24207">
        <graphics name="K24207" fgcolor="#000000" bgcolor="#BFBFFF"
             type="rectangle" x="1200" y="85" width="46" height="17"/>
    </entry>
    <entry id="260" name="ko:K24208" type="ortholog"
        link="https://www.kegg.jp/dbget-bin/www_bget?K24208">
        <graphics name="K24208" fgcolor="#000000" bgcolor="#BFBFFF"
             type="rectangle" x="1200" y="111" width="46" height="17"/>
    </entry>
    <entry id="261" name="ko:K24238" type="ortholog"
        link="https://www.kegg.jp/dbget-bin/www_bget?K24238">
        <graphics name="K24238" fgcolor="#000000" bgcolor="#BFBFFF"
             type="rectangle" x="1200" y="138" width="46" height="17"/>
    </entry>
    <entry id="262" name="ko:K24240" type="ortholog"
        link="https://www.kegg.jp/dbget-bin/www_bget?K24240">
        <graphics name="K24240" fgcolor="#000000" bgcolor="#BFBFFF"
             type="rectangle" x="1200" y="164" width="46" height="17"/>
    </entry>
    <entry id="263" name="ko:K06541" type="ortholog"
        link="https://www.kegg.jp/dbget-bin/www_bget?K06541">
        <graphics name="K06541" fgcolor="#000000" bgcolor="#BFBFFF"
             type="rectangle" x="1200" y="203" width="46" height="17"/>
    </entry>
    <entry id="264" name="ko:K06516" type="ortholog"
        link="https://www.kegg.jp/dbget-bin/www_bget?K06516">
        <graphics name="K06516" fgcolor="#000000" bgcolor="#BFBFFF"
             type="rectangle" x="1200" y="220" width="46" height="17"/>
    </entry>
    <entry id="265" name="ko:K05718" type="ortholog"
        link="https://www.kegg.jp/dbget-bin/www_bget?K05718">
        <graphics name="K05718" fgcolor="#000000" bgcolor="#BFBFFF"
             type="rectangle" x="1200" y="263" width="46" height="17"/>
    </entry>
    <entry id="266" name="ko:K06464" type="ortholog"
        link="https://www.kegg.jp/dbget-bin/www_bget?K06464">
        <graphics name="K06464" fgcolor="#000000" bgcolor="#BFBFFF"
             type="rectangle" x="1200" y="280" width="46" height="17"/>
    </entry>
    <entry id="267" name="ko:K23459" type="ortholog"
        link="https://www.kegg.jp/dbget-bin/www_bget?K23459">
        <graphics name="K23459" fgcolor="#000000" bgcolor="#BFBFFF"
             type="rectangle" x="1200" y="308" width="46" height="17"/>
    </entry>
    <entry id="269" name="ko:K06516" type="ortholog"
        link="https://www.kegg.jp/dbget-bin/www_bget?K06516">
        <graphics name="K06516" fgcolor="#000000" bgcolor="#BFBFFF"
             type="rectangle" x="1200" y="353" width="46" height="17"/>
    </entry>
    <entry id="270" name="ko:K24239" type="ortholog"
        link="https://www.kegg.jp/dbget-bin/www_bget?K24239">
        <graphics name="K24239" fgcolor="#000000" bgcolor="#BFBFFF"
             type="rectangle" x="1200" y="383" width="46" height="17"/>
    </entry>
    <entry id="271" name="ko:K06463" type="ortholog"
        link="https://www.kegg.jp/dbget-bin/www_bget?K06463">
        <graphics name="K06463" fgcolor="#000000" bgcolor="#BFBFFF"
             type="rectangle" x="1200" y="414" width="46" height="17"/>
    </entry>
    <entry id="272" name="ko:K06741" type="ortholog"
        link="https://www.kegg.jp/dbget-bin/www_bget?K06741">
        <graphics name="K06741" fgcolor="#000000" bgcolor="#BFBFFF"
             type="rectangle" x="1200" y="440" width="46" height="17"/>
    </entry>
    <entry id="274" name="ko:K06728" type="ortholog"
        link="https://www.kegg.jp/dbget-bin/www_bget?K06728">
        <graphics name="K06728" fgcolor="#000000" bgcolor="#BFBFFF"
             type="rectangle" x="1200" y="511" width="46" height="17"/>
    </entry>
    <entry id="279" name="ko:K06856" type="ortholog"
        link="https://www.kegg.jp/dbget-bin/www_bget?K06856">
        <graphics name="K06856" fgcolor="#000000" bgcolor="#BFBFFF"
             type="rectangle" x="1135" y="414" width="46" height="17"/>
    </entry>
    <entry id="280" name="undefined" type="group">
        <graphics fgcolor="#000000" bgcolor="#FFFFFF"
             type="rectangle" x="429" y="337" width="46" height="34"/>
        <component id="223"/>
        <component id="224"/>
    </entry>
    <entry id="281" name="undefined" type="group">
        <graphics fgcolor="#000000" bgcolor="#FFFFFF"
             type="rectangle" x="429" y="262" width="46" height="34"/>
        <component id="225"/>
        <component id="226"/>
    </entry>
    <entry id="282" name="undefined" type="group">
        <graphics fgcolor="#000000" bgcolor="#FFFFFF"
             type="rectangle" x="429" y="430" width="46" height="34"/>
        <component id="211"/>
        <component id="221"/>
    </entry>
    <entry id="283" name="undefined" type="group">
        <graphics fgcolor="#000000" bgcolor="#FFFFFF"
             type="rectangle" x="1200" y="271" width="46" height="34"/>
        <component id="265"/>
        <component id="266"/>
    </entry>
    <relation entry1="31" entry2="25" type="ECrel">
        <subtype name="compound" value="70"/>
    </relation>
    <relation entry1="75" entry2="86" type="ECrel">
        <subtype name="compound" value="26"/>
    </relation>
    <relation entry1="31" entry2="38" type="ECrel">
        <subtype name="compound" value="69"/>
    </relation>
    <relation entry1="67" entry2="280" type="PPrel">
        <subtype name="activation" value="--&gt;"/>
    </relation>
    <relation entry1="27" entry2="218" type="PPrel">
        <subtype name="activation" value="--&gt;"/>
    </relation>
    <relation entry1="66" entry2="216" type="PPrel">
        <subtype name="activation" value="--&gt;"/>
    </relation>
    <relation entry1="64" entry2="216" type="PPrel">
        <subtype name="activation" value="--&gt;"/>
    </relation>
    <relation entry1="63" entry2="215" type="PPrel">
        <subtype name="activation" value="--&gt;"/>
    </relation>
    <relation entry1="213" entry2="62" type="PPrel">
        <subtype name="activation" value="--&gt;"/>
    </relation>
    <relation entry1="212" entry2="61" type="PPrel">
        <subtype name="activation" value="--&gt;"/>
    </relation>
    <relation entry1="59" entry2="58" type="PPrel">
        <subtype name="activation" value="--&gt;"/>
    </relation>
    <relation entry1="59" entry2="57" type="PPrel">
        <subtype name="activation" value="--&gt;"/>
    </relation>
    <relation entry1="229" entry2="55" type="PPrel">
        <subtype name="activation" value="--&gt;"/>
    </relation>
    <relation entry1="229" entry2="54" type="PPrel">
        <subtype name="activation" value="--&gt;"/>
    </relation>
    <relation entry1="228" entry2="55" type="PPrel">
        <subtype name="activation" value="--&gt;"/>
    </relation>
    <relation entry1="228" entry2="54" type="PPrel">
        <subtype name="activation" value="--&gt;"/>
    </relation>
    <relation entry1="227" entry2="55" type="PPrel">
        <subtype name="activation" value="--&gt;"/>
    </relation>
    <relation entry1="227" entry2="54" type="PPrel">
        <subtype name="activation" value="--&gt;"/>
    </relation>
    <relation entry1="281" entry2="55" type="PPrel">
        <subtype name="activation" value="--&gt;"/>
    </relation>
    <relation entry1="281" entry2="54" type="PPrel">
        <subtype name="activation" value="--&gt;"/>
    </relation>
    <relation entry1="280" entry2="42" type="PPrel">
        <subtype name="activation" value="--&gt;"/>
    </relation>
    <relation entry1="280" entry2="86" type="PPrel">
        <subtype name="activation" value="--&gt;"/>
    </relation>
    <relation entry1="215" entry2="47" type="PPrel">
        <subtype name="activation" value="--&gt;"/>
    </relation>
    <relation entry1="215" entry2="49" type="PPrel">
        <subtype name="activation" value="--&gt;"/>
    </relation>
    <relation entry1="49" entry2="28" type="PPrel">
        <subtype name="activation" value="--&gt;"/>
    </relation>
    <relation entry1="53" entry2="45" type="PPrel">
        <subtype name="activation" value="--&gt;"/>
    </relation>
    <relation entry1="53" entry2="44" type="PPrel">
        <subtype name="activation" value="--&gt;"/>
    </relation>
    <relation entry1="52" entry2="45" type="PPrel">
        <subtype name="activation" value="--&gt;"/>
    </relation>
    <relation entry1="52" entry2="44" type="PPrel">
        <subtype name="activation" value="--&gt;"/>
    </relation>
    <relation entry1="51" entry2="45" type="PPrel">
        <subtype name="activation" value="--&gt;"/>
    </relation>
    <relation entry1="51" entry2="44" type="PPrel">
        <subtype name="activation" value="--&gt;"/>
    </relation>
    <relation entry1="45" entry2="75" type="PPrel">
        <subtype name="activation" value="--&gt;"/>
    </relation>
    <relation entry1="44" entry2="75" type="PPrel">
        <subtype name="activation" value="--&gt;"/>
    </relation>
    <relation entry1="50" entry2="40" type="PPrel">
        <subtype name="activation" value="--&gt;"/>
    </relation>
    <relation entry1="50" entry2="75" type="PPrel">
        <subtype name="activation" value="--&gt;"/>
    </relation>
    <relation entry1="40" entry2="86" type="PPrel">
        <subtype name="activation" value="--&gt;"/>
    </relation>
    <relation entry1="75" entry2="85" type="PPrel">
        <subtype name="activation" value="--&gt;"/>
    </relation>
    <relation entry1="86" entry2="85" type="PPrel">
        <subtype name="activation" value="--&gt;"/>
    </relation>
    <relation entry1="42" entry2="85" type="PPrel">
        <subtype name="activation" value="--&gt;"/>
    </relation>
    <relation entry1="85" entry2="84" type="PPrel">
        <subtype name="activation" value="--&gt;"/>
    </relation>
    <relation entry1="43" entry2="82" type="PPrel">
        <subtype name="activation" value="--&gt;"/>
    </relation>
    <relation entry1="41" entry2="82" type="PPrel">
        <subtype name="activation" value="--&gt;"/>
    </relation>
    <relation entry1="45" entry2="83" type="PPrel">
        <subtype name="activation" value="--&gt;"/>
    </relation>
    <relation entry1="44" entry2="83" type="PPrel">
        <subtype name="activation" value="--&gt;"/>
    </relation>
    <relation entry1="83" entry2="82" type="PPrel">
        <subtype name="activation" value="--&gt;"/>
    </relation>
    <relation entry1="82" entry2="81" type="PPrel">
        <subtype name="activation" value="--&gt;"/>
    </relation>
    <relation entry1="81" entry2="80" type="PPrel">
        <subtype name="activation" value="--&gt;"/>
    </relation>
    <relation entry1="80" entry2="79" type="PPrel">
        <subtype name="activation" value="--&gt;"/>
    </relation>
    <relation entry1="50" entry2="82" type="PPrel">
        <subtype name="activation" value="--&gt;"/>
    </relation>
    <relation entry1="32" entry2="82" type="PPrel">
        <subtype name="activation" value="--&gt;"/>
    </relation>
    <relation entry1="32" entry2="31" type="PPrel">
        <subtype name="activation" value="--&gt;"/>
    </relation>
    <relation entry1="215" entry2="32" type="PPrel">
        <subtype name="activation" value="--&gt;"/>
    </relation>
    <relation entry1="77" entry2="37" type="PPrel">
        <subtype name="indirect effect" value="..&gt;"/>
    </relation>
    <relation entry1="77" entry2="36" type="PPrel">
        <subtype name="indirect effect" value="..&gt;"/>
    </relation>
    <relation entry1="77" entry2="35" type="PPrel">
        <subtype name="indirect effect" value="..&gt;"/>
    </relation>
    <relation entry1="24" entry2="37" type="PPrel">
        <subtype name="indirect effect" value="..&gt;"/>
    </relation>
    <relation entry1="24" entry2="36" type="PPrel">
        <subtype name="indirect effect" value="..&gt;"/>
    </relation>
    <relation entry1="30" entry2="61" type="PPrel">
        <subtype name="indirect effect" value="..&gt;"/>
    </relation>
    <relation entry1="35" entry2="30" type="PPrel">
        <subtype name="activation" value="--&gt;"/>
    </relation>
    <relation entry1="56" entry2="214" type="PPrel">
        <subtype name="activation" value="--&gt;"/>
    </relation>
    <relation entry1="214" entry2="29" type="PPrel">
        <subtype name="indirect effect" value="..&gt;"/>
    </relation>
    <relation entry1="35" entry2="214" type="PPrel">
        <subtype name="activation" value="--&gt;"/>
    </relation>
    <relation entry1="84" entry2="78" type="PPrel">
        <subtype name="activation" value="--&gt;"/>
        <subtype name="phosphorylation" value="+p"/>
    </relation>
    <relation entry1="78" entry2="77" type="PPrel">
        <subtype name="activation" value="--&gt;"/>
        <subtype name="phosphorylation" value="+p"/>
    </relation>
    <relation entry1="79" entry2="78" type="PPrel">
        <subtype name="activation" value="--&gt;"/>
        <subtype name="phosphorylation" value="+p"/>
    </relation>
    <relation entry1="46" entry2="53" type="PPrel">
        <subtype name="activation" value="--&gt;"/>
        <subtype name="phosphorylation" value="+p"/>
    </relation>
    <relation entry1="48" entry2="53" type="PPrel">
        <subtype name="activation" value="--&gt;"/>
        <subtype name="phosphorylation" value="+p"/>
    </relation>
    <relation entry1="48" entry2="52" type="PPrel">
        <subtype name="activation" value="--&gt;"/>
        <subtype name="phosphorylation" value="+p"/>
    </relation>
    <relation entry1="48" entry2="51" type="PPrel">
        <subtype name="activation" value="--&gt;"/>
        <subtype name="phosphorylation" value="+p"/>
    </relation>
    <relation entry1="45" entry2="43" type="PPrel">
        <subtype name="activation" value="--&gt;"/>
        <subtype name="phosphorylation" value="+p"/>
    </relation>
    <relation entry1="45" entry2="41" type="PPrel">
        <subtype name="activation" value="--&gt;"/>
        <subtype name="phosphorylation" value="+p"/>
    </relation>
    <relation entry1="44" entry2="43" type="PPrel">
        <subtype name="activation" value="--&gt;"/>
        <subtype name="phosphorylation" value="+p"/>
    </relation>
    <relation entry1="44" entry2="41" type="PPrel">
        <subtype name="activation" value="--&gt;"/>
        <subtype name="phosphorylation" value="+p"/>
    </relation>
    <relation entry1="45" entry2="32" type="PPrel">
        <subtype name="activation" value="--&gt;"/>
        <subtype name="phosphorylation" value="+p"/>
    </relation>
    <relation entry1="44" entry2="32" type="PPrel">
        <subtype name="activation" value="--&gt;"/>
        <subtype name="phosphorylation" value="+p"/>
    </relation>
    <relation entry1="28" entry2="215" type="PPrel">
        <subtype name="activation" value="--&gt;"/>
        <subtype name="phosphorylation" value="+p"/>
    </relation>
    <relation entry1="55" entry2="86" type="PPrel">
        <subtype name="inhibition" value="--|"/>
        <subtype name="dephosphorylation" value="-p"/>
    </relation>
    <relation entry1="54" entry2="86" type="PPrel">
        <subtype name="inhibition" value="--|"/>
        <subtype name="dephosphorylation" value="-p"/>
    </relation>
    <relation entry1="55" entry2="43" type="PPrel">
        <subtype name="inhibition" value="--|"/>
        <subtype name="dephosphorylation" value="-p"/>
    </relation>
    <relation entry1="54" entry2="43" type="PPrel">
        <subtype name="inhibition" value="--|"/>
        <subtype name="dephosphorylation" value="-p"/>
    </relation>
    <relation entry1="55" entry2="41" type="PPrel">
        <subtype name="inhibition" value="--|"/>
        <subtype name="dephosphorylation" value="-p"/>
    </relation>
    <relation entry1="54" entry2="41" type="PPrel">
        <subtype name="inhibition" value="--|"/>
        <subtype name="dephosphorylation" value="-p"/>
    </relation>
    <relation entry1="25" entry2="24" type="PPrel">
        <subtype name="activation" value="--&gt;"/>
        <subtype name="dephosphorylation" value="-p"/>
    </relation>
    <relation entry1="53" entry2="222" type="PPrel">
        <subtype name="binding/association" value="---"/>
    </relation>
    <relation entry1="53" entry2="282" type="PPrel">
        <subtype name="binding/association" value="---"/>
    </relation>
    <relation entry1="53" entry2="220" type="PPrel">
        <subtype name="binding/association" value="---"/>
    </relation>
    <relation entry1="52" entry2="218" type="PPrel">
        <subtype name="binding/association" value="---"/>
    </relation>
    <relation entry1="52" entry2="219" type="PPrel">
        <subtype name="binding/association" value="---"/>
    </relation>
    <relation entry1="52" entry2="217" type="PPrel">
        <subtype name="binding/association" value="---"/>
    </relation>
    <relation entry1="51" entry2="218" type="PPrel">
        <subtype name="binding/association" value="---"/>
    </relation>
    <relation entry1="51" entry2="219" type="PPrel">
        <subtype name="binding/association" value="---"/>
    </relation>
    <relation entry1="51" entry2="217" type="PPrel">
        <subtype name="binding/association" value="---"/>
    </relation>
    <relation entry1="50" entry2="216" type="PPrel">
        <subtype name="binding/association" value="---"/>
    </relation>
    <relation entry1="39" entry2="86" type="PPrel">
        <subtype name="binding/association" value="---"/>
    </relation>
    <relation entry1="39" entry2="40" type="PPrel">
        <subtype name="binding/association" value="---"/>
    </relation>
    <relation entry1="29" entry2="62" type="PPrel">
        <subtype name="activation" value="--&gt;"/>
    </relation>
    <relation entry1="23" entry2="219" type="PPrel">
        <subtype name="activation" value="--&gt;"/>
    </relation>
    <relation entry1="254" entry2="283" type="PPrel">
        <subtype name="activation" value="--&gt;"/>
    </relation>
    <relation entry1="279" entry2="271" type="PPrel">
        <subtype name="activation" value="--&gt;"/>
    </relation>
    <relation entry1="257" entry2="274" type="PPrel">
        <subtype name="activation" value="--&gt;"/>
    </relation>
</pathway>
