<?xml version="1.0"?>
<!DOCTYPE pathway SYSTEM "https://www.kegg.jp/kegg/xml/KGML_v0.7.2_.dtd">
<!-- Creation date: May 6, 2021 16:22:38 +0900 (GMT+9) -->
<pathway name="path:ko04130" org="ko" number="04130"
         title="SNARE interactions in vesicular transport"
         image="https://www.kegg.jp/kegg/pathway/ko/ko04130.png"
         link="https://www.kegg.jp/kegg-bin/show_pathway?ko04130">
    <entry id="45" name="ko:K08497" type="ortholog"
        link="https://www.kegg.jp/dbget-bin/www_bget?K08497">
        <graphics name="K08497" fgcolor="#000000" bgcolor="#BFBFFF"
             type="rectangle" x="354" y="727" width="46" height="17"/>
    </entry>
    <entry id="46" name="ko:K08507" type="ortholog"
        link="https://www.kegg.jp/dbget-bin/www_bget?K08507">
        <graphics name="K08507" fgcolor="#000000" bgcolor="#BFBFFF"
             type="rectangle" x="354" y="710" width="46" height="17"/>
    </entry>
    <entry id="47" name="ko:K08492" type="ortholog"
        link="https://www.kegg.jp/dbget-bin/www_bget?K08492">
        <graphics name="K08492" fgcolor="#000000" bgcolor="#BFBFFF"
             type="rectangle" x="354" y="693" width="46" height="17"/>
    </entry>
    <entry id="48" name="ko:K08491" type="ortholog"
        link="https://www.kegg.jp/dbget-bin/www_bget?K08491">
        <graphics name="K08491" fgcolor="#000000" bgcolor="#BFBFFF"
             type="rectangle" x="254" y="696" width="46" height="17"/>
    </entry>
    <entry id="49" name="ko:K08504" type="ortholog"
        link="https://www.kegg.jp/dbget-bin/www_bget?K08504">
        <graphics name="K08504" fgcolor="#000000" bgcolor="#BFBFFF"
             type="rectangle" x="234" y="646" width="46" height="17"/>
    </entry>
    <entry id="50" name="ko:K08516" type="ortholog"
        link="https://www.kegg.jp/dbget-bin/www_bget?K08516">
        <graphics name="K08516" fgcolor="#000000" bgcolor="#BFBFFF"
             type="rectangle" x="330" y="564" width="46" height="17"/>
    </entry>
    <entry id="51" name="ko:K08495" type="ortholog"
        link="https://www.kegg.jp/dbget-bin/www_bget?K08495">
        <graphics name="K08495" fgcolor="#000000" bgcolor="#BFBFFF"
             type="rectangle" x="330" y="547" width="46" height="17"/>
    </entry>
    <entry id="52" name="ko:K08490" type="ortholog"
        link="https://www.kegg.jp/dbget-bin/www_bget?K08490">
        <graphics name="K08490" fgcolor="#000000" bgcolor="#BFBFFF"
             type="rectangle" x="330" y="530" width="46" height="17"/>
    </entry>
    <entry id="53" name="ko:K08517" type="ortholog"
        link="https://www.kegg.jp/dbget-bin/www_bget?K08517">
        <graphics name="K08517" fgcolor="#000000" bgcolor="#BFBFFF"
             type="rectangle" x="281" y="564" width="46" height="17"/>
    </entry>
    <entry id="54" name="ko:K08496" type="ortholog"
        link="https://www.kegg.jp/dbget-bin/www_bget?K08496">
        <graphics name="K08496" fgcolor="#000000" bgcolor="#BFBFFF"
             type="rectangle" x="281" y="547" width="46" height="17"/>
    </entry>
    <entry id="55" name="ko:K08490" type="ortholog"
        link="https://www.kegg.jp/dbget-bin/www_bget?K08490">
        <graphics name="K08490" fgcolor="#000000" bgcolor="#BFBFFF"
             type="rectangle" x="281" y="530" width="46" height="17"/>
    </entry>
    <entry id="56" name="ko:K08509" type="ortholog"
        link="https://www.kegg.jp/dbget-bin/www_bget?K08509">
        <graphics name="K08509" fgcolor="#000000" bgcolor="#BFBFFF"
             type="rectangle" x="330" y="453" width="46" height="17"/>
    </entry>
    <entry id="57" name="ko:K08498 ko:K08499 ko:K08500" type="ortholog"
        link="https://www.kegg.jp/dbget-bin/www_bget?K08498+K08499+K08500">
        <graphics name="K08498..." fgcolor="#000000" bgcolor="#BFBFFF"
             type="rectangle" x="281" y="473" width="46" height="17"/>
    </entry>
    <entry id="58" name="ko:K08489" type="ortholog"
        link="https://www.kegg.jp/dbget-bin/www_bget?K08489">
        <graphics name="K08489" fgcolor="#000000" bgcolor="#BFBFFF"
             type="rectangle" x="281" y="453" width="46" height="17"/>
    </entry>
    <entry id="59" name="ko:K08487" type="ortholog"
        link="https://www.kegg.jp/dbget-bin/www_bget?K08487">
        <graphics name="K08487" fgcolor="#000000" bgcolor="#BFBFFF"
             type="rectangle" x="281" y="433" width="46" height="17"/>
    </entry>
    <entry id="60" name="ko:K08516" type="ortholog"
        link="https://www.kegg.jp/dbget-bin/www_bget?K08516">
        <graphics name="K08516" fgcolor="#000000" bgcolor="#BFBFFF"
             type="rectangle" x="457" y="409" width="46" height="17"/>
    </entry>
    <entry id="61" name="ko:K08493" type="ortholog"
        link="https://www.kegg.jp/dbget-bin/www_bget?K08493">
        <graphics name="K08493" fgcolor="#000000" bgcolor="#BFBFFF"
             type="rectangle" x="546" y="384" width="46" height="17"/>
    </entry>
    <entry id="62" name="ko:K08501 ko:K08502 ko:K08503" type="ortholog"
        link="https://www.kegg.jp/dbget-bin/www_bget?K08501+K08502+K08503">
        <graphics name="K08501..." fgcolor="#000000" bgcolor="#BFBFFF"
             type="rectangle" x="546" y="367" width="46" height="17"/>
    </entry>
    <entry id="63" name="ko:K08488 ko:K21155" type="ortholog"
        link="https://www.kegg.jp/dbget-bin/www_bget?K08488+K21155">
        <graphics name="K08488..." fgcolor="#000000" bgcolor="#BFBFFF"
             type="rectangle" x="546" y="350" width="46" height="17"/>
    </entry>
    <entry id="64" name="ko:K08513" type="ortholog"
        link="https://www.kegg.jp/dbget-bin/www_bget?K08513">
        <graphics name="K08513" fgcolor="#000000" bgcolor="#BFBFFF"
             type="rectangle" x="392" y="198" width="46" height="17"/>
    </entry>
    <entry id="65" name="ko:K08514" type="ortholog"
        link="https://www.kegg.jp/dbget-bin/www_bget?K08514">
        <graphics name="K08514" fgcolor="#000000" bgcolor="#BFBFFF"
             type="rectangle" x="377" y="165" width="46" height="17"/>
    </entry>
    <entry id="66" name="ko:K08508" type="ortholog"
        link="https://www.kegg.jp/dbget-bin/www_bget?K08508">
        <graphics name="K08508" fgcolor="#000000" bgcolor="#BFBFFF"
             type="rectangle" x="302" y="167" width="46" height="17"/>
    </entry>
    <entry id="67" name="ko:K08506" type="ortholog"
        link="https://www.kegg.jp/dbget-bin/www_bget?K08506">
        <graphics name="K08506" fgcolor="#000000" bgcolor="#BFBFFF"
             type="rectangle" x="305" y="710" width="46" height="17"/>
    </entry>
    <entry id="68" name="ko:K08508" type="ortholog"
        link="https://www.kegg.jp/dbget-bin/www_bget?K08508">
        <graphics name="K08508" fgcolor="#000000" bgcolor="#BFBFFF"
             type="rectangle" x="154" y="200" width="46" height="17"/>
    </entry>
    <entry id="69" name="ko:K04560 ko:K08486 ko:K13502" type="ortholog"
        link="https://www.kegg.jp/dbget-bin/www_bget?K04560+K08486+K13502">
        <graphics name="K04560..." fgcolor="#000000" bgcolor="#BFBFFF"
             type="rectangle" x="257" y="167" width="46" height="17"/>
    </entry>
    <entry id="70" name="ko:K04560 ko:K08486 ko:K13502" type="ortholog"
        link="https://www.kegg.jp/dbget-bin/www_bget?K04560+K08486+K13502">
        <graphics name="K04560..." fgcolor="#000000" bgcolor="#BFBFFF"
             type="rectangle" x="109" y="200" width="46" height="17"/>
    </entry>
    <entry id="71" name="path:ko04130" type="map"
        link="https://www.kegg.jp/dbget-bin/www_bget?ko04130">
        <graphics name="TITLE:SNARE interactions in vesicular transport" fgcolor="#000000" bgcolor="#FFFFFF"
             type="roundrectangle" x="228" y="58" width="375" height="25"/>
    </entry>
    <entry id="113" name="ko:K08505" type="ortholog"
        link="https://www.kegg.jp/dbget-bin/www_bget?K08505">
        <graphics name="K08505" fgcolor="#000000" bgcolor="#BFBFFF"
             type="rectangle" x="433" y="457" width="46" height="17"/>
    </entry>
    <entry id="114" name="ko:K08517" type="ortholog"
        link="https://www.kegg.jp/dbget-bin/www_bget?K08517">
        <graphics name="K08517" fgcolor="#000000" bgcolor="#BFBFFF"
             type="rectangle" x="429" y="644" width="46" height="17"/>
    </entry>
    <entry id="115" name="ko:K08513" type="ortholog"
        link="https://www.kegg.jp/dbget-bin/www_bget?K08513">
        <graphics name="K08513" fgcolor="#000000" bgcolor="#BFBFFF"
             type="rectangle" x="291" y="260" width="46" height="17"/>
    </entry>
    <entry id="116" name="ko:K08512" type="ortholog"
        link="https://www.kegg.jp/dbget-bin/www_bget?K08512">
        <graphics name="K08512" fgcolor="#000000" bgcolor="#BFBFFF"
             type="rectangle" x="162" y="335" width="46" height="17"/>
    </entry>
    <entry id="117" name="ko:K08510 ko:K13504 ko:K13505" type="ortholog"
        link="https://www.kegg.jp/dbget-bin/www_bget?K08510+K13504+K13505">
        <graphics name="K08510..." fgcolor="#000000" bgcolor="#BFBFFF"
             type="rectangle" x="143" y="297" width="46" height="17"/>
    </entry>
    <entry id="118" name="ko:K08515" type="ortholog"
        link="https://www.kegg.jp/dbget-bin/www_bget?K08515">
        <graphics name="K08515" fgcolor="#000000" bgcolor="#BFBFFF"
             type="rectangle" x="415" y="356" width="46" height="17"/>
    </entry>
    <entry id="126" name="ko:K08489" type="ortholog"
        link="https://www.kegg.jp/dbget-bin/www_bget?K08489">
        <graphics name="K08489" fgcolor="#000000" bgcolor="#BFBFFF"
             type="rectangle" x="460" y="218" width="46" height="17"/>
    </entry>
    <entry id="127" name="ko:K08498 ko:K08499 ko:K08500" type="ortholog"
        link="https://www.kegg.jp/dbget-bin/www_bget?K08498+K08499+K08500">
        <graphics name="K08498..." fgcolor="#000000" bgcolor="#BFBFFF"
             type="rectangle" x="460" y="235" width="46" height="17"/>
    </entry>
    <entry id="128" name="ko:K08493" type="ortholog"
        link="https://www.kegg.jp/dbget-bin/www_bget?K08493">
        <graphics name="K08493" fgcolor="#000000" bgcolor="#BFBFFF"
             type="rectangle" x="460" y="252" width="46" height="17"/>
    </entry>
    <entry id="129" name="undefined" type="group">
        <graphics fgcolor="#000000" bgcolor="#FFFFFF"
             type="rectangle" x="131" y="200" width="91" height="17"/>
        <component id="68"/>
        <component id="70"/>
    </entry>
    <entry id="130" name="undefined" type="group">
        <graphics fgcolor="#000000" bgcolor="#FFFFFF"
             type="rectangle" x="279" y="167" width="91" height="17"/>
        <component id="66"/>
        <component id="69"/>
    </entry>
    <entry id="131" name="undefined" type="group">
        <graphics fgcolor="#000000" bgcolor="#FFFFFF"
             type="rectangle" x="460" y="235" width="46" height="51"/>
        <component id="126"/>
        <component id="127"/>
        <component id="128"/>
    </entry>
    <entry id="132" name="undefined" type="group">
        <graphics fgcolor="#000000" bgcolor="#FFFFFF"
             type="rectangle" x="546" y="367" width="46" height="51"/>
        <component id="61"/>
        <component id="62"/>
        <component id="63"/>
    </entry>
    <entry id="133" name="undefined" type="group">
        <graphics fgcolor="#000000" bgcolor="#FFFFFF"
             type="rectangle" x="330" y="547" width="46" height="51"/>
        <component id="50"/>
        <component id="51"/>
        <component id="52"/>
    </entry>
    <entry id="134" name="undefined" type="group">
        <graphics fgcolor="#000000" bgcolor="#FFFFFF"
             type="rectangle" x="281" y="547" width="46" height="51"/>
        <component id="53"/>
        <component id="54"/>
        <component id="55"/>
    </entry>
    <entry id="135" name="undefined" type="group">
        <graphics fgcolor="#000000" bgcolor="#FFFFFF"
             type="rectangle" x="354" y="710" width="46" height="51"/>
        <component id="45"/>
        <component id="46"/>
        <component id="47"/>
    </entry>
    <relation entry1="117" entry2="129" type="PPrel">
        <subtype name="activation" value="--&gt;"/>
    </relation>
    <relation entry1="115" entry2="130" type="PPrel">
        <subtype name="activation" value="--&gt;"/>
    </relation>
    <relation entry1="64" entry2="131" type="PPrel">
        <subtype name="activation" value="--&gt;"/>
    </relation>
    <relation entry1="60" entry2="132" type="PPrel">
        <subtype name="activation" value="--&gt;"/>
    </relation>
    <relation entry1="113" entry2="133" type="PPrel">
        <subtype name="activation" value="--&gt;"/>
    </relation>
    <relation entry1="49" entry2="134" type="PPrel">
        <subtype name="activation" value="--&gt;"/>
    </relation>
    <relation entry1="114" entry2="135" type="PPrel">
        <subtype name="activation" value="--&gt;"/>
    </relation>
</pathway>
