<?xml version="1.0"?>
<!DOCTYPE pathway SYSTEM "https://www.kegg.jp/kegg/xml/KGML_v0.7.2_.dtd">
<!-- Creation date: Jul 7, 2022 14:53:24 +0900 (GMT+9) -->
<pathway name="path:ko04979" org="ko" number="04979"
         title="Cholesterol metabolism"
         image="https://www.kegg.jp/kegg/pathway/ko/ko04979.png"
         link="https://www.kegg.jp/kegg-bin/show_pathway?ko04979">
    <entry id="132" name="cpd:C15610" type="compound"
        link="https://www.kegg.jp/dbget-bin/www_bget?C15610">
        <graphics name="C15610" fgcolor="#000000" bgcolor="#FFFFFF"
             type="circle" x="1062" y="637" width="8" height="8"/>
    </entry>
    <entry id="163" name="ko:K08757" type="ortholog"
        link="https://www.kegg.jp/dbget-bin/www_bget?K08757">
        <graphics name="K08757" fgcolor="#000000" bgcolor="#BFBFFF"
             type="rectangle" x="981" y="1056" width="46" height="17"/>
    </entry>
    <entry id="164" name="cpd:C00422" type="compound"
        link="https://www.kegg.jp/dbget-bin/www_bget?C00422">
        <graphics name="C00422" fgcolor="#000000" bgcolor="#FFFFFF"
             type="circle" x="998" y="1115" width="8" height="8"/>
    </entry>
    <entry id="166" name="ko:K14462" type="ortholog"
        link="https://www.kegg.jp/dbget-bin/www_bget?K14462">
        <graphics name="K14462" fgcolor="#000000" bgcolor="#BFBFFF"
             type="rectangle" x="1031" y="1056" width="46" height="17"/>
    </entry>
    <entry id="168" name="ko:K22286 ko:K22287 ko:K08759" type="ortholog"
        link="https://www.kegg.jp/dbget-bin/www_bget?K22286+K22287+K08759">
        <graphics name="K22286..." fgcolor="#000000" bgcolor="#BFBFFF"
             type="rectangle" x="1031" y="1076" width="46" height="17"/>
    </entry>
    <entry id="169" name="ko:K04524" type="ortholog"
        link="https://www.kegg.jp/dbget-bin/www_bget?K04524">
        <graphics name="K04524" fgcolor="#000000" bgcolor="#BFBFFF"
             type="rectangle" x="1031" y="1096" width="46" height="17"/>
    </entry>
    <entry id="170" name="cpd:C02530" type="compound"
        link="https://www.kegg.jp/dbget-bin/www_bget?C02530">
        <graphics name="C02530" fgcolor="#000000" bgcolor="#FFFFFF"
             type="circle" x="788" y="1097" width="8" height="8"/>
    </entry>
    <entry id="171" name="cpd:C00422" type="compound"
        link="https://www.kegg.jp/dbget-bin/www_bget?C00422">
        <graphics name="C00422" fgcolor="#000000" bgcolor="#FFFFFF"
             type="circle" x="788" y="1112" width="8" height="8"/>
    </entry>
    <entry id="172" name="cpd:C00422" type="compound"
        link="https://www.kegg.jp/dbget-bin/www_bget?C00422">
        <graphics name="C00422" fgcolor="#000000" bgcolor="#FFFFFF"
             type="circle" x="854" y="1117" width="8" height="8"/>
    </entry>
    <entry id="174" name="cpd:C02530" type="compound"
        link="https://www.kegg.jp/dbget-bin/www_bget?C02530">
        <graphics name="C02530" fgcolor="#000000" bgcolor="#FFFFFF"
             type="circle" x="731" y="1096" width="8" height="8"/>
    </entry>
    <entry id="175" name="ko:K09644" type="ortholog"
        link="https://www.kegg.jp/dbget-bin/www_bget?K09644">
        <graphics name="K09644" fgcolor="#000000" bgcolor="#BFBFFF"
             type="rectangle" x="736" y="1056" width="46" height="17"/>
    </entry>
    <entry id="177" name="cpd:C02530" type="compound"
        link="https://www.kegg.jp/dbget-bin/www_bget?C02530">
        <graphics name="C02530" fgcolor="#000000" bgcolor="#FFFFFF"
             type="circle" x="914" y="1095" width="8" height="8"/>
    </entry>
    <entry id="178" name="cpd:C00422" type="compound"
        link="https://www.kegg.jp/dbget-bin/www_bget?C00422">
        <graphics name="C00422" fgcolor="#000000" bgcolor="#FFFFFF"
             type="circle" x="914" y="1110" width="8" height="8"/>
    </entry>
    <entry id="180" name="ko:K08758" type="ortholog"
        link="https://www.kegg.jp/dbget-bin/www_bget?K08758">
        <graphics name="K08758" fgcolor="#000000" bgcolor="#BFBFFF"
             type="rectangle" x="981" y="1076" width="46" height="17"/>
    </entry>
    <entry id="181" name="ko:K08760" type="ortholog"
        link="https://www.kegg.jp/dbget-bin/www_bget?K08760">
        <graphics name="K08760" fgcolor="#000000" bgcolor="#BFBFFF"
             type="rectangle" x="981" y="1096" width="46" height="17"/>
    </entry>
    <entry id="182" name="ko:K04524" type="ortholog"
        link="https://www.kegg.jp/dbget-bin/www_bget?K04524">
        <graphics name="K04524" fgcolor="#000000" bgcolor="#BFBFFF"
             type="rectangle" x="919" y="1076" width="46" height="17"/>
    </entry>
    <entry id="183" name="ko:K14462" type="ortholog"
        link="https://www.kegg.jp/dbget-bin/www_bget?K14462">
        <graphics name="K14462" fgcolor="#000000" bgcolor="#BFBFFF"
             type="rectangle" x="919" y="1056" width="46" height="17"/>
    </entry>
    <entry id="184" name="ko:K14462" type="ortholog"
        link="https://www.kegg.jp/dbget-bin/www_bget?K14462">
        <graphics name="K14462" fgcolor="#000000" bgcolor="#BFBFFF"
             type="rectangle" x="857" y="1056" width="46" height="17"/>
    </entry>
    <entry id="185" name="ko:K22286 ko:K22287 ko:K08759" type="ortholog"
        link="https://www.kegg.jp/dbget-bin/www_bget?K22286+K22287+K08759">
        <graphics name="K22286..." fgcolor="#000000" bgcolor="#BFBFFF"
             type="rectangle" x="857" y="1076" width="46" height="17"/>
    </entry>
    <entry id="186" name="ko:K04524" type="ortholog"
        link="https://www.kegg.jp/dbget-bin/www_bget?K04524">
        <graphics name="K04524" fgcolor="#000000" bgcolor="#BFBFFF"
             type="rectangle" x="857" y="1096" width="46" height="17"/>
    </entry>
    <entry id="187" name="ko:K14462" type="ortholog"
        link="https://www.kegg.jp/dbget-bin/www_bget?K14462">
        <graphics name="K14462" fgcolor="#000000" bgcolor="#BFBFFF"
             type="rectangle" x="796" y="1056" width="46" height="17"/>
    </entry>
    <entry id="188" name="ko:K14462" type="ortholog"
        link="https://www.kegg.jp/dbget-bin/www_bget?K14462">
        <graphics name="K14462" fgcolor="#000000" bgcolor="#BFBFFF"
             type="rectangle" x="736" y="1076" width="46" height="17"/>
    </entry>
    <entry id="189" name="ko:K14462" type="ortholog"
        link="https://www.kegg.jp/dbget-bin/www_bget?K14462">
        <graphics name="K14462" fgcolor="#000000" bgcolor="#BFBFFF"
             type="rectangle" x="678" y="1056" width="46" height="17"/>
    </entry>
    <entry id="190" name="ko:K08757" type="ortholog"
        link="https://www.kegg.jp/dbget-bin/www_bget?K08757">
        <graphics name="K08757" fgcolor="#000000" bgcolor="#BFBFFF"
             type="rectangle" x="620" y="1056" width="46" height="17"/>
    </entry>
    <entry id="191" name="ko:K08758" type="ortholog"
        link="https://www.kegg.jp/dbget-bin/www_bget?K08758">
        <graphics name="K08758" fgcolor="#000000" bgcolor="#BFBFFF"
             type="rectangle" x="620" y="1076" width="46" height="17"/>
    </entry>
    <entry id="192" name="ko:K22286 ko:K22287 ko:K08759" type="ortholog"
        link="https://www.kegg.jp/dbget-bin/www_bget?K22286+K22287+K08759">
        <graphics name="K22286..." fgcolor="#000000" bgcolor="#BFBFFF"
             type="rectangle" x="620" y="1096" width="46" height="17"/>
    </entry>
    <entry id="193" name="ko:K04524" type="ortholog"
        link="https://www.kegg.jp/dbget-bin/www_bget?K04524">
        <graphics name="K04524" fgcolor="#000000" bgcolor="#BFBFFF"
             type="rectangle" x="620" y="1116" width="46" height="17"/>
    </entry>
    <entry id="195" name="ko:K04524" type="ortholog"
        link="https://www.kegg.jp/dbget-bin/www_bget?K04524">
        <graphics name="K04524" fgcolor="#000000" bgcolor="#BFBFFF"
             type="rectangle" x="796" y="1076" width="46" height="17"/>
    </entry>
    <entry id="196" name="cpd:C00865" type="compound"
        link="https://www.kegg.jp/dbget-bin/www_bget?C00865">
        <graphics name="C00865" fgcolor="#000000" bgcolor="#FFFFFF"
             type="circle" x="632" y="1135" width="8" height="8"/>
    </entry>
    <entry id="197" name="cpd:C02530" type="compound"
        link="https://www.kegg.jp/dbget-bin/www_bget?C02530">
        <graphics name="C02530" fgcolor="#000000" bgcolor="#FFFFFF"
             type="circle" x="601" y="1135" width="8" height="8"/>
    </entry>
    <entry id="198" name="cpd:C02530" type="compound"
        link="https://www.kegg.jp/dbget-bin/www_bget?C02530">
        <graphics name="C02530" fgcolor="#000000" bgcolor="#FFFFFF"
             type="circle" x="670" y="1077" width="8" height="8"/>
    </entry>
    <entry id="199" name="ko:K22288 ko:K08767" type="ortholog"
        link="https://www.kegg.jp/dbget-bin/www_bget?K22288+K08767">
        <graphics name="K22288..." fgcolor="#000000" bgcolor="#BFBFFF"
             type="rectangle" x="122" y="353" width="46" height="17"/>
    </entry>
    <entry id="200" name="ko:K22289" type="ortholog"
        link="https://www.kegg.jp/dbget-bin/www_bget?K22289">
        <graphics name="K22289" fgcolor="#000000" bgcolor="#BFBFFF"
             type="rectangle" x="122" y="392" width="46" height="17"/>
    </entry>
    <entry id="201" name="ko:K17305" type="ortholog"
        link="https://www.kegg.jp/dbget-bin/www_bget?K17305">
        <graphics name="K17305" fgcolor="#000000" bgcolor="#BFBFFF"
             type="rectangle" x="70" y="319" width="46" height="17"/>
    </entry>
    <entry id="203" name="ko:K22287" type="ortholog"
        link="https://www.kegg.jp/dbget-bin/www_bget?K22287">
        <graphics name="K22287" fgcolor="#000000" bgcolor="#BFBFFF"
             type="rectangle" x="70" y="299" width="46" height="17"/>
    </entry>
    <entry id="204" name="ko:K01059" type="ortholog"
        link="https://www.kegg.jp/dbget-bin/www_bget?K01059">
        <graphics name="K01059" fgcolor="#000000" bgcolor="#BFBFFF"
             type="rectangle" x="143" y="309" width="46" height="17"/>
    </entry>
    <entry id="205" name="ko:K05641" type="ortholog"
        link="https://www.kegg.jp/dbget-bin/www_bget?K05641">
        <graphics name="K05641" fgcolor="#000000" bgcolor="#BFBFFF"
             type="rectangle" x="377" y="177" width="46" height="17"/>
    </entry>
    <entry id="206" name="ko:K05641" type="ortholog"
        link="https://www.kegg.jp/dbget-bin/www_bget?K05641">
        <graphics name="K05641" fgcolor="#000000" bgcolor="#BFBFFF"
             type="rectangle" x="377" y="434" width="46" height="17"/>
    </entry>
    <entry id="207" name="ko:K05641" type="ortholog"
        link="https://www.kegg.jp/dbget-bin/www_bget?K05641">
        <graphics name="K05641" fgcolor="#000000" bgcolor="#BFBFFF"
             type="rectangle" x="1111" y="152" width="46" height="17"/>
    </entry>
    <entry id="208" name="cpd:C00422" type="compound"
        link="https://www.kegg.jp/dbget-bin/www_bget?C00422">
        <graphics name="C00422" fgcolor="#000000" bgcolor="#FFFFFF"
             type="circle" x="171" y="266" width="8" height="8"/>
    </entry>
    <entry id="209" name="cpd:C00162" type="compound"
        link="https://www.kegg.jp/dbget-bin/www_bget?C00162">
        <graphics name="C00162" fgcolor="#000000" bgcolor="#FFFFFF"
             type="circle" x="172" y="416" width="8" height="8"/>
    </entry>
    <entry id="210" name="ko:K08757" type="ortholog"
        link="https://www.kegg.jp/dbget-bin/www_bget?K08757">
        <graphics name="K08757" fgcolor="#000000" bgcolor="#BFBFFF"
             type="rectangle" x="334" y="214" width="46" height="17"/>
    </entry>
    <entry id="211" name="ko:K08757" type="ortholog"
        link="https://www.kegg.jp/dbget-bin/www_bget?K08757">
        <graphics name="K08757" fgcolor="#000000" bgcolor="#BFBFFF"
             type="rectangle" x="1053" y="183" width="46" height="17"/>
    </entry>
    <entry id="212" name="ko:K08757" type="ortholog"
        link="https://www.kegg.jp/dbget-bin/www_bget?K08757">
        <graphics name="K08757" fgcolor="#000000" bgcolor="#BFBFFF"
             type="rectangle" x="417" y="401" width="46" height="17"/>
    </entry>
    <entry id="213" name="cpd:C00865" type="compound"
        link="https://www.kegg.jp/dbget-bin/www_bget?C00865">
        <graphics name="C00865" fgcolor="#000000" bgcolor="#FFFFFF"
             type="circle" x="400" y="213" width="8" height="8"/>
    </entry>
    <entry id="214" name="cpd:C00187" type="compound"
        link="https://www.kegg.jp/dbget-bin/www_bget?C00187">
        <graphics name="C00187" fgcolor="#000000" bgcolor="#FFFFFF"
             type="circle" x="377" y="134" width="8" height="8"/>
    </entry>
    <entry id="215" name="cpd:C00187" type="compound"
        link="https://www.kegg.jp/dbget-bin/www_bget?C00187">
        <graphics name="C00187" fgcolor="#000000" bgcolor="#FFFFFF"
             type="circle" x="434" y="277" width="8" height="8"/>
    </entry>
    <entry id="216" name="cpd:C00865" type="compound"
        link="https://www.kegg.jp/dbget-bin/www_bget?C00865">
        <graphics name="C00865" fgcolor="#000000" bgcolor="#FFFFFF"
             type="circle" x="434" y="290" width="8" height="8"/>
    </entry>
    <entry id="217" name="cpd:C02530" type="compound"
        link="https://www.kegg.jp/dbget-bin/www_bget?C02530">
        <graphics name="C02530" fgcolor="#000000" bgcolor="#FFFFFF"
             type="circle" x="532" y="284" width="8" height="8"/>
    </entry>
    <entry id="218" name="cpd:C00865" type="compound"
        link="https://www.kegg.jp/dbget-bin/www_bget?C00865">
        <graphics name="C00865" fgcolor="#000000" bgcolor="#FFFFFF"
             type="circle" x="638" y="261" width="8" height="8"/>
    </entry>
    <entry id="219" name="cpd:C00422" type="compound"
        link="https://www.kegg.jp/dbget-bin/www_bget?C00422">
        <graphics name="C00422" fgcolor="#000000" bgcolor="#FFFFFF"
             type="circle" x="638" y="346" width="8" height="8"/>
    </entry>
    <entry id="220" name="cpd:C00162" type="compound"
        link="https://www.kegg.jp/dbget-bin/www_bget?C00162">
        <graphics name="C00162" fgcolor="#000000" bgcolor="#FFFFFF"
             type="circle" x="770" y="261" width="8" height="8"/>
    </entry>
    <entry id="221" name="cpd:C00865" type="compound"
        link="https://www.kegg.jp/dbget-bin/www_bget?C00865">
        <graphics name="C00865" fgcolor="#000000" bgcolor="#FFFFFF"
             type="circle" x="770" y="298" width="8" height="8"/>
    </entry>
    <entry id="222" name="cpd:C02530" type="compound"
        link="https://www.kegg.jp/dbget-bin/www_bget?C02530">
        <graphics name="C02530" fgcolor="#000000" bgcolor="#FFFFFF"
             type="circle" x="770" y="346" width="8" height="8"/>
    </entry>
    <entry id="223" name="cpd:C00422" type="compound"
        link="https://www.kegg.jp/dbget-bin/www_bget?C00422">
        <graphics name="C00422" fgcolor="#000000" bgcolor="#FFFFFF"
             type="circle" x="883" y="292" width="8" height="8"/>
    </entry>
    <entry id="224" name="cpd:C00162" type="compound"
        link="https://www.kegg.jp/dbget-bin/www_bget?C00162">
        <graphics name="C00162" fgcolor="#000000" bgcolor="#FFFFFF"
             type="circle" x="999" y="292" width="8" height="8"/>
    </entry>
    <entry id="225" name="cpd:C00422" type="compound"
        link="https://www.kegg.jp/dbget-bin/www_bget?C00422">
        <graphics name="C00422" fgcolor="#000000" bgcolor="#FFFFFF"
             type="circle" x="1110" y="292" width="8" height="8"/>
    </entry>
    <entry id="226" name="cpd:C00162" type="compound"
        link="https://www.kegg.jp/dbget-bin/www_bget?C00162">
        <graphics name="C00162" fgcolor="#000000" bgcolor="#FFFFFF"
             type="circle" x="1225" y="292" width="8" height="8"/>
    </entry>
    <entry id="227" name="cpd:C00865" type="compound"
        link="https://www.kegg.jp/dbget-bin/www_bget?C00865">
        <graphics name="C00865" fgcolor="#000000" bgcolor="#FFFFFF"
             type="circle" x="1053" y="130" width="8" height="8"/>
    </entry>
    <entry id="228" name="cpd:C02530" type="compound"
        link="https://www.kegg.jp/dbget-bin/www_bget?C02530">
        <graphics name="C02530" fgcolor="#000000" bgcolor="#FFFFFF"
             type="circle" x="1260" y="151" width="8" height="8"/>
    </entry>
    <entry id="229" name="cpd:C00187" type="compound"
        link="https://www.kegg.jp/dbget-bin/www_bget?C00187">
        <graphics name="C00187" fgcolor="#000000" bgcolor="#FFFFFF"
             type="circle" x="1153" y="151" width="8" height="8"/>
    </entry>
    <entry id="230" name="path:ko04975" type="map"
        link="https://www.kegg.jp/dbget-bin/www_bget?ko04975">
        <graphics name="Fat digestion and absorption" fgcolor="#000000" bgcolor="#FFFFFF"
             type="roundrectangle" x="308" y="136" width="90" height="30"/>
    </entry>
    <entry id="231" name="ko:K14349" type="ortholog"
        link="https://www.kegg.jp/dbget-bin/www_bget?K14349">
        <graphics name="K14349" fgcolor="#000000" bgcolor="#BFBFFF"
             type="rectangle" x="1209" y="135" width="46" height="17"/>
    </entry>
    <entry id="232" name="ko:K00637" type="ortholog"
        link="https://www.kegg.jp/dbget-bin/www_bget?K00637">
        <graphics name="K00637" fgcolor="#000000" bgcolor="#BFBFFF"
             type="rectangle" x="1209" y="167" width="46" height="17"/>
    </entry>
    <entry id="233" name="ko:K12473" type="ortholog"
        link="https://www.kegg.jp/dbget-bin/www_bget?K12473">
        <graphics name="K12473" fgcolor="#000000" bgcolor="#BFBFFF"
             type="rectangle" x="1260" y="212" width="46" height="17"/>
    </entry>
    <entry id="234" name="ko:K06259" type="ortholog"
        link="https://www.kegg.jp/dbget-bin/www_bget?K06259">
        <graphics name="K06259" fgcolor="#000000" bgcolor="#BFBFFF"
             type="rectangle" x="1165" y="212" width="46" height="17"/>
    </entry>
    <entry id="235" name="ko:K22286" type="ortholog"
        link="https://www.kegg.jp/dbget-bin/www_bget?K22286">
        <graphics name="K22286" fgcolor="#000000" bgcolor="#BFBFFF"
             type="rectangle" x="483" y="233" width="46" height="17"/>
    </entry>
    <entry id="236" name="ko:K00650" type="ortholog"
        link="https://www.kegg.jp/dbget-bin/www_bget?K00650">
        <graphics name="K00650" fgcolor="#000000" bgcolor="#BFBFFF"
             type="rectangle" x="483" y="271" width="46" height="17"/>
    </entry>
    <entry id="237" name="ko:K08757" type="ortholog"
        link="https://www.kegg.jp/dbget-bin/www_bget?K08757">
        <graphics name="K08757" fgcolor="#000000" bgcolor="#BFBFFF"
             type="rectangle" x="483" y="213" width="46" height="17"/>
    </entry>
    <entry id="238" name="ko:K08761" type="ortholog"
        link="https://www.kegg.jp/dbget-bin/www_bget?K08761">
        <graphics name="K08761" fgcolor="#000000" bgcolor="#BFBFFF"
             type="rectangle" x="703" y="299" width="46" height="17"/>
    </entry>
    <entry id="239" name="ko:K16835" type="ortholog"
        link="https://www.kegg.jp/dbget-bin/www_bget?K16835">
        <graphics name="K16835" fgcolor="#000000" bgcolor="#BFBFFF"
             type="rectangle" x="703" y="345" width="46" height="17"/>
    </entry>
    <entry id="240" name="ko:K22286" type="ortholog"
        link="https://www.kegg.jp/dbget-bin/www_bget?K22286">
        <graphics name="K22286" fgcolor="#000000" bgcolor="#BFBFFF"
             type="rectangle" x="703" y="385" width="46" height="17"/>
    </entry>
    <entry id="241" name="ko:K22284" type="ortholog"
        link="https://www.kegg.jp/dbget-bin/www_bget?K22284">
        <graphics name="K22284" fgcolor="#000000" bgcolor="#BFBFFF"
             type="rectangle" x="703" y="250" width="46" height="17"/>
    </entry>
    <entry id="242" name="ko:K01059" type="ortholog"
        link="https://www.kegg.jp/dbget-bin/www_bget?K01059">
        <graphics name="K01059" fgcolor="#000000" bgcolor="#BFBFFF"
             type="rectangle" x="942" y="281" width="46" height="17"/>
    </entry>
    <entry id="243" name="ko:K22283" type="ortholog"
        link="https://www.kegg.jp/dbget-bin/www_bget?K22283">
        <graphics name="K22283" fgcolor="#000000" bgcolor="#BFBFFF"
             type="rectangle" x="1162" y="281" width="46" height="17"/>
    </entry>
    <entry id="244" name="ko:K13885" type="ortholog"
        link="https://www.kegg.jp/dbget-bin/www_bget?K13885">
        <graphics name="K13885" fgcolor="#000000" bgcolor="#BFBFFF"
             type="rectangle" x="581" y="434" width="46" height="17"/>
    </entry>
    <entry id="245" name="ko:K12388" type="ortholog"
        link="https://www.kegg.jp/dbget-bin/www_bget?K12388">
        <graphics name="K12388" fgcolor="#000000" bgcolor="#BFBFFF"
             type="rectangle" x="857" y="434" width="46" height="17"/>
    </entry>
    <entry id="246" name="ko:K13050" type="ortholog"
        link="https://www.kegg.jp/dbget-bin/www_bget?K13050">
        <graphics name="K13050" fgcolor="#000000" bgcolor="#BFBFFF"
             type="rectangle" x="1179" y="448" width="46" height="17"/>
    </entry>
    <entry id="247" name="ko:K12473" type="ortholog"
        link="https://www.kegg.jp/dbget-bin/www_bget?K12473">
        <graphics name="K12473" fgcolor="#000000" bgcolor="#BFBFFF"
             type="rectangle" x="1152" y="465" width="46" height="17"/>
    </entry>
    <entry id="248" name="ko:K13050" type="ortholog"
        link="https://www.kegg.jp/dbget-bin/www_bget?K13050">
        <graphics name="K13050" fgcolor="#000000" bgcolor="#BFBFFF"
             type="rectangle" x="983" y="550" width="46" height="17"/>
    </entry>
    <entry id="249" name="ko:K12473" type="ortholog"
        link="https://www.kegg.jp/dbget-bin/www_bget?K12473">
        <graphics name="K12473" fgcolor="#000000" bgcolor="#BFBFFF"
             type="rectangle" x="956" y="567" width="46" height="17"/>
    </entry>
    <entry id="250" name="ko:K13050" type="ortholog"
        link="https://www.kegg.jp/dbget-bin/www_bget?K13050">
        <graphics name="K13050" fgcolor="#000000" bgcolor="#BFBFFF"
             type="rectangle" x="736" y="557" width="46" height="17"/>
    </entry>
    <entry id="251" name="ko:K12473" type="ortholog"
        link="https://www.kegg.jp/dbget-bin/www_bget?K12473">
        <graphics name="K12473" fgcolor="#000000" bgcolor="#BFBFFF"
             type="rectangle" x="709" y="574" width="46" height="17"/>
    </entry>
    <entry id="252" name="ko:K12388" type="ortholog"
        link="https://www.kegg.jp/dbget-bin/www_bget?K12388">
        <graphics name="K12388" fgcolor="#000000" bgcolor="#BFBFFF"
             type="rectangle" x="891" y="515" width="46" height="17"/>
    </entry>
    <entry id="253" name="ko:K12473" type="ortholog"
        link="https://www.kegg.jp/dbget-bin/www_bget?K12473">
        <graphics name="K12473" fgcolor="#000000" bgcolor="#BFBFFF"
             type="rectangle" x="1263" y="434" width="46" height="17"/>
    </entry>
    <entry id="254" name="ko:K12474" type="ortholog"
        link="https://www.kegg.jp/dbget-bin/www_bget?K12474">
        <graphics name="K12474" fgcolor="#000000" bgcolor="#BFBFFF"
             type="rectangle" x="1320" y="434" width="46" height="17"/>
    </entry>
    <entry id="255" name="ko:K10637" type="ortholog"
        link="https://www.kegg.jp/dbget-bin/www_bget?K10637">
        <graphics name="K10637" fgcolor="#000000" bgcolor="#BFBFFF"
             type="rectangle" x="1372" y="497" width="46" height="17"/>
    </entry>
    <entry id="256" name="ko:K09644" type="ortholog"
        link="https://www.kegg.jp/dbget-bin/www_bget?K09644">
        <graphics name="K09644" fgcolor="#000000" bgcolor="#BFBFFF"
             type="rectangle" x="1359" y="336" width="46" height="17"/>
    </entry>
    <entry id="257" name="ko:K01052" type="ortholog"
        link="https://www.kegg.jp/dbget-bin/www_bget?K01052">
        <graphics name="K01052" fgcolor="#000000" bgcolor="#BFBFFF"
             type="rectangle" x="572" y="589" width="46" height="17"/>
    </entry>
    <entry id="258" name="ko:K22291" type="ortholog"
        link="https://www.kegg.jp/dbget-bin/www_bget?K22291">
        <graphics name="K22291" fgcolor="#000000" bgcolor="#BFBFFF"
             type="rectangle" x="519" y="696" width="46" height="17"/>
    </entry>
    <entry id="259" name="ko:K12385" type="ortholog"
        link="https://www.kegg.jp/dbget-bin/www_bget?K12385">
        <graphics name="K12385" fgcolor="#000000" bgcolor="#BFBFFF"
             type="rectangle" x="569" y="696" width="46" height="17"/>
    </entry>
    <entry id="260" name="ko:K06096 ko:K10707" type="ortholog"
        link="https://www.kegg.jp/dbget-bin/www_bget?K06096+K10707">
        <graphics name="K06096..." fgcolor="#000000" bgcolor="#BFBFFF"
             type="rectangle" x="519" y="713" width="46" height="17"/>
    </entry>
    <entry id="261" name="ko:K20464" type="ortholog"
        link="https://www.kegg.jp/dbget-bin/www_bget?K20464">
        <graphics name="K20464" fgcolor="#000000" bgcolor="#BFBFFF"
             type="rectangle" x="569" y="713" width="46" height="17"/>
    </entry>
    <entry id="262" name="ko:K13443" type="ortholog"
        link="https://www.kegg.jp/dbget-bin/www_bget?K13443">
        <graphics name="K13443" fgcolor="#000000" bgcolor="#BFBFFF"
             type="rectangle" x="614" y="668" width="46" height="17"/>
    </entry>
    <entry id="263" name="ko:K16931" type="ortholog"
        link="https://www.kegg.jp/dbget-bin/www_bget?K16931">
        <graphics name="K16931" fgcolor="#000000" bgcolor="#BFBFFF"
             type="rectangle" x="963" y="660" width="46" height="17"/>
    </entry>
    <entry id="264" name="ko:K05862 ko:K15040 ko:K15041" type="ortholog"
        link="https://www.kegg.jp/dbget-bin/www_bget?K05862+K15040+K15041">
        <graphics name="K05862..." fgcolor="#000000" bgcolor="#BFBFFF"
             type="rectangle" x="917" y="672" width="46" height="17"/>
    </entry>
    <entry id="265" name="ko:K22291" type="ortholog"
        link="https://www.kegg.jp/dbget-bin/www_bget?K22291">
        <graphics name="K22291" fgcolor="#000000" bgcolor="#BFBFFF"
             type="rectangle" x="798" y="638" width="46" height="17"/>
    </entry>
    <entry id="266" name="ko:K05862 ko:K15040 ko:K15041" type="ortholog"
        link="https://www.kegg.jp/dbget-bin/www_bget?K05862+K15040+K15041">
        <graphics name="K05862..." fgcolor="#000000" bgcolor="#BFBFFF"
             type="rectangle" x="844" y="638" width="46" height="17"/>
    </entry>
    <entry id="267" name="ko:K05770" type="ortholog"
        link="https://www.kegg.jp/dbget-bin/www_bget?K05770">
        <graphics name="K05770" fgcolor="#000000" bgcolor="#BFBFFF"
             type="rectangle" x="879" y="655" width="46" height="17"/>
    </entry>
    <entry id="268" name="ko:K00637" type="ortholog"
        link="https://www.kegg.jp/dbget-bin/www_bget?K00637">
        <graphics name="K00637" fgcolor="#000000" bgcolor="#BFBFFF"
             type="rectangle" x="652" y="782" width="46" height="17"/>
    </entry>
    <entry id="269" name="ko:K12388" type="ortholog"
        link="https://www.kegg.jp/dbget-bin/www_bget?K12388">
        <graphics name="K12388" fgcolor="#000000" bgcolor="#BFBFFF"
             type="rectangle" x="869" y="714" width="46" height="17"/>
    </entry>
    <entry id="270" name="ko:K14462" type="ortholog"
        link="https://www.kegg.jp/dbget-bin/www_bget?K14462">
        <graphics name="K14462" fgcolor="#000000" bgcolor="#BFBFFF"
             type="rectangle" x="869" y="731" width="46" height="17"/>
    </entry>
    <entry id="271" name="ko:K14462" type="ortholog"
        link="https://www.kegg.jp/dbget-bin/www_bget?K14462">
        <graphics name="K14462" fgcolor="#000000" bgcolor="#BFBFFF"
             type="rectangle" x="1122" y="428" width="46" height="17"/>
    </entry>
    <entry id="272" name="ko:K00488" type="ortholog"
        link="https://www.kegg.jp/dbget-bin/www_bget?K00488">
        <graphics name="K00488" fgcolor="#000000" bgcolor="#BFBFFF"
             type="rectangle" x="986" y="626" width="46" height="17"/>
    </entry>
    <entry id="273" name="ko:K00489" type="ortholog"
        link="https://www.kegg.jp/dbget-bin/www_bget?K00489">
        <graphics name="K00489" fgcolor="#000000" bgcolor="#BFBFFF"
             type="rectangle" x="919" y="811" width="46" height="17"/>
    </entry>
    <entry id="274" name="cpd:C02530" type="compound"
        link="https://www.kegg.jp/dbget-bin/www_bget?C02530">
        <graphics name="C02530" fgcolor="#000000" bgcolor="#FFFFFF"
             type="circle" x="581" y="491" width="8" height="8"/>
    </entry>
    <entry id="275" name="cpd:C02530" type="compound"
        link="https://www.kegg.jp/dbget-bin/www_bget?C02530">
        <graphics name="C02530" fgcolor="#000000" bgcolor="#FFFFFF"
             type="circle" x="545" y="554" width="8" height="8"/>
    </entry>
    <entry id="276" name="cpd:C00187" type="compound"
        link="https://www.kegg.jp/dbget-bin/www_bget?C00187">
        <graphics name="C00187" fgcolor="#000000" bgcolor="#FFFFFF"
             type="circle" x="377" y="494" width="8" height="8"/>
    </entry>
    <entry id="277" name="cpd:C00187" type="compound"
        link="https://www.kegg.jp/dbget-bin/www_bget?C00187">
        <graphics name="C00187" fgcolor="#000000" bgcolor="#FFFFFF"
             type="circle" x="545" y="635" width="8" height="8"/>
    </entry>
    <entry id="278" name="cpd:C00187" type="compound"
        link="https://www.kegg.jp/dbget-bin/www_bget?C00187">
        <graphics name="C00187" fgcolor="#000000" bgcolor="#FFFFFF"
             type="circle" x="926" y="637" width="8" height="8"/>
    </entry>
    <entry id="279" name="cpd:C02530" type="compound"
        link="https://www.kegg.jp/dbget-bin/www_bget?C02530">
        <graphics name="C02530" fgcolor="#000000" bgcolor="#FFFFFF"
             type="circle" x="678" y="739" width="8" height="8"/>
    </entry>
    <entry id="280" name="cpd:C02530" type="compound"
        link="https://www.kegg.jp/dbget-bin/www_bget?C02530">
        <graphics name="C02530" fgcolor="#000000" bgcolor="#FFFFFF"
             type="circle" x="755" y="739" width="8" height="8"/>
    </entry>
    <entry id="281" name="path:ko04976" type="map"
        link="https://www.kegg.jp/dbget-bin/www_bget?ko04976">
        <graphics name="Bile secretion" fgcolor="#000000" bgcolor="#FFFFFF"
             type="roundrectangle" x="1191" y="808" width="80" height="18"/>
    </entry>
    <entry id="282" name="path:ko00100" type="map"
        link="https://www.kegg.jp/dbget-bin/www_bget?ko00100">
        <graphics name="Steroid biosynthesis" fgcolor="#000000" bgcolor="#FFFFFF"
             type="roundrectangle" x="677" y="865" width="112" height="18"/>
    </entry>
    <entry id="283" name="path:ko00900" type="map"
        link="https://www.kegg.jp/dbget-bin/www_bget?ko00900">
        <graphics name="Terpenoid backbone biosynthesis" fgcolor="#000000" bgcolor="#FFFFFF"
             type="roundrectangle" x="559" y="863" width="109" height="29"/>
    </entry>
    <entry id="284" name="path:ko00120" type="map"
        link="https://www.kegg.jp/dbget-bin/www_bget?ko00120">
        <graphics name="Primary bile acid biosynthesis" fgcolor="#000000" bgcolor="#FFFFFF"
             type="roundrectangle" x="1008" y="793" width="96" height="28"/>
    </entry>
    <entry id="285" name="cpd:C00187" type="compound"
        link="https://www.kegg.jp/dbget-bin/www_bget?C00187">
        <graphics name="C00187" fgcolor="#000000" bgcolor="#FFFFFF"
             type="circle" x="678" y="822" width="8" height="8"/>
    </entry>
    <entry id="286" name="cpd:C00422" type="compound"
        link="https://www.kegg.jp/dbget-bin/www_bget?C00422">
        <graphics name="C00422" fgcolor="#000000" bgcolor="#FFFFFF"
             type="circle" x="771" y="762" width="8" height="8"/>
    </entry>
    <entry id="287" name="cpd:C05122 cpd:C01921 cpd:C05465 cpd:C05466" type="compound"
        link="https://www.kegg.jp/dbget-bin/www_bget?C05122+C01921+C05465+C05466">
        <graphics name="C05122..." fgcolor="#000000" bgcolor="#FFFFFF"
             type="circle" x="1062" y="822" width="8" height="8"/>
    </entry>
    <entry id="288" name="cpd:C00865" type="compound"
        link="https://www.kegg.jp/dbget-bin/www_bget?C00865">
        <graphics name="C00865" fgcolor="#000000" bgcolor="#FFFFFF"
             type="circle" x="357" y="399" width="8" height="8"/>
    </entry>
    <entry id="289" name="ko:K05683 ko:K05684" type="ortholog"
        link="https://www.kegg.jp/dbget-bin/www_bget?K05683+K05684">
        <graphics name="K05683..." fgcolor="#000000" bgcolor="#BFBFFF"
             type="rectangle" x="1300" y="854" width="46" height="17"/>
    </entry>
    <entry id="290" name="ko:K05664" type="ortholog"
        link="https://www.kegg.jp/dbget-bin/www_bget?K05664">
        <graphics name="K05664" fgcolor="#000000" bgcolor="#BFBFFF"
             type="rectangle" x="1300" y="824" width="46" height="17"/>
    </entry>
    <entry id="291" name="ko:K12388" type="ortholog"
        link="https://www.kegg.jp/dbget-bin/www_bget?K12388">
        <graphics name="K12388" fgcolor="#000000" bgcolor="#BFBFFF"
             type="rectangle" x="1097" y="465" width="46" height="17"/>
    </entry>
    <entry id="292" name="ko:K04550 ko:K06233" type="ortholog"
        link="https://www.kegg.jp/dbget-bin/www_bget?K04550+K06233">
        <graphics name="K04550..." fgcolor="#000000" bgcolor="#BFBFFF"
             type="rectangle" x="275" y="555" width="46" height="17"/>
    </entry>
    <entry id="293" name="ko:K22290" type="ortholog"
        link="https://www.kegg.jp/dbget-bin/www_bget?K22290">
        <graphics name="K22290" fgcolor="#000000" bgcolor="#BFBFFF"
             type="rectangle" x="273" y="592" width="46" height="17"/>
    </entry>
    <entry id="294" name="ko:K04524" type="ortholog"
        link="https://www.kegg.jp/dbget-bin/www_bget?K04524">
        <graphics name="K04524" fgcolor="#000000" bgcolor="#BFBFFF"
             type="rectangle" x="229" y="555" width="46" height="17"/>
    </entry>
    <entry id="297" name="path:ko04979" type="map"
        link="https://www.kegg.jp/dbget-bin/www_bget?ko04979">
        <graphics name="TITLE:Cholesterol metabolism" fgcolor="#000000" bgcolor="#FFFFFF"
             type="roundrectangle" x="149" y="58" width="217" height="25"/>
    </entry>
    <entry id="298" name="ko:K25914" type="ortholog"
        link="https://www.kegg.jp/dbget-bin/www_bget?K25914">
        <graphics name="K25914" fgcolor="#000000" bgcolor="#BFBFFF"
             type="rectangle" x="823" y="731" width="46" height="17"/>
    </entry>
    <relation entry1="237" entry2="236" type="PPrel">
        <subtype name="activation" value="--&gt;"/>
    </relation>
    <relation entry1="235" entry2="236" type="PPrel">
        <subtype name="activation" value="--&gt;"/>
    </relation>
    <relation entry1="240" entry2="239" type="PPrel">
        <subtype name="inhibition" value="--|"/>
    </relation>
    <relation entry1="293" entry2="292" type="PPrel">
        <subtype name="inhibition" value="--|"/>
    </relation>
    <relation entry1="199" entry2="204" type="PPrel">
        <subtype name="inhibition" value="--|"/>
    </relation>
    <relation entry1="203" entry2="204" type="PPrel">
        <subtype name="activation" value="--&gt;"/>
    </relation>
    <relation entry1="201" entry2="204" type="PPrel">
        <subtype name="activation" value="--&gt;"/>
    </relation>
    <relation entry1="200" entry2="199" type="PPrel">
        <subtype name="activation" value="--&gt;"/>
    </relation>
    <relation entry1="255" entry2="253" type="PPrel">
        <subtype name="ubiquitination" value="+u"/>
    </relation>
    <relation entry1="254" entry2="253" type="PPrel">
        <subtype name="binding/association" value="---"/>
    </relation>
    <relation entry1="271" entry2="291" type="PPrel">
        <subtype name="binding/association" value="---"/>
    </relation>
    <relation entry1="271" entry2="247" type="PPrel">
        <subtype name="binding/association" value="---"/>
    </relation>
    <relation entry1="248" entry2="249" type="PPrel">
        <subtype name="inhibition" value="--|"/>
        <subtype name="binding/association" value="---"/>
    </relation>
    <relation entry1="246" entry2="247" type="PPrel">
        <subtype name="inhibition" value="--|"/>
        <subtype name="binding/association" value="---"/>
    </relation>
    <relation entry1="250" entry2="251" type="PPrel">
        <subtype name="inhibition" value="--|"/>
        <subtype name="binding/association" value="---"/>
    </relation>
    <relation entry1="265" entry2="266" type="PPrel">
        <subtype name="binding/association" value="---"/>
    </relation>
    <relation entry1="266" entry2="267" type="PPrel">
        <subtype name="binding/association" value="---"/>
    </relation>
    <relation entry1="264" entry2="263" type="PPrel">
        <subtype name="binding/association" value="---"/>
    </relation>
    <relation entry1="267" entry2="264" type="PPrel">
        <subtype name="binding/association" value="---"/>
    </relation>
    <relation entry1="258" entry2="260" type="PPrel">
        <subtype name="binding/association" value="---"/>
    </relation>
    <relation entry1="259" entry2="261" type="PPrel">
        <subtype name="binding/association" value="---"/>
    </relation>
    <relation entry1="269" entry2="270" type="PPrel">
        <subtype name="binding/association" value="---"/>
    </relation>
    <relation entry1="294" entry2="292" type="PPrel">
        <subtype name="binding/association" value="---"/>
    </relation>
    <relation entry1="205" entry2="210" type="PPrel">
        <subtype name="binding/association" value="---"/>
    </relation>
    <relation entry1="212" entry2="206" type="PPrel">
        <subtype name="binding/association" value="---"/>
    </relation>
    <relation entry1="207" entry2="211" type="PPrel">
        <subtype name="binding/association" value="---"/>
    </relation>
    <relation entry1="298" entry2="270" type="PPrel">
        <subtype name="binding/association" value="---"/>
    </relation>
</pathway>
