<?xml version="1.0"?>
<!DOCTYPE pathway SYSTEM "https://www.kegg.jp/kegg/xml/KGML_v0.7.2_.dtd">
<!-- Creation date: Aug 28, 2020 15:57:34 +0900 (GMT+9) -->
<pathway name="path:ko04974" org="ko" number="04974"
         title="Protein digestion and absorption"
         image="https://www.kegg.jp/kegg/pathway/ko/ko04974.png"
         link="https://www.kegg.jp/kegg-bin/show_pathway?ko04974">
    <entry id="41" name="path:ko04974" type="map"
        link="https://www.kegg.jp/dbget-bin/www_bget?ko04974">
        <graphics name="TITLE:Protein digestion and absorption" fgcolor="#000000" bgcolor="#FFFFFF"
             type="roundrectangle" x="195" y="58" width="310" height="25"/>
    </entry>
    <entry id="44" name="path:ko04530" type="map"
        link="https://www.kegg.jp/dbget-bin/www_bget?ko04530">
        <graphics name="Tight junction" fgcolor="#000000" bgcolor="#FFFFFF"
             type="roundrectangle" x="682" y="113" width="115" height="25"/>
    </entry>
    <entry id="65" name="ko:K05612" type="ortholog"
        link="https://www.kegg.jp/dbget-bin/www_bget?K05612">
        <graphics name="K05612" fgcolor="#000000" bgcolor="#BFBFFF"
             type="rectangle" x="534" y="511" width="46" height="17"/>
    </entry>
    <entry id="66" name="ko:K13868" type="ortholog"
        link="https://www.kegg.jp/dbget-bin/www_bget?K13868">
        <graphics name="K13868" fgcolor="#000000" bgcolor="#BFBFFF"
             type="rectangle" x="535" y="766" width="46" height="17"/>
    </entry>
    <entry id="67" name="ko:K13781" type="ortholog"
        link="https://www.kegg.jp/dbget-bin/www_bget?K13781">
        <graphics name="K13781" fgcolor="#000000" bgcolor="#BFBFFF"
             type="rectangle" x="1007" y="644" width="46" height="17"/>
    </entry>
    <entry id="68" name="ko:K14207" type="ortholog"
        link="https://www.kegg.jp/dbget-bin/www_bget?K14207">
        <graphics name="K14207" fgcolor="#000000" bgcolor="#BFBFFF"
             type="rectangle" x="1007" y="456" width="46" height="17"/>
    </entry>
    <entry id="69" name="cpd:C01330" type="compound"
        link="https://www.kegg.jp/dbget-bin/www_bget?C01330">
        <graphics name="C01330" fgcolor="#000000" bgcolor="#FFFFFF"
             type="circle" x="1080" y="312" width="8" height="8"/>
    </entry>
    <entry id="70" name="cpd:C01330" type="compound"
        link="https://www.kegg.jp/dbget-bin/www_bget?C01330">
        <graphics name="C01330" fgcolor="#000000" bgcolor="#FFFFFF"
             type="circle" x="478" y="504" width="8" height="8"/>
    </entry>
    <entry id="71" name="cpd:C00025 cpd:C00049" type="compound"
        link="https://www.kegg.jp/dbget-bin/www_bget?C00025+C00049">
        <graphics name="C00025..." fgcolor="#000000" bgcolor="#FFFFFF"
             type="circle" x="453" y="509" width="8" height="8"/>
    </entry>
    <entry id="72" name="cpd:C00037 cpd:C00041 cpd:C00183 cpd:C00123 cpd:C00073 cpd:C00407 cpd:C00079 cpd:C00078 cpd:C00065 cpd:C00188 cpd:C00152 cpd:C00064" type="compound"
        link="https://www.kegg.jp/dbget-bin/www_bget?C00037+C00041+C00183+C00123+C00073+C00407+C00079+C00078+C00065+C00188+C00152+C00064">
        <graphics name="C00037..." fgcolor="#000000" bgcolor="#FFFFFF"
             type="circle" x="1075" y="641" width="8" height="8"/>
    </entry>
    <entry id="73" name="cpd:C00062 cpd:C00047 cpd:C16138 cpd:C00491" type="compound"
        link="https://www.kegg.jp/dbget-bin/www_bget?C00062+C00047+C16138+C00491">
        <graphics name="C00062..." fgcolor="#000000" bgcolor="#FFFFFF"
             type="circle" x="479" y="765" width="8" height="8"/>
    </entry>
    <entry id="74" name="ko:K13867" type="ortholog"
        link="https://www.kegg.jp/dbget-bin/www_bget?K13867">
        <graphics name="K13867" fgcolor="#000000" bgcolor="#BFBFFF"
             type="rectangle" x="1007" y="770" width="46" height="17"/>
    </entry>
    <entry id="75" name="cpd:C00047 cpd:C00062 cpd:C00135" type="compound"
        link="https://www.kegg.jp/dbget-bin/www_bget?C00047+C00062+C00135">
        <graphics name="C00047..." fgcolor="#000000" bgcolor="#FFFFFF"
             type="circle" x="1104" y="771" width="8" height="8"/>
    </entry>
    <entry id="76" name="cpd:C01330" type="compound"
        link="https://www.kegg.jp/dbget-bin/www_bget?C01330">
        <graphics name="C01330" fgcolor="#000000" bgcolor="#FFFFFF"
             type="circle" x="1070" y="450" width="8" height="8"/>
    </entry>
    <entry id="77" name="cpd:C00037 cpd:C00148 cpd:C00041 cpd:C00065 cpd:C00097 cpd:C00064 cpd:C00152 cpd:C00135 cpd:C00073" type="compound"
        link="https://www.kegg.jp/dbget-bin/www_bget?C00037+C00148+C00041+C00065+C00097+C00064+C00152+C00135+C00073">
        <graphics name="C00037..." fgcolor="#000000" bgcolor="#FFFFFF"
             type="circle" x="1071" y="460" width="8" height="8"/>
    </entry>
    <entry id="78" name="ko:K14206" type="ortholog"
        link="https://www.kegg.jp/dbget-bin/www_bget?K14206">
        <graphics name="K14206" fgcolor="#000000" bgcolor="#BFBFFF"
             type="rectangle" x="533" y="383" width="46" height="17"/>
    </entry>
    <entry id="79" name="ko:K05334" type="ortholog"
        link="https://www.kegg.jp/dbget-bin/www_bget?K05334">
        <graphics name="K05334" fgcolor="#000000" bgcolor="#BFBFFF"
             type="rectangle" x="533" y="637" width="46" height="17"/>
    </entry>
    <entry id="80" name="ko:K05616" type="ortholog"
        link="https://www.kegg.jp/dbget-bin/www_bget?K05616">
        <graphics name="K05616" fgcolor="#000000" bgcolor="#BFBFFF"
             type="rectangle" x="621" y="570" width="46" height="17"/>
    </entry>
    <entry id="81" name="path:ko04972" type="map"
        link="https://www.kegg.jp/dbget-bin/www_bget?ko04972">
        <graphics name="Pancreatic secretion" fgcolor="#000000" bgcolor="#FFFFFF"
             type="roundrectangle" x="217" y="313" width="124" height="25"/>
    </entry>
    <entry id="82" name="ko:K01312" type="ortholog"
        link="https://www.kegg.jp/dbget-bin/www_bget?K01312">
        <graphics name="K01312" fgcolor="#000000" bgcolor="#BFBFFF"
             type="rectangle" x="159" y="361" width="46" height="17"/>
    </entry>
    <entry id="85" name="ko:K14210" type="ortholog"
        link="https://www.kegg.jp/dbget-bin/www_bget?K14210">
        <graphics name="K14210" fgcolor="#000000" bgcolor="#BFBFFF"
             type="rectangle" x="508" y="749" width="46" height="17"/>
    </entry>
    <entry id="86" name="ko:K01539 ko:K01540 ko:K01538" type="ortholog"
        link="https://www.kegg.jp/dbget-bin/www_bget?K01539+K01540+K01538">
        <graphics name="K01539..." fgcolor="#000000" bgcolor="#BFBFFF"
             type="rectangle" x="1008" y="308" width="47" height="17"/>
    </entry>
    <entry id="87" name="cpd:C00037 cpd:C00041 cpd:C00183 cpd:C00123 cpd:C00073 cpd:C00407 cpd:C00148 cpd:C00079 cpd:C00078 cpd:C00065 cpd:C00188 cpd:C00152 cpd:C00064" type="compound"
        link="https://www.kegg.jp/dbget-bin/www_bget?C00037+C00041+C00183+C00123+C00073+C00407+C00148+C00079+C00078+C00065+C00188+C00152+C00064">
        <graphics name="C00037..." fgcolor="#000000" bgcolor="#FFFFFF"
             type="circle" x="779" y="642" width="8" height="8"/>
    </entry>
    <entry id="88" name="cpd:C00097" type="compound"
        link="https://www.kegg.jp/dbget-bin/www_bget?C00097">
        <graphics name="C00097" fgcolor="#000000" bgcolor="#FFFFFF"
             type="circle" x="769" y="699" width="8" height="8"/>
    </entry>
    <entry id="90" name="ko:K06519" type="ortholog"
        link="https://www.kegg.jp/dbget-bin/www_bget?K06519">
        <graphics name="K06519" fgcolor="#000000" bgcolor="#BFBFFF"
             type="rectangle" x="1007" y="753" width="46" height="17"/>
    </entry>
    <entry id="91" name="ko:K06519" type="ortholog"
        link="https://www.kegg.jp/dbget-bin/www_bget?K06519">
        <graphics name="K06519" fgcolor="#000000" bgcolor="#BFBFFF"
             type="rectangle" x="1007" y="627" width="46" height="17"/>
    </entry>
    <entry id="92" name="cpd:C00037 cpd:C00041 cpd:C00183 cpd:C00123 cpd:C00073 cpd:C00407 cpd:C00148 cpd:C00079 cpd:C00078 cpd:C00065 cpd:C00188 cpd:C00152 cpd:C00064" type="compound"
        link="https://www.kegg.jp/dbget-bin/www_bget?C00037+C00041+C00183+C00123+C00073+C00407+C00148+C00079+C00078+C00065+C00188+C00152+C00064">
        <graphics name="C00037..." fgcolor="#000000" bgcolor="#FFFFFF"
             type="circle" x="456" y="639" width="8" height="8"/>
    </entry>
    <entry id="93" name="cpd:C01330" type="compound"
        link="https://www.kegg.jp/dbget-bin/www_bget?C01330">
        <graphics name="C01330" fgcolor="#000000" bgcolor="#FFFFFF"
             type="circle" x="478" y="631" width="8" height="8"/>
    </entry>
    <entry id="95" name="cpd:C00080" type="compound"
        link="https://www.kegg.jp/dbget-bin/www_bget?C00080">
        <graphics name="C00080" fgcolor="#000000" bgcolor="#FFFFFF"
             type="circle" x="480" y="379" width="8" height="8"/>
    </entry>
    <entry id="96" name="cpd:C00238" type="compound"
        link="https://www.kegg.jp/dbget-bin/www_bget?C00238">
        <graphics name="C00238" fgcolor="#000000" bgcolor="#FFFFFF"
             type="circle" x="597" y="515" width="8" height="8"/>
    </entry>
    <entry id="97" name="ko:K01310" type="ortholog"
        link="https://www.kegg.jp/dbget-bin/www_bget?K01310">
        <graphics name="K01310" fgcolor="#000000" bgcolor="#BFBFFF"
             type="rectangle" x="214" y="361" width="46" height="17"/>
    </entry>
    <entry id="98" name="ko:K09632" type="ortholog"
        link="https://www.kegg.jp/dbget-bin/www_bget?K09632">
        <graphics name="K09632" fgcolor="#000000" bgcolor="#BFBFFF"
             type="rectangle" x="269" y="361" width="46" height="17"/>
    </entry>
    <entry id="99" name="ko:K01346 ko:K01345" type="ortholog"
        link="https://www.kegg.jp/dbget-bin/www_bget?K01346+K01345">
        <graphics name="K01346..." fgcolor="#000000" bgcolor="#BFBFFF"
             type="rectangle" x="159" y="388" width="46" height="17"/>
    </entry>
    <entry id="100" name="ko:K08779 ko:K01298 ko:K08780" type="ortholog"
        link="https://www.kegg.jp/dbget-bin/www_bget?K08779+K01298+K08780">
        <graphics name="K08779..." fgcolor="#000000" bgcolor="#BFBFFF"
             type="rectangle" x="159" y="414" width="46" height="17"/>
    </entry>
    <entry id="101" name="ko:K01291 ko:K01300" type="ortholog"
        link="https://www.kegg.jp/dbget-bin/www_bget?K01291+K01300">
        <graphics name="K01291..." fgcolor="#000000" bgcolor="#BFBFFF"
             type="rectangle" x="214" y="414" width="46" height="17"/>
    </entry>
    <entry id="102" name="ko:K06002" type="ortholog"
        link="https://www.kegg.jp/dbget-bin/www_bget?K06002">
        <graphics name="K06002" fgcolor="#000000" bgcolor="#BFBFFF"
             type="rectangle" x="212" y="275" width="46" height="17"/>
    </entry>
    <entry id="111" name="ko:K12040" type="ortholog"
        link="https://www.kegg.jp/dbget-bin/www_bget?K12040">
        <graphics name="K12040" fgcolor="#000000" bgcolor="#BFBFFF"
             type="rectangle" x="619" y="316" width="46" height="17"/>
    </entry>
    <entry id="112" name="cpd:C01330" type="compound"
        link="https://www.kegg.jp/dbget-bin/www_bget?C01330">
        <graphics name="C01330" fgcolor="#000000" bgcolor="#FFFFFF"
             type="circle" x="562" y="311" width="8" height="8"/>
    </entry>
    <entry id="113" name="cpd:C00080" type="compound"
        link="https://www.kegg.jp/dbget-bin/www_bget?C00080">
        <graphics name="C00080" fgcolor="#000000" bgcolor="#FFFFFF"
             type="circle" x="689" y="320" width="8" height="8"/>
    </entry>
    <entry id="114" name="cpd:C00238" type="compound"
        link="https://www.kegg.jp/dbget-bin/www_bget?C00238">
        <graphics name="C00238" fgcolor="#000000" bgcolor="#FFFFFF"
             type="circle" x="1074" y="303" width="8" height="8"/>
    </entry>
    <entry id="118" name="ko:K04945 ko:K04916 ko:K04897 ko:K04926 ko:K05006" type="ortholog"
        link="https://www.kegg.jp/dbget-bin/www_bget?K04945+K04916+K04897+K04926+K05006">
        <graphics name="K04945..." fgcolor="#000000" bgcolor="#BFBFFF"
             type="rectangle" x="1007" y="268" width="46" height="17"/>
    </entry>
    <entry id="119" name="cpd:C00238" type="compound"
        link="https://www.kegg.jp/dbget-bin/www_bget?C00238">
        <graphics name="C00238" fgcolor="#000000" bgcolor="#FFFFFF"
             type="circle" x="954" y="267" width="8" height="8"/>
    </entry>
    <entry id="125" name="cpd:C00049 cpd:C00025 cpd:C00082 cpd:C00097" type="compound"
        link="https://www.kegg.jp/dbget-bin/www_bget?C00049+C00025+C00082+C00097">
        <graphics name="C00049..." fgcolor="#000000" bgcolor="#FFFFFF"
             type="circle" x="868" y="506" width="8" height="8"/>
    </entry>
    <entry id="126" name="cpd:C00064 cpd:C00073 cpd:C00123" type="compound"
        link="https://www.kegg.jp/dbget-bin/www_bget?C00064+C00073+C00123">
        <graphics name="C00064..." fgcolor="#000000" bgcolor="#FFFFFF"
             type="circle" x="927" y="763" width="8" height="8"/>
    </entry>
    <entry id="131" name="cpd:C00037 cpd:C00041 cpd:C00183 cpd:C00123 cpd:C00073 cpd:C00407 cpd:C00148 cpd:C00079 cpd:C00078 cpd:C00065 cpd:C00188 cpd:C00152 cpd:C00064 cpd:C00062 cpd:C00135 cpd:C00047 cpd:C00049 cpd:C00025 cpd:C00082 cpd:C00097" type="compound"
        link="https://www.kegg.jp/dbget-bin/www_bget?C00037+C00041+C00183+C00123+C00073+C00407+C00148+C00079+C00078+C00065+C00188+C00152+C00064+C00062+C00135+C00047+C00049+C00025+C00082+C00097">
        <graphics name="C00037..." fgcolor="#000000" bgcolor="#FFFFFF"
             type="circle" x="806" y="448" width="8" height="8"/>
    </entry>
    <entry id="133" name="ko:K14209" type="ortholog"
        link="https://www.kegg.jp/dbget-bin/www_bget?K14209">
        <graphics name="K14209" fgcolor="#000000" bgcolor="#BFBFFF"
             type="rectangle" x="622" y="699" width="46" height="17"/>
    </entry>
    <entry id="134" name="cpd:C00148 cpd:C00037 cpd:C00099" type="compound"
        link="https://www.kegg.jp/dbget-bin/www_bget?C00148+C00037+C00099">
        <graphics name="C00148..." fgcolor="#000000" bgcolor="#FFFFFF"
             type="circle" x="574" y="695" width="8" height="8"/>
    </entry>
    <entry id="135" name="cpd:C00080" type="compound"
        link="https://www.kegg.jp/dbget-bin/www_bget?C00080">
        <graphics name="C00080" fgcolor="#000000" bgcolor="#FFFFFF"
             type="circle" x="547" y="702" width="8" height="8"/>
    </entry>
    <entry id="138" name="cpd:C00062 cpd:C00047 cpd:C00135" type="compound"
        link="https://www.kegg.jp/dbget-bin/www_bget?C00062+C00047+C00135">
        <graphics name="C00062..." fgcolor="#000000" bgcolor="#FFFFFF"
             type="circle" x="805" y="771" width="8" height="8"/>
    </entry>
    <entry id="141" name="ko:K05849" type="ortholog"
        link="https://www.kegg.jp/dbget-bin/www_bget?K05849">
        <graphics name="K05849" fgcolor="#000000" bgcolor="#BFBFFF"
             type="rectangle" x="1007" y="579" width="46" height="17"/>
    </entry>
    <entry id="142" name="cpd:C01330" type="compound"
        link="https://www.kegg.jp/dbget-bin/www_bget?C01330">
        <graphics name="C01330" fgcolor="#000000" bgcolor="#FFFFFF"
             type="circle" x="1075" y="574" width="8" height="8"/>
    </entry>
    <entry id="143" name="cpd:C00076" type="compound"
        link="https://www.kegg.jp/dbget-bin/www_bget?C00076">
        <graphics name="C00076" fgcolor="#000000" bgcolor="#FFFFFF"
             type="circle" x="951" y="583" width="8" height="8"/>
    </entry>
    <entry id="145" name="ko:K01389 ko:K01395 ko:K08606 ko:K09708 ko:K01285 ko:K01278 ko:K14208" type="ortholog"
        link="https://www.kegg.jp/dbget-bin/www_bget?K01389+K01395+K08606+K09708+K01285+K01278+K14208">
        <graphics name="K01389..." fgcolor="#000000" bgcolor="#BFBFFF"
             type="rectangle" x="620" y="446" width="46" height="17"/>
    </entry>
    <entry id="147" name="path:ko04971" type="map"
        link="https://www.kegg.jp/dbget-bin/www_bget?ko04971">
        <graphics name="Gastric acid secretion" fgcolor="#000000" bgcolor="#FFFFFF"
             type="roundrectangle" x="218" y="205" width="124" height="25"/>
    </entry>
    <entry id="150" name="ko:K14211" type="ortholog"
        link="https://www.kegg.jp/dbget-bin/www_bget?K14211">
        <graphics name="K14211" fgcolor="#000000" bgcolor="#BFBFFF"
             type="rectangle" x="134" y="591" width="46" height="17"/>
    </entry>
    <entry id="151" name="ko:K06236 ko:K19719 ko:K19720 ko:K06237 ko:K19721 ko:K06238 ko:K16628 ko:K23455 ko:K08131 ko:K19479 ko:K08132 ko:K16617 ko:K08133 ko:K08135 ko:K24339 ko:K07603 ko:K06823 ko:K24340 ko:K24357 ko:K16629 ko:K16630 ko:K24355 ko:K24356 ko:K24358 ko:K23619" type="ortholog"
        link="https://www.kegg.jp/dbget-bin/www_bget?K06236+K19719+K19720+K06237+K19721+K06238+K16628+K23455+K08131+K19479+K08132+K16617+K08133+K08135+K24339+K07603+K06823+K24340+K24357+K16629+K16630+K24355+K24356+K24358+K23619">
        <graphics name="K06236..." fgcolor="#000000" bgcolor="#BFBFFF"
             type="rectangle" x="134" y="615" width="46" height="17"/>
    </entry>
    <entry id="152" name="cpd:C00246" type="compound"
        link="https://www.kegg.jp/dbget-bin/www_bget?C00246">
        <graphics name="C00246" fgcolor="#000000" bgcolor="#FFFFFF"
             type="circle" x="140" y="749" width="8" height="8"/>
    </entry>
    <entry id="153" name="cpd:C00163" type="compound"
        link="https://www.kegg.jp/dbget-bin/www_bget?C00163">
        <graphics name="C00163" fgcolor="#000000" bgcolor="#FFFFFF"
             type="circle" x="211" y="749" width="8" height="8"/>
    </entry>
    <entry id="154" name="cpd:C00033" type="compound"
        link="https://www.kegg.jp/dbget-bin/www_bget?C00033">
        <graphics name="C00033" fgcolor="#000000" bgcolor="#FFFFFF"
             type="circle" x="275" y="749" width="8" height="8"/>
    </entry>
    <entry id="155" name="cpd:C02632" type="compound"
        link="https://www.kegg.jp/dbget-bin/www_bget?C02632">
        <graphics name="C02632" fgcolor="#000000" bgcolor="#FFFFFF"
             type="circle" x="142" y="811" width="8" height="8"/>
    </entry>
    <entry id="156" name="cpd:C08262" type="compound"
        link="https://www.kegg.jp/dbget-bin/www_bget?C08262">
        <graphics name="C08262" fgcolor="#000000" bgcolor="#FFFFFF"
             type="circle" x="188" y="790" width="8" height="8"/>
    </entry>
    <entry id="157" name="cpd:C18319" type="compound"
        link="https://www.kegg.jp/dbget-bin/www_bget?C18319">
        <graphics name="C18319" fgcolor="#000000" bgcolor="#FFFFFF"
             type="circle" x="236" y="809" width="8" height="8"/>
    </entry>
    <entry id="158" name="cpd:C05996" type="compound"
        link="https://www.kegg.jp/dbget-bin/www_bget?C05996">
        <graphics name="C05996" fgcolor="#000000" bgcolor="#FFFFFF"
             type="circle" x="272" y="790" width="8" height="8"/>
    </entry>
    <entry id="169" name="cpd:C00011" type="compound"
        link="https://www.kegg.jp/dbget-bin/www_bget?C00011">
        <graphics name="C00011" fgcolor="#000000" bgcolor="#FFFFFF"
             type="circle" x="336" y="750" width="8" height="8"/>
    </entry>
    <entry id="170" name="cpd:C00282" type="compound"
        link="https://www.kegg.jp/dbget-bin/www_bget?C00282">
        <graphics name="C00282" fgcolor="#000000" bgcolor="#FFFFFF"
             type="circle" x="336" y="771" width="8" height="8"/>
    </entry>
    <entry id="171" name="cpd:C01438" type="compound"
        link="https://www.kegg.jp/dbget-bin/www_bget?C01438">
        <graphics name="C01438" fgcolor="#000000" bgcolor="#FFFFFF"
             type="circle" x="336" y="792" width="8" height="8"/>
    </entry>
    <entry id="172" name="cpd:C00014" type="compound"
        link="https://www.kegg.jp/dbget-bin/www_bget?C00014">
        <graphics name="C00014" fgcolor="#000000" bgcolor="#FFFFFF"
             type="circle" x="336" y="813" width="8" height="8"/>
    </entry>
    <entry id="173" name="cpd:C00483 cpd:C00388 cpd:C01746 cpd:C01672 cpd:C00134" type="compound"
        link="https://www.kegg.jp/dbget-bin/www_bget?C00483+C00388+C01746+C01672+C00134">
        <graphics name="C00483..." fgcolor="#000000" bgcolor="#FFFFFF"
             type="circle" x="336" y="834" width="8" height="8"/>
    </entry>
    <entry id="174" name="cpd:C00146 cpd:C01468" type="compound"
        link="https://www.kegg.jp/dbget-bin/www_bget?C00146+C01468">
        <graphics name="C00146..." fgcolor="#000000" bgcolor="#FFFFFF"
             type="circle" x="336" y="855" width="8" height="8"/>
    </entry>
    <entry id="175" name="cpd:C00463" type="compound"
        link="https://www.kegg.jp/dbget-bin/www_bget?C00463">
        <graphics name="C00463" fgcolor="#000000" bgcolor="#FFFFFF"
             type="circle" x="336" y="895" width="8" height="8"/>
    </entry>
    <entry id="178" name="ko:K08187" type="ortholog"
        link="https://www.kegg.jp/dbget-bin/www_bget?K08187">
        <graphics name="K08187" fgcolor="#000000" bgcolor="#BFBFFF"
             type="rectangle" x="1007" y="699" width="46" height="17"/>
    </entry>
    <entry id="179" name="cpd:C00079 cpd:C00082 cpd:C00078" type="compound"
        link="https://www.kegg.jp/dbget-bin/www_bget?C00079+C00082+C00078">
        <graphics name="C00079..." fgcolor="#000000" bgcolor="#FFFFFF"
             type="circle" x="1074" y="699" width="8" height="8"/>
    </entry>
    <entry id="183" name="cpd:C01327" type="compound"
        link="https://www.kegg.jp/dbget-bin/www_bget?C01327">
        <graphics name="C01327" fgcolor="#000000" bgcolor="#FFFFFF"
             type="circle" x="213" y="241" width="8" height="8"/>
    </entry>
    <entry id="185" name="path:ko00350" type="map"
        link="https://www.kegg.jp/dbget-bin/www_bget?ko00350">
        <graphics name="Tyrosine metabolism" fgcolor="#000000" bgcolor="#FFFFFF"
             type="roundrectangle" x="330" y="665" width="126" height="25"/>
    </entry>
    <entry id="186" name="path:ko00280" type="map"
        link="https://www.kegg.jp/dbget-bin/www_bget?ko00280">
        <graphics name="Valine, leucine and isoleucine degradation" fgcolor="#000000" bgcolor="#FFFFFF"
             type="roundrectangle" x="105" y="679" width="126" height="34"/>
    </entry>
    <entry id="187" name="path:ko00380" type="map"
        link="https://www.kegg.jp/dbget-bin/www_bget?ko00380">
        <graphics name="Tryptophan metabolism" fgcolor="#000000" bgcolor="#FFFFFF"
             type="roundrectangle" x="330" y="695" width="126" height="25"/>
    </entry>
    <entry id="193" name="path:ko00250" type="map"
        link="https://www.kegg.jp/dbget-bin/www_bget?ko00250">
        <graphics name="Alanine, aspartate and glutamate metabolism" fgcolor="#000000" bgcolor="#FFFFFF"
             type="roundrectangle" x="916" y="540" width="126" height="34"/>
    </entry>
    <entry id="195" name="cpd:C01330" type="compound"
        link="https://www.kegg.jp/dbget-bin/www_bget?C01330">
        <graphics name="C01330" fgcolor="#000000" bgcolor="#FFFFFF"
             type="circle" x="674" y="574" width="8" height="8"/>
    </entry>
    <entry id="196" name="cpd:C00041 cpd:C00065 cpd:C00097 cpd:C00188 cpd:C00064" type="compound"
        link="https://www.kegg.jp/dbget-bin/www_bget?C00041+C00065+C00097+C00188+C00064">
        <graphics name="C00041..." fgcolor="#000000" bgcolor="#FFFFFF"
             type="circle" x="694" y="567" width="8" height="8"/>
    </entry>
    <entry id="197" name="cpd:C00037 cpd:C00041 cpd:C00183 cpd:C00123 cpd:C00073 cpd:C00407 cpd:C00079 cpd:C00078 cpd:C00065 cpd:C00188 cpd:C00152 cpd:C00064" type="compound"
        link="https://www.kegg.jp/dbget-bin/www_bget?C00037+C00041+C00183+C00123+C00073+C00407+C00079+C00078+C00065+C00188+C00152+C00064">
        <graphics name="C00037..." fgcolor="#000000" bgcolor="#FFFFFF"
             type="circle" x="942" y="648" width="8" height="8"/>
    </entry>
    <entry id="198" name="cpd:C01330" type="compound"
        link="https://www.kegg.jp/dbget-bin/www_bget?C01330">
        <graphics name="C01330" fgcolor="#000000" bgcolor="#FFFFFF"
             type="circle" x="1057" y="776" width="8" height="8"/>
    </entry>
    <relation entry1="183" entry2="102" type="PCrel">
        <subtype name="activation" value="--&gt;"/>
    </relation>
</pathway>
