<?xml version="1.0"?>
<!DOCTYPE pathway SYSTEM "https://www.kegg.jp/kegg/xml/KGML_v0.7.2_.dtd">
<!-- Creation date: Mar 9, 2020 17:02:43 +0900 (GMT+9) -->
<pathway name="path:ko04212" org="ko" number="04212"
         title="Longevity regulating pathway - worm"
         image="https://www.kegg.jp/kegg/pathway/ko/ko04212.png"
         link="https://www.kegg.jp/kegg-bin/show_pathway?ko04212">
    <entry id="8" name="path:ko04212" type="map"
        link="https://www.kegg.jp/dbget-bin/www_bget?ko04212">
        <graphics name="TITLE:Longevity regulating pathway - worm" fgcolor="#000000" bgcolor="#FFFFFF"
             type="roundrectangle" x="216" y="58" width="351" height="25"/>
    </entry>
    <entry id="9" name="ko:K09408" type="ortholog"
        link="https://www.kegg.jp/dbget-bin/www_bget?K09408">
        <graphics name="K09408" fgcolor="#000000" bgcolor="#BFBFFF"
             type="rectangle" x="950" y="227" width="46" height="17"/>
    </entry>
    <entry id="10" name="ko:K04456" type="ortholog"
        link="https://www.kegg.jp/dbget-bin/www_bget?K04456">
        <graphics name="K04456" fgcolor="#000000" bgcolor="#BFBFFF"
             type="rectangle" x="620" y="227" width="46" height="17"/>
    </entry>
    <entry id="11" name="ko:K00922" type="ortholog"
        link="https://www.kegg.jp/dbget-bin/www_bget?K00922">
        <graphics name="K00922" fgcolor="#000000" bgcolor="#BFBFFF"
             type="rectangle" x="475" y="227" width="46" height="17"/>
    </entry>
    <entry id="12" name="cpd:C05981" type="compound"
        link="https://www.kegg.jp/dbget-bin/www_bget?C05981">
        <graphics name="C05981" fgcolor="#000000" bgcolor="#FFFFFF"
             type="circle" x="543" y="227" width="8" height="8"/>
    </entry>
    <entry id="19" name="ko:K04527" type="ortholog"
        link="https://www.kegg.jp/dbget-bin/www_bget?K04527">
        <graphics name="K04527" fgcolor="#000000" bgcolor="#BFBFFF"
             type="rectangle" x="299" y="227" width="46" height="17"/>
    </entry>
    <entry id="21" name="ko:K04688" type="ortholog"
        link="https://www.kegg.jp/dbget-bin/www_bget?K04688">
        <graphics name="K04688" fgcolor="#000000" bgcolor="#BFBFFF"
             type="rectangle" x="712" y="491" width="44" height="17"/>
    </entry>
    <entry id="22" name="ko:K07203" type="ortholog"
        link="https://www.kegg.jp/dbget-bin/www_bget?K07203">
        <graphics name="K07203" fgcolor="#000000" bgcolor="#BFBFFF"
             type="rectangle" x="539" y="491" width="46" height="17"/>
    </entry>
    <entry id="26" name="ko:K08035" type="ortholog"
        link="https://www.kegg.jp/dbget-bin/www_bget?K08035">
        <graphics name="K08035" fgcolor="#000000" bgcolor="#BFBFFF"
             type="rectangle" x="928" y="491" width="46" height="17"/>
    </entry>
    <entry id="27" name="ko:K19764" type="ortholog"
        link="https://www.kegg.jp/dbget-bin/www_bget?K19764">
        <graphics name="K19764" fgcolor="#000000" bgcolor="#BFBFFF"
             type="rectangle" x="210" y="227" width="46" height="17"/>
    </entry>
    <entry id="29" name="ko:K16172" type="ortholog"
        link="https://www.kegg.jp/dbget-bin/www_bget?K16172">
        <graphics name="K16172" fgcolor="#000000" bgcolor="#BFBFFF"
             type="rectangle" x="388" y="200" width="46" height="17"/>
    </entry>
    <entry id="33" name="ko:K14938" type="ortholog"
        link="https://www.kegg.jp/dbget-bin/www_bget?K14938">
        <graphics name="K14938" fgcolor="#000000" bgcolor="#BFBFFF"
             type="rectangle" x="539" y="648" width="46" height="17"/>
    </entry>
    <entry id="34" name="ko:K22878" type="ortholog"
        link="https://www.kegg.jp/dbget-bin/www_bget?K22878">
        <graphics name="K22878" fgcolor="#000000" bgcolor="#BFBFFF"
             type="rectangle" x="539" y="675" width="46" height="17"/>
    </entry>
    <entry id="35" name="ko:K14035" type="ortholog"
        link="https://www.kegg.jp/dbget-bin/www_bget?K14035">
        <graphics name="K14035" fgcolor="#000000" bgcolor="#BFBFFF"
             type="rectangle" x="856" y="663" width="46" height="17"/>
    </entry>
    <entry id="45" name="ko:K11411" type="ortholog"
        link="https://www.kegg.jp/dbget-bin/www_bget?K11411">
        <graphics name="K11411" fgcolor="#000000" bgcolor="#BFBFFF"
             type="rectangle" x="844" y="297" width="46" height="17"/>
    </entry>
    <entry id="46" name="ko:K17491" type="ortholog"
        link="https://www.kegg.jp/dbget-bin/www_bget?K17491">
        <graphics name="K17491" fgcolor="#000000" bgcolor="#BFBFFF"
             type="rectangle" x="894" y="267" width="46" height="17"/>
    </entry>
    <entry id="47" name="ko:K09414" type="ortholog"
        link="https://www.kegg.jp/dbget-bin/www_bget?K09414">
        <graphics name="K09414" fgcolor="#000000" bgcolor="#BFBFFF"
             type="rectangle" x="928" y="339" width="46" height="17"/>
    </entry>
    <entry id="48" name="ko:K05638" type="ortholog"
        link="https://www.kegg.jp/dbget-bin/www_bget?K05638">
        <graphics name="K05638" fgcolor="#000000" bgcolor="#BFBFFF"
             type="rectangle" x="928" y="400" width="46" height="17"/>
    </entry>
    <entry id="49" name="ko:K14966" type="ortholog"
        link="https://www.kegg.jp/dbget-bin/www_bget?K14966">
        <graphics name="K14966" fgcolor="#000000" bgcolor="#BFBFFF"
             type="rectangle" x="928" y="297" width="46" height="17"/>
    </entry>
    <entry id="55" name="ko:K01110" type="ortholog"
        link="https://www.kegg.jp/dbget-bin/www_bget?K01110">
        <graphics name="K01110" fgcolor="#000000" bgcolor="#BFBFFF"
             type="rectangle" x="519" y="272" width="46" height="17"/>
    </entry>
    <entry id="58" name="path:ko04910" type="map"
        link="https://www.kegg.jp/dbget-bin/www_bget?ko04910">
        <graphics name="Insulin signaling pathway" fgcolor="#000000" bgcolor="#FFFFFF"
             type="roundrectangle" x="212" y="191" width="108" height="34"/>
    </entry>
    <entry id="59" name="path:ko04151" type="map"
        link="https://www.kegg.jp/dbget-bin/www_bget?ko04151">
        <graphics name="PI3K-Akt signaling pathway" fgcolor="#000000" bgcolor="#FFFFFF"
             type="roundrectangle" x="620" y="263" width="120" height="34"/>
    </entry>
    <entry id="60" name="path:ko04150" type="map"
        link="https://www.kegg.jp/dbget-bin/www_bget?ko04150">
        <graphics name="mTOR signaling pathway" fgcolor="#000000" bgcolor="#FFFFFF"
             type="roundrectangle" x="546" y="449" width="108" height="34"/>
    </entry>
    <entry id="61" name="cpd:C21076 cpd:C21077" type="compound"
        link="https://www.kegg.jp/dbget-bin/www_bget?C21076+C21077">
        <graphics name="C21076..." fgcolor="#000000" bgcolor="#FFFFFF"
             type="circle" x="691" y="661" width="8" height="8"/>
    </entry>
    <entry id="65" name="ko:K08269" type="ortholog"
        link="https://www.kegg.jp/dbget-bin/www_bget?K08269">
        <graphics name="K08269" fgcolor="#000000" bgcolor="#BFBFFF"
             type="rectangle" x="1097" y="481" width="46" height="17"/>
    </entry>
    <entry id="66" name="ko:K13356" type="ortholog"
        link="https://www.kegg.jp/dbget-bin/www_bget?K13356">
        <graphics name="K13356" fgcolor="#000000" bgcolor="#BFBFFF"
             type="rectangle" x="1097" y="663" width="46" height="17"/>
    </entry>
    <entry id="67" name="ko:K08341" type="ortholog"
        link="https://www.kegg.jp/dbget-bin/www_bget?K08341">
        <graphics name="K08341" fgcolor="#000000" bgcolor="#BFBFFF"
             type="rectangle" x="1097" y="502" width="46" height="17"/>
    </entry>
    <entry id="68" name="ko:K16197" type="ortholog"
        link="https://www.kegg.jp/dbget-bin/www_bget?K16197">
        <graphics name="K16197" fgcolor="#000000" bgcolor="#BFBFFF"
             type="rectangle" x="713" y="547" width="46" height="17"/>
    </entry>
    <entry id="69" name="ko:K19770" type="ortholog"
        link="https://www.kegg.jp/dbget-bin/www_bget?K19770">
        <graphics name="K19770" fgcolor="#000000" bgcolor="#BFBFFF"
             type="rectangle" x="713" y="564" width="46" height="17"/>
    </entry>
    <entry id="70" name="ko:K12824" type="ortholog"
        link="https://www.kegg.jp/dbget-bin/www_bget?K12824">
        <graphics name="K12824" fgcolor="#000000" bgcolor="#BFBFFF"
             type="rectangle" x="862" y="556" width="46" height="17"/>
    </entry>
    <entry id="73" name="ko:K17705" type="ortholog"
        link="https://www.kegg.jp/dbget-bin/www_bget?K17705">
        <graphics name="K17705" fgcolor="#000000" bgcolor="#BFBFFF"
             type="rectangle" x="711" y="628" width="46" height="17"/>
    </entry>
    <entry id="81" name="path:ko04140" type="map"
        link="https://www.kegg.jp/dbget-bin/www_bget?ko04140">
        <graphics name="Autophagy - animal" fgcolor="#000000" bgcolor="#FFFFFF"
             type="roundrectangle" x="1113" y="538" width="109" height="34"/>
    </entry>
    <entry id="83" name="cpd:C00003" type="compound"
        link="https://www.kegg.jp/dbget-bin/www_bget?C00003">
        <graphics name="C00003" fgcolor="#000000" bgcolor="#FFFFFF"
             type="circle" x="353" y="867" width="8" height="8"/>
    </entry>
    <entry id="84" name="ko:K11411" type="ortholog"
        link="https://www.kegg.jp/dbget-bin/www_bget?K11411">
        <graphics name="K11411" fgcolor="#000000" bgcolor="#BFBFFF"
             type="rectangle" x="403" y="827" width="46" height="17"/>
    </entry>
    <entry id="85" name="cpd:C07909" type="compound"
        link="https://www.kegg.jp/dbget-bin/www_bget?C07909">
        <graphics name="C07909" fgcolor="#000000" bgcolor="#FFFFFF"
             type="circle" x="213" y="929" width="8" height="8"/>
    </entry>
    <entry id="86" name="cpd:C03582" type="compound"
        link="https://www.kegg.jp/dbget-bin/www_bget?C03582">
        <graphics name="C03582" fgcolor="#000000" bgcolor="#FFFFFF"
             type="circle" x="213" y="963" width="8" height="8"/>
    </entry>
    <entry id="92" name="ko:K17794" type="ortholog"
        link="https://www.kegg.jp/dbget-bin/www_bget?K17794">
        <graphics name="K17794" fgcolor="#000000" bgcolor="#BFBFFF"
             type="rectangle" x="622" y="955" width="46" height="17"/>
    </entry>
    <entry id="93" name="ko:K19762" type="ortholog"
        link="https://www.kegg.jp/dbget-bin/www_bget?K19762">
        <graphics name="K19762" fgcolor="#000000" bgcolor="#BFBFFF"
             type="rectangle" x="622" y="884" width="46" height="17"/>
    </entry>
    <entry id="94" name="ko:K04374" type="ortholog"
        link="https://www.kegg.jp/dbget-bin/www_bget?K04374">
        <graphics name="K04374" fgcolor="#000000" bgcolor="#BFBFFF"
             type="rectangle" x="759" y="955" width="46" height="17"/>
    </entry>
    <entry id="95" name="ko:K13113" type="ortholog"
        link="https://www.kegg.jp/dbget-bin/www_bget?K13113">
        <graphics name="K13113" fgcolor="#000000" bgcolor="#BFBFFF"
             type="rectangle" x="730" y="893" width="46" height="17"/>
    </entry>
    <entry id="96" name="ko:K19774" type="ortholog"
        link="https://www.kegg.jp/dbget-bin/www_bget?K19774">
        <graphics name="K19774" fgcolor="#000000" bgcolor="#BFBFFF"
             type="rectangle" x="762" y="860" width="46" height="17"/>
    </entry>
    <entry id="105" name="ko:K09408" type="ortholog"
        link="https://www.kegg.jp/dbget-bin/www_bget?K09408">
        <graphics name="K09408" fgcolor="#000000" bgcolor="#BFBFFF"
             type="rectangle" x="938" y="1012" width="46" height="17"/>
    </entry>
    <entry id="110" name="cpd:C00704" type="compound"
        link="https://www.kegg.jp/dbget-bin/www_bget?C00704">
        <graphics name="C00704" fgcolor="#000000" bgcolor="#FFFFFF"
             type="circle" x="493" y="1014" width="8" height="8"/>
    </entry>
    <entry id="112" name="ko:K04564" type="ortholog"
        link="https://www.kegg.jp/dbget-bin/www_bget?K04564">
        <graphics name="K04564" fgcolor="#000000" bgcolor="#BFBFFF"
             type="rectangle" x="1097" y="1013" width="46" height="17"/>
    </entry>
    <entry id="115" name="ko:K19763" type="ortholog"
        link="https://www.kegg.jp/dbget-bin/www_bget?K19763">
        <graphics name="K19763" fgcolor="#000000" bgcolor="#BFBFFF"
             type="rectangle" x="572" y="144" width="46" height="17"/>
    </entry>
    <entry id="116" name="ko:K04440" type="ortholog"
        link="https://www.kegg.jp/dbget-bin/www_bget?K04440">
        <graphics name="K04440" fgcolor="#000000" bgcolor="#BFBFFF"
             type="rectangle" x="670" y="144" width="46" height="17"/>
    </entry>
    <entry id="121" name="ko:K19773" type="ortholog"
        link="https://www.kegg.jp/dbget-bin/www_bget?K19773">
        <graphics name="K19773" fgcolor="#000000" bgcolor="#BFBFFF"
             type="rectangle" x="856" y="714" width="46" height="17"/>
    </entry>
    <entry id="127" name="ko:K00507" type="ortholog"
        link="https://www.kegg.jp/dbget-bin/www_bget?K00507">
        <graphics name="K00507" fgcolor="#000000" bgcolor="#BFBFFF"
             type="rectangle" x="1097" y="716" width="46" height="17"/>
    </entry>
    <entry id="131" name="cpd:C00712" type="compound"
        link="https://www.kegg.jp/dbget-bin/www_bget?C00712">
        <graphics name="C00712" fgcolor="#000000" bgcolor="#FFFFFF"
             type="circle" x="1177" y="717" width="8" height="8"/>
    </entry>
    <entry id="141" name="ko:K19765" type="ortholog"
        link="https://www.kegg.jp/dbget-bin/www_bget?K19765">
        <graphics name="K19765" fgcolor="#000000" bgcolor="#BFBFFF"
             type="rectangle" x="636" y="322" width="46" height="17"/>
    </entry>
    <entry id="142" name="ko:K09414" type="ortholog"
        link="https://www.kegg.jp/dbget-bin/www_bget?K09414">
        <graphics name="K09414" fgcolor="#000000" bgcolor="#BFBFFF"
             type="rectangle" x="725" y="339" width="46" height="17"/>
    </entry>
    <entry id="143" name="ko:K18463" type="ortholog"
        link="https://www.kegg.jp/dbget-bin/www_bget?K18463">
        <graphics name="K18463" fgcolor="#000000" bgcolor="#BFBFFF"
             type="rectangle" x="636" y="339" width="46" height="17"/>
    </entry>
    <entry id="144" name="ko:K18461" type="ortholog"
        link="https://www.kegg.jp/dbget-bin/www_bget?K18461">
        <graphics name="K18461" fgcolor="#000000" bgcolor="#BFBFFF"
             type="rectangle" x="636" y="356" width="46" height="17"/>
    </entry>
    <entry id="151" name="ko:K11204" type="ortholog"
        link="https://www.kegg.jp/dbget-bin/www_bget?K11204">
        <graphics name="K11204" fgcolor="#000000" bgcolor="#BFBFFF"
             type="rectangle" x="1097" y="400" width="46" height="17"/>
    </entry>
    <entry id="154" name="ko:K04433" type="ortholog"
        link="https://www.kegg.jp/dbget-bin/www_bget?K04433">
        <graphics name="K04433" fgcolor="#000000" bgcolor="#BFBFFF"
             type="rectangle" x="673" y="401" width="46" height="17"/>
    </entry>
    <entry id="155" name="ko:K04441" type="ortholog"
        link="https://www.kegg.jp/dbget-bin/www_bget?K04441">
        <graphics name="K04441" fgcolor="#000000" bgcolor="#BFBFFF"
             type="rectangle" x="756" y="401" width="46" height="17"/>
    </entry>
    <entry id="160" name="ko:K09408" type="ortholog"
        link="https://www.kegg.jp/dbget-bin/www_bget?K09408">
        <graphics name="K09408" fgcolor="#000000" bgcolor="#BFBFFF"
             type="rectangle" x="928" y="593" width="46" height="17"/>
    </entry>
    <entry id="165" name="ko:K19766 ko:K19767 ko:K19768 ko:K19769" type="ortholog"
        link="https://www.kegg.jp/dbget-bin/www_bget?K19766+K19767+K19768+K19769">
        <graphics name="K19766..." fgcolor="#000000" bgcolor="#BFBFFF"
             type="rectangle" x="1097" y="339" width="46" height="17"/>
    </entry>
    <entry id="168" name="ko:K19771" type="ortholog"
        link="https://www.kegg.jp/dbget-bin/www_bget?K19771">
        <graphics name="K19771" fgcolor="#000000" bgcolor="#BFBFFF"
             type="rectangle" x="1097" y="582" width="46" height="17"/>
    </entry>
    <entry id="169" name="ko:K19772" type="ortholog"
        link="https://www.kegg.jp/dbget-bin/www_bget?K19772">
        <graphics name="K19772" fgcolor="#000000" bgcolor="#BFBFFF"
             type="rectangle" x="1097" y="604" width="46" height="17"/>
    </entry>
    <entry id="173" name="ko:K14739" type="ortholog"
        link="https://www.kegg.jp/dbget-bin/www_bget?K14739">
        <graphics name="K14739" fgcolor="#000000" bgcolor="#BFBFFF"
             type="rectangle" x="1097" y="189" width="46" height="17"/>
    </entry>
    <entry id="174" name="ko:K04564" type="ortholog"
        link="https://www.kegg.jp/dbget-bin/www_bget?K04564">
        <graphics name="K04564" fgcolor="#000000" bgcolor="#BFBFFF"
             type="rectangle" x="1097" y="214" width="46" height="17"/>
    </entry>
    <entry id="175" name="ko:K03781" type="ortholog"
        link="https://www.kegg.jp/dbget-bin/www_bget?K03781">
        <graphics name="K03781" fgcolor="#000000" bgcolor="#BFBFFF"
             type="rectangle" x="1097" y="239" width="46" height="17"/>
    </entry>
    <entry id="176" name="ko:K00799" type="ortholog"
        link="https://www.kegg.jp/dbget-bin/www_bget?K00799">
        <graphics name="K00799" fgcolor="#000000" bgcolor="#BFBFFF"
             type="rectangle" x="1097" y="264" width="46" height="17"/>
    </entry>
    <entry id="180" name="ko:K03871" type="ortholog"
        link="https://www.kegg.jp/dbget-bin/www_bget?K03871">
        <graphics name="K03871" fgcolor="#000000" bgcolor="#BFBFFF"
             type="rectangle" x="538" y="755" width="46" height="17"/>
    </entry>
    <entry id="181" name="ko:K08268" type="ortholog"
        link="https://www.kegg.jp/dbget-bin/www_bget?K08268">
        <graphics name="K08268" fgcolor="#000000" bgcolor="#BFBFFF"
             type="rectangle" x="658" y="755" width="46" height="17"/>
    </entry>
    <entry id="188" name="path:ko04066" type="map"
        link="https://www.kegg.jp/dbget-bin/www_bget?ko04066">
        <graphics name="HIF-1 signaling pathway" fgcolor="#000000" bgcolor="#FFFFFF"
             type="roundrectangle" x="740" y="777" width="108" height="34"/>
    </entry>
    <entry id="189" name="ko:K24070 ko:K10798" type="ortholog"
        link="https://www.kegg.jp/dbget-bin/www_bget?K24070+K10798">
        <graphics name="K24070..." fgcolor="#000000" bgcolor="#BFBFFF"
             type="rectangle" x="354" y="806" width="46" height="17"/>
    </entry>
    <entry id="192" name="dr:D09730" type="compound"
        link="https://www.kegg.jp/dbget-bin/www_bget?D09730">
        <graphics name="D09730" fgcolor="#000000" bgcolor="#FFFFFF"
             type="circle" x="213" y="786" width="8" height="8"/>
    </entry>
    <entry id="193" name="dr:D09692" type="compound"
        link="https://www.kegg.jp/dbget-bin/www_bget?D09692">
        <graphics name="D09692" fgcolor="#000000" bgcolor="#FFFFFF"
             type="circle" x="213" y="824" width="8" height="8"/>
    </entry>
    <entry id="198" name="ko:K04043" type="ortholog"
        link="https://www.kegg.jp/dbget-bin/www_bget?K04043">
        <graphics name="K04043" fgcolor="#000000" bgcolor="#BFBFFF"
             type="rectangle" x="1097" y="872" width="46" height="17"/>
    </entry>
    <entry id="199" name="ko:K04077" type="ortholog"
        link="https://www.kegg.jp/dbget-bin/www_bget?K04077">
        <graphics name="K04077" fgcolor="#000000" bgcolor="#BFBFFF"
             type="rectangle" x="1097" y="895" width="46" height="17"/>
    </entry>
    <entry id="200" name="ko:K01358" type="ortholog"
        link="https://www.kegg.jp/dbget-bin/www_bget?K01358">
        <graphics name="K01358" fgcolor="#000000" bgcolor="#BFBFFF"
             type="rectangle" x="1097" y="919" width="46" height="17"/>
    </entry>
    <entry id="201" name="cpd:C00153" type="compound"
        link="https://www.kegg.jp/dbget-bin/www_bget?C00153">
        <graphics name="C00153" fgcolor="#000000" bgcolor="#FFFFFF"
             type="circle" x="213" y="859" width="8" height="8"/>
    </entry>
    <entry id="202" name="cpd:C03150" type="compound"
        link="https://www.kegg.jp/dbget-bin/www_bget?C03150">
        <graphics name="C03150" fgcolor="#000000" bgcolor="#FFFFFF"
             type="circle" x="213" y="889" width="8" height="8"/>
    </entry>
    <entry id="205" name="ko:K01358" type="ortholog"
        link="https://www.kegg.jp/dbget-bin/www_bget?K01358">
        <graphics name="K01358" fgcolor="#000000" bgcolor="#BFBFFF"
             type="rectangle" x="556" y="931" width="46" height="17"/>
    </entry>
    <entry id="206" name="undefined" type="group">
        <graphics fgcolor="#000000" bgcolor="#FFFFFF"
             type="rectangle" x="713" y="555" width="46" height="34"/>
        <component id="68"/>
        <component id="69"/>
    </entry>
    <entry id="207" name="undefined" type="group">
        <graphics fgcolor="#000000" bgcolor="#FFFFFF"
             type="rectangle" x="636" y="339" width="46" height="51"/>
        <component id="141"/>
        <component id="143"/>
        <component id="144"/>
    </entry>
    <entry id="208" name="undefined" type="group">
        <graphics fgcolor="#000000" bgcolor="#FFFFFF"
             type="rectangle" x="746" y="907" width="78" height="112"/>
        <component id="94"/>
        <component id="95"/>
        <component id="96"/>
    </entry>
    <relation entry1="27" entry2="19" type="PPrel">
        <subtype name="activation" value="--&gt;"/>
    </relation>
    <relation entry1="19" entry2="29" type="PPrel">
        <subtype name="activation" value="--&gt;"/>
    </relation>
    <relation entry1="29" entry2="11" type="PPrel">
        <subtype name="activation" value="--&gt;"/>
    </relation>
    <relation entry1="19" entry2="11" type="PPrel">
        <subtype name="activation" value="--&gt;"/>
    </relation>
    <relation entry1="11" entry2="12" type="PCrel">
        <subtype name="activation" value="--&gt;"/>
    </relation>
    <relation entry1="12" entry2="10" type="PCrel">
        <subtype name="activation" value="--&gt;"/>
    </relation>
    <relation entry1="46" entry2="9" type="PPrel">
        <subtype name="activation" value="--&gt;"/>
    </relation>
    <relation entry1="206" entry2="70" type="PPrel">
        <subtype name="activation" value="--&gt;"/>
    </relation>
    <relation entry1="73" entry2="160" type="PPrel">
        <subtype name="activation" value="--&gt;"/>
    </relation>
    <relation entry1="33" entry2="61" type="PCrel">
        <subtype name="activation" value="--&gt;"/>
    </relation>
    <relation entry1="34" entry2="61" type="PCrel">
        <subtype name="activation" value="--&gt;"/>
    </relation>
    <relation entry1="61" entry2="35" type="PCrel">
        <subtype name="activation" value="--&gt;"/>
    </relation>
    <relation entry1="115" entry2="116" type="PPrel">
        <subtype name="activation" value="--&gt;"/>
        <subtype name="phosphorylation" value="+p"/>
    </relation>
    <relation entry1="83" entry2="84" type="PCrel">
        <subtype name="activation" value="--&gt;"/>
    </relation>
    <relation entry1="116" entry2="9" type="PPrel">
        <subtype name="activation" value="--&gt;"/>
        <subtype name="phosphorylation" value="+p"/>
    </relation>
    <relation entry1="10" entry2="9" type="PPrel">
        <subtype name="inhibition" value="--|"/>
        <subtype name="phosphorylation" value="+p"/>
    </relation>
    <relation entry1="45" entry2="49" type="PPrel">
        <subtype name="inhibition" value="--|"/>
    </relation>
    <relation entry1="49" entry2="9" type="PPrel">
        <subtype name="inhibition" value="--|"/>
    </relation>
    <relation entry1="207" entry2="142" type="PPrel">
        <subtype name="inhibition" value="--|"/>
    </relation>
    <relation entry1="154" entry2="155" type="PPrel">
        <subtype name="activation" value="--&gt;"/>
        <subtype name="phosphorylation" value="+p"/>
    </relation>
    <relation entry1="155" entry2="48" type="PPrel">
        <subtype name="activation" value="--&gt;"/>
        <subtype name="phosphorylation" value="+p"/>
    </relation>
    <relation entry1="22" entry2="21" type="PPrel">
        <subtype name="activation" value="--&gt;"/>
        <subtype name="phosphorylation" value="+p"/>
    </relation>
    <relation entry1="21" entry2="26" type="PPrel">
        <subtype name="inhibition" value="--|"/>
    </relation>
    <relation entry1="35" entry2="121" type="PPrel">
        <subtype name="activation" value="--&gt;"/>
        <subtype name="indirect effect" value="..&gt;"/>
    </relation>
    <relation entry1="180" entry2="181" type="PPrel">
        <subtype name="inhibition" value="--|"/>
    </relation>
    <relation entry1="189" entry2="83" type="PCrel">
        <subtype name="inhibition" value="--|"/>
    </relation>
    <relation entry1="9" entry2="173" type="GErel">
        <subtype name="expression" value="--&gt;"/>
    </relation>
    <relation entry1="9" entry2="174" type="GErel">
        <subtype name="expression" value="--&gt;"/>
    </relation>
    <relation entry1="9" entry2="175" type="GErel">
        <subtype name="expression" value="--&gt;"/>
    </relation>
    <relation entry1="9" entry2="176" type="GErel">
        <subtype name="expression" value="--&gt;"/>
    </relation>
    <relation entry1="9" entry2="165" type="GErel">
        <subtype name="expression" value="--&gt;"/>
    </relation>
    <relation entry1="47" entry2="165" type="GErel">
        <subtype name="expression" value="--&gt;"/>
    </relation>
    <relation entry1="48" entry2="151" type="GErel">
        <subtype name="expression" value="--&gt;"/>
    </relation>
    <relation entry1="26" entry2="65" type="GErel">
        <subtype name="expression" value="--&gt;"/>
    </relation>
    <relation entry1="26" entry2="67" type="GErel">
        <subtype name="expression" value="--&gt;"/>
    </relation>
    <relation entry1="160" entry2="168" type="GErel">
        <subtype name="expression" value="--&gt;"/>
    </relation>
    <relation entry1="160" entry2="169" type="GErel">
        <subtype name="expression" value="--&gt;"/>
    </relation>
    <relation entry1="22" entry2="160" type="PPrel">
        <subtype name="inhibition" value="--|"/>
        <subtype name="indirect effect" value="..&gt;"/>
    </relation>
    <relation entry1="35" entry2="66" type="GErel">
        <subtype name="expression" value="--&gt;"/>
    </relation>
    <relation entry1="121" entry2="127" type="GErel">
        <subtype name="expression" value="--&gt;"/>
    </relation>
    <relation entry1="127" entry2="131" type="PCrel">
        <subtype name="activation" value="--&gt;"/>
    </relation>
    <relation entry1="208" entry2="198" type="GErel">
        <subtype name="expression" value="--&gt;"/>
    </relation>
    <relation entry1="208" entry2="199" type="GErel">
        <subtype name="expression" value="--&gt;"/>
    </relation>
    <relation entry1="208" entry2="200" type="GErel">
        <subtype name="expression" value="--&gt;"/>
    </relation>
    <relation entry1="105" entry2="112" type="GErel">
        <subtype name="expression" value="--&gt;"/>
    </relation>
    <relation entry1="70" entry2="160" type="PPrel">
        <subtype name="activation" value="--&gt;"/>
    </relation>
    <relation entry1="192" entry2="189" type="PCrel">
        <subtype name="inhibition" value="--|"/>
    </relation>
    <relation entry1="193" entry2="189" type="PCrel">
        <subtype name="inhibition" value="--|"/>
    </relation>
    <relation entry1="110" entry2="105" type="PCrel">
        <subtype name="activation" value="--&gt;"/>
        <subtype name="indirect effect" value="..&gt;"/>
    </relation>
</pathway>
