<?xml version="1.0"?>
<!DOCTYPE pathway SYSTEM "https://www.kegg.jp/kegg/xml/KGML_v0.7.2_.dtd">
<!-- Creation date: Dec 9, 2022 10:07:40 +0900 (GMT+9) -->
<pathway name="path:ko04024" org="ko" number="04024"
         title="cAMP signaling pathway"
         image="https://www.kegg.jp/kegg/pathway/ko/ko04024.png"
         link="https://www.kegg.jp/kegg-bin/show_pathway?ko04024">
    <entry id="21" name="path:ko04024" type="map"
        link="https://www.kegg.jp/dbget-bin/www_bget?ko04024">
        <graphics name="TITLE:cAMP signaling pathway" fgcolor="#000000" bgcolor="#FFFFFF"
             type="roundrectangle" x="157" y="58" width="234" height="25"/>
    </entry>
    <entry id="23" name="ko:K04850 ko:K04851 ko:K04853 ko:K04857" type="ortholog"
        link="https://www.kegg.jp/dbget-bin/www_bget?K04850+K04851+K04853+K04857">
        <graphics name="K04850..." fgcolor="#000000" bgcolor="#BFBFFF"
             type="rectangle" x="283" y="774" width="46" height="17"/>
    </entry>
    <entry id="24" name="ko:K04962" type="ortholog"
        link="https://www.kegg.jp/dbget-bin/www_bget?K04962">
        <graphics name="K04962" fgcolor="#000000" bgcolor="#BFBFFF"
             type="rectangle" x="749" y="966" width="46" height="17"/>
    </entry>
    <entry id="25" name="cpd:C00076" type="compound"
        link="https://www.kegg.jp/dbget-bin/www_bget?C00076">
        <graphics name="C00076" fgcolor="#000000" bgcolor="#FFFFFF"
             type="circle" x="246" y="774" width="8" height="8"/>
    </entry>
    <entry id="26" name="cpd:C00076" type="compound"
        link="https://www.kegg.jp/dbget-bin/www_bget?C00076">
        <graphics name="C00076" fgcolor="#000000" bgcolor="#FFFFFF"
             type="circle" x="913" y="970" width="8" height="8"/>
    </entry>
    <entry id="27" name="ko:K05853" type="ortholog"
        link="https://www.kegg.jp/dbget-bin/www_bget?K05853">
        <graphics name="K05853" fgcolor="#000000" bgcolor="#BFBFFF"
             type="rectangle" x="913" y="925" width="46" height="17"/>
    </entry>
    <entry id="28" name="ko:K12044" type="ortholog"
        link="https://www.kegg.jp/dbget-bin/www_bget?K12044">
        <graphics name="K12044" fgcolor="#000000" bgcolor="#BFBFFF"
             type="rectangle" x="815" y="820" width="46" height="17"/>
    </entry>
    <entry id="29" name="path:ko04020" type="map"
        link="https://www.kegg.jp/dbget-bin/www_bget?ko04020">
        <graphics name="Calcium signaling pathway" fgcolor="#000000" bgcolor="#FFFFFF"
             type="roundrectangle" x="383" y="566" width="117" height="34"/>
    </entry>
    <entry id="30" name="ko:K01539 ko:K01540 ko:K01538" type="ortholog"
        link="https://www.kegg.jp/dbget-bin/www_bget?K01539+K01540+K01538">
        <graphics name="K01539..." fgcolor="#000000" bgcolor="#BFBFFF"
             type="rectangle" x="369" y="1072" width="46" height="17"/>
    </entry>
    <entry id="31" name="cpd:C00238" type="compound"
        link="https://www.kegg.jp/dbget-bin/www_bget?C00238">
        <graphics name="C00238" fgcolor="#000000" bgcolor="#FFFFFF"
             type="circle" x="229" y="881" width="8" height="8"/>
    </entry>
    <entry id="32" name="cpd:C01330" type="compound"
        link="https://www.kegg.jp/dbget-bin/www_bget?C01330">
        <graphics name="C01330" fgcolor="#000000" bgcolor="#FFFFFF"
             type="circle" x="375" y="1022" width="8" height="8"/>
    </entry>
    <entry id="33" name="ko:K05742" type="ortholog"
        link="https://www.kegg.jp/dbget-bin/www_bget?K05742">
        <graphics name="K05742" fgcolor="#000000" bgcolor="#BFBFFF"
             type="rectangle" x="283" y="944" width="46" height="17"/>
    </entry>
    <entry id="34" name="cpd:C00080" type="compound"
        link="https://www.kegg.jp/dbget-bin/www_bget?C00080">
        <graphics name="C00080" fgcolor="#000000" bgcolor="#FFFFFF"
             type="circle" x="355" y="948" width="8" height="8"/>
    </entry>
    <entry id="35" name="cpd:C01330" type="compound"
        link="https://www.kegg.jp/dbget-bin/www_bget?C01330">
        <graphics name="C01330" fgcolor="#000000" bgcolor="#FFFFFF"
             type="circle" x="224" y="939" width="8" height="8"/>
    </entry>
    <entry id="36" name="ko:K04142 ko:K04153 ko:K04129 ko:K04130 ko:K04145 ko:K04615 ko:K04265 ko:K04197 ko:K04204 ko:K04217 ko:K04218 ko:K04221 ko:K08401 ko:K08402 ko:K04328 ko:K10042 ko:K04260 ko:K04229 ko:K04284" type="ortholog"
        link="https://www.kegg.jp/dbget-bin/www_bget?K04142+K04153+K04129+K04130+K04145+K04615+K04265+K04197+K04204+K04217+K04218+K04221+K08401+K08402+K04328+K10042+K04260+K04229+K04284">
        <graphics name="K04142..." fgcolor="#000000" bgcolor="#BFBFFF"
             type="rectangle" x="283" y="410" width="46" height="17"/>
    </entry>
    <entry id="37" name="ko:K04630" type="ortholog"
        link="https://www.kegg.jp/dbget-bin/www_bget?K04630">
        <graphics name="K04630" fgcolor="#000000" bgcolor="#BFBFFF"
             type="rectangle" x="363" y="410" width="46" height="17"/>
    </entry>
    <entry id="38" name="ko:K04632" type="ortholog"
        link="https://www.kegg.jp/dbget-bin/www_bget?K04632">
        <graphics name="K04632" fgcolor="#000000" bgcolor="#BFBFFF"
             type="rectangle" x="361" y="258" width="46" height="17"/>
    </entry>
    <entry id="39" name="ko:K08041 ko:K08042 ko:K08043 ko:K08044 ko:K08045 ko:K08046 ko:K08047 ko:K08048 ko:K08049" type="ortholog"
        link="https://www.kegg.jp/dbget-bin/www_bget?K08041+K08042+K08043+K08044+K08045+K08046+K08047+K08048+K08049">
        <graphics name="K08041..." fgcolor="#000000" bgcolor="#BFBFFF"
             type="rectangle" x="283" y="343" width="46" height="17"/>
    </entry>
    <entry id="40" name="ko:K04345" type="ortholog"
        link="https://www.kegg.jp/dbget-bin/www_bget?K04345">
        <graphics name="K04345" fgcolor="#000000" bgcolor="#BFBFFF"
             type="rectangle" x="623" y="510" width="46" height="17"/>
    </entry>
    <entry id="41" name="ko:K00922 ko:K02649" type="ortholog"
        link="https://www.kegg.jp/dbget-bin/www_bget?K00922+K02649">
        <graphics name="K00922..." fgcolor="#000000" bgcolor="#BFBFFF"
             type="rectangle" x="925" y="320" width="46" height="17"/>
    </entry>
    <entry id="42" name="ko:K04456" type="ortholog"
        link="https://www.kegg.jp/dbget-bin/www_bget?K04456">
        <graphics name="K04456" fgcolor="#000000" bgcolor="#BFBFFF"
             type="rectangle" x="1007" y="320" width="46" height="17"/>
    </entry>
    <entry id="43" name="cpd:C00575" type="compound"
        link="https://www.kegg.jp/dbget-bin/www_bget?C00575">
        <graphics name="C00575" fgcolor="#000000" bgcolor="#FFFFFF"
             type="circle" x="520" y="340" width="8" height="8"/>
    </entry>
    <entry id="46" name="ko:K04371" type="ortholog"
        link="https://www.kegg.jp/dbget-bin/www_bget?K04371">
        <graphics name="K04371" fgcolor="#000000" bgcolor="#BFBFFF"
             type="rectangle" x="1002" y="398" width="46" height="17"/>
    </entry>
    <entry id="49" name="ko:K05852" type="ortholog"
        link="https://www.kegg.jp/dbget-bin/www_bget?K05852">
        <graphics name="K05852" fgcolor="#000000" bgcolor="#BFBFFF"
             type="rectangle" x="882" y="908" width="46" height="17"/>
    </entry>
    <entry id="50" name="ko:K05031" type="ortholog"
        link="https://www.kegg.jp/dbget-bin/www_bget?K05031">
        <graphics name="K05031" fgcolor="#000000" bgcolor="#BFBFFF"
             type="rectangle" x="521" y="1072" width="46" height="17"/>
    </entry>
    <entry id="51" name="cpd:C00076" type="compound"
        link="https://www.kegg.jp/dbget-bin/www_bget?C00076">
        <graphics name="C00076" fgcolor="#000000" bgcolor="#FFFFFF"
             type="circle" x="696" y="964" width="8" height="8"/>
    </entry>
    <entry id="52" name="ko:K02183" type="ortholog"
        link="https://www.kegg.jp/dbget-bin/www_bget?K02183">
        <graphics name="K02183" fgcolor="#000000" bgcolor="#BFBFFF"
             type="rectangle" x="394" y="488" width="46" height="17"/>
    </entry>
    <entry id="53" name="path:ko04260" type="map"
        link="https://www.kegg.jp/dbget-bin/www_bget?ko04260">
        <graphics name="Cardiac muscle contraction" fgcolor="#000000" bgcolor="#FFFFFF"
             type="roundrectangle" x="1030" y="961" width="117" height="34"/>
    </entry>
    <entry id="54" name="ko:K08014 ko:K04351" type="ortholog"
        link="https://www.kegg.jp/dbget-bin/www_bget?K08014+K04351">
        <graphics name="K08014..." fgcolor="#000000" bgcolor="#BFBFFF"
             type="rectangle" x="619" y="398" width="46" height="17"/>
    </entry>
    <entry id="56" name="path:ko04151" type="map"
        link="https://www.kegg.jp/dbget-bin/www_bget?ko04151">
        <graphics name="PI3K-Akt signaling pathway" fgcolor="#000000" bgcolor="#FFFFFF"
             type="roundrectangle" x="1222" y="324" width="117" height="34"/>
    </entry>
    <entry id="57" name="cpd:C00165" type="compound"
        link="https://www.kegg.jp/dbget-bin/www_bget?C00165">
        <graphics name="C00165" fgcolor="#000000" bgcolor="#FFFFFF"
             type="circle" x="1002" y="109" width="8" height="8"/>
    </entry>
    <entry id="58" name="cpd:C01245" type="compound"
        link="https://www.kegg.jp/dbget-bin/www_bget?C01245">
        <graphics name="C01245" fgcolor="#000000" bgcolor="#FFFFFF"
             type="circle" x="1002" y="143" width="8" height="8"/>
    </entry>
    <entry id="60" name="cpd:C01330" type="compound"
        link="https://www.kegg.jp/dbget-bin/www_bget?C01330">
        <graphics name="C01330" fgcolor="#000000" bgcolor="#FFFFFF"
             type="circle" x="591" y="1113" width="8" height="8"/>
    </entry>
    <entry id="61" name="ko:K05850" type="ortholog"
        link="https://www.kegg.jp/dbget-bin/www_bget?K05850">
        <graphics name="K05850" fgcolor="#000000" bgcolor="#BFBFFF"
             type="rectangle" x="283" y="821" width="46" height="17"/>
    </entry>
    <entry id="62" name="cpd:C00076" type="compound"
        link="https://www.kegg.jp/dbget-bin/www_bget?C00076">
        <graphics name="C00076" fgcolor="#000000" bgcolor="#FFFFFF"
             type="circle" x="363" y="822" width="8" height="8"/>
    </entry>
    <entry id="63" name="cpd:C00238" type="compound"
        link="https://www.kegg.jp/dbget-bin/www_bget?C00238">
        <graphics name="C00238" fgcolor="#000000" bgcolor="#FFFFFF"
             type="circle" x="364" y="1120" width="8" height="8"/>
    </entry>
    <entry id="68" name="ko:K04353 ko:K07836" type="ortholog"
        link="https://www.kegg.jp/dbget-bin/www_bget?K04353+K07836">
        <graphics name="K04353..." fgcolor="#000000" bgcolor="#BFBFFF"
             type="rectangle" x="715" y="398" width="46" height="17"/>
    </entry>
    <entry id="69" name="ko:K04366" type="ortholog"
        link="https://www.kegg.jp/dbget-bin/www_bget?K04366">
        <graphics name="K04366" fgcolor="#000000" bgcolor="#BFBFFF"
             type="rectangle" x="808" y="398" width="46" height="17"/>
    </entry>
    <entry id="70" name="ko:K04368 ko:K04369" type="ortholog"
        link="https://www.kegg.jp/dbget-bin/www_bget?K04368+K04369">
        <graphics name="K04368..." fgcolor="#000000" bgcolor="#BFBFFF"
             type="rectangle" x="900" y="398" width="46" height="17"/>
    </entry>
    <entry id="75" name="ko:K12490" type="ortholog"
        link="https://www.kegg.jp/dbget-bin/www_bget?K12490">
        <graphics name="K12490" fgcolor="#000000" bgcolor="#BFBFFF"
             type="rectangle" x="925" y="237" width="46" height="17"/>
    </entry>
    <entry id="76" name="ko:K04365" type="ortholog"
        link="https://www.kegg.jp/dbget-bin/www_bget?K04365">
        <graphics name="K04365" fgcolor="#000000" bgcolor="#BFBFFF"
             type="rectangle" x="807" y="359" width="46" height="17"/>
    </entry>
    <entry id="77" name="ko:K05860" type="ortholog"
        link="https://www.kegg.jp/dbget-bin/www_bget?K05860">
        <graphics name="K05860" fgcolor="#000000" bgcolor="#BFBFFF"
             type="rectangle" x="929" y="117" width="46" height="17"/>
    </entry>
    <entry id="78" name="ko:K04440" type="ortholog"
        link="https://www.kegg.jp/dbget-bin/www_bget?K04440">
        <graphics name="K04440" fgcolor="#000000" bgcolor="#BFBFFF"
             type="rectangle" x="719" y="307" width="46" height="17"/>
    </entry>
    <entry id="85" name="ko:K05870 ko:K09048 ko:K09047" type="ortholog"
        link="https://www.kegg.jp/dbget-bin/www_bget?K05870+K09048+K09047">
        <graphics name="K05870..." fgcolor="#000000" bgcolor="#BFBFFF"
             type="rectangle" x="1002" y="471" width="46" height="17"/>
    </entry>
    <entry id="88" name="ko:K04948 ko:K04949 ko:K04950 ko:K04951 ko:K04952 ko:K04953" type="ortholog"
        link="https://www.kegg.jp/dbget-bin/www_bget?K04948+K04949+K04950+K04951+K04952+K04953">
        <graphics name="K04948..." fgcolor="#000000" bgcolor="#BFBFFF"
             type="rectangle" x="283" y="488" width="46" height="17"/>
    </entry>
    <entry id="90" name="ko:K04513" type="ortholog"
        link="https://www.kegg.jp/dbget-bin/www_bget?K04513">
        <graphics name="K04513" fgcolor="#000000" bgcolor="#BFBFFF"
             type="rectangle" x="815" y="782" width="46" height="17"/>
    </entry>
    <entry id="93" name="ko:K04514 ko:K17388" type="ortholog"
        link="https://www.kegg.jp/dbget-bin/www_bget?K04514+K17388">
        <graphics name="K04514..." fgcolor="#000000" bgcolor="#BFBFFF"
             type="rectangle" x="891" y="782" width="46" height="17"/>
    </entry>
    <entry id="94" name="ko:K06270" type="ortholog"
        link="https://www.kegg.jp/dbget-bin/www_bget?K06270">
        <graphics name="K06270" fgcolor="#000000" bgcolor="#BFBFFF"
             type="rectangle" x="967" y="782" width="46" height="17"/>
    </entry>
    <entry id="96" name="cpd:C00076" type="compound"
        link="https://www.kegg.jp/dbget-bin/www_bget?C00076">
        <graphics name="C00076" fgcolor="#000000" bgcolor="#FFFFFF"
             type="circle" x="331" y="488" width="8" height="8"/>
    </entry>
    <entry id="98" name="ko:K04515 ko:K05869" type="ortholog"
        link="https://www.kegg.jp/dbget-bin/www_bget?K04515+K05869">
        <graphics name="K04515..." fgcolor="#000000" bgcolor="#BFBFFF"
             type="rectangle" x="440" y="488" width="46" height="17"/>
    </entry>
    <entry id="103" name="ko:K04141 ko:K04142 ko:K04144 ko:K05840 ko:K04266 ko:K04160 ko:K04162 ko:K04259 ko:K04587 ko:K04590 ko:K04578 ko:K04579 ko:K04248 ko:K04249 ko:K04200 ko:K04581 ko:K08424 ko:K04247 ko:K04580 ko:K12323" type="ortholog"
        link="https://www.kegg.jp/dbget-bin/www_bget?K04141+K04142+K04144+K05840+K04266+K04160+K04162+K04259+K04587+K04590+K04578+K04579+K04248+K04249+K04200+K04581+K08424+K04247+K04580+K12323">
        <graphics name="K04141..." fgcolor="#000000" bgcolor="#BFBFFF"
             type="rectangle" x="283" y="258" width="46" height="17"/>
    </entry>
    <entry id="105" name="cpd:C03758" type="compound"
        link="https://www.kegg.jp/dbget-bin/www_bget?C03758">
        <graphics name="C03758" fgcolor="#000000" bgcolor="#FFFFFF"
             type="circle" x="68" y="322" width="8" height="8"/>
    </entry>
    <entry id="106" name="cpd:C01312" type="compound"
        link="https://www.kegg.jp/dbget-bin/www_bget?C01312">
        <graphics name="C01312" fgcolor="#000000" bgcolor="#FFFFFF"
             type="circle" x="140" y="142" width="8" height="8"/>
    </entry>
    <entry id="107" name="cpd:C00780" type="compound"
        link="https://www.kegg.jp/dbget-bin/www_bget?C00780">
        <graphics name="C00780" fgcolor="#000000" bgcolor="#FFFFFF"
             type="circle" x="203" y="291" width="8" height="8"/>
    </entry>
    <entry id="108" name="cpd:C01996" type="compound"
        link="https://www.kegg.jp/dbget-bin/www_bget?C01996">
        <graphics name="C01996" fgcolor="#000000" bgcolor="#FFFFFF"
             type="circle" x="176" y="371" width="8" height="8"/>
    </entry>
    <entry id="109" name="cpd:C00334" type="compound"
        link="https://www.kegg.jp/dbget-bin/www_bget?C00334">
        <graphics name="C00334" fgcolor="#000000" bgcolor="#FFFFFF"
             type="circle" x="77" y="399" width="8" height="8"/>
    </entry>
    <entry id="110" name="cpd:C00788" type="compound"
        link="https://www.kegg.jp/dbget-bin/www_bget?C00788">
        <graphics name="C00788" fgcolor="#000000" bgcolor="#FFFFFF"
             type="circle" x="67" y="291" width="8" height="8"/>
    </entry>
    <entry id="112" name="cpd:C00212" type="compound"
        link="https://www.kegg.jp/dbget-bin/www_bget?C00212">
        <graphics name="C00212" fgcolor="#000000" bgcolor="#FFFFFF"
             type="circle" x="139" y="322" width="8" height="8"/>
    </entry>
    <entry id="113" name="ko:K05702" type="ortholog"
        link="https://www.kegg.jp/dbget-bin/www_bget?K05702">
        <graphics name="K05702" fgcolor="#000000" bgcolor="#BFBFFF"
             type="rectangle" x="925" y="279" width="46" height="17"/>
    </entry>
    <entry id="116" name="ko:K19021 ko:K13296 ko:K13293 ko:K18438" type="ortholog"
        link="https://www.kegg.jp/dbget-bin/www_bget?K19021+K13296+K13293+K18438">
        <graphics name="K19021..." fgcolor="#000000" bgcolor="#BFBFFF"
             type="rectangle" x="547" y="453" width="46" height="17"/>
    </entry>
    <entry id="119" name="cpd:C00020" type="compound"
        link="https://www.kegg.jp/dbget-bin/www_bget?C00020">
        <graphics name="C00020" fgcolor="#000000" bgcolor="#FFFFFF"
             type="circle" x="521" y="537" width="8" height="8"/>
    </entry>
    <entry id="121" name="ko:K02158" type="ortholog"
        link="https://www.kegg.jp/dbget-bin/www_bget?K02158">
        <graphics name="K02158" fgcolor="#000000" bgcolor="#BFBFFF"
             type="rectangle" x="815" y="707" width="46" height="17"/>
    </entry>
    <entry id="123" name="ko:K06230" type="ortholog"
        link="https://www.kegg.jp/dbget-bin/www_bget?K06230">
        <graphics name="K06230" fgcolor="#000000" bgcolor="#BFBFFF"
             type="rectangle" x="999" y="530" width="46" height="17"/>
    </entry>
    <entry id="124" name="ko:K02580 ko:K04735" type="ortholog"
        link="https://www.kegg.jp/dbget-bin/www_bget?K02580+K04735">
        <graphics name="K02580..." fgcolor="#000000" bgcolor="#BFBFFF"
             type="rectangle" x="999" y="577" width="46" height="17"/>
    </entry>
    <entry id="125" name="ko:K07294" type="ortholog"
        link="https://www.kegg.jp/dbget-bin/www_bget?K07294">
        <graphics name="K07294" fgcolor="#000000" bgcolor="#BFBFFF"
             type="rectangle" x="999" y="636" width="46" height="17"/>
    </entry>
    <entry id="126" name="ko:K04446" type="ortholog"
        link="https://www.kegg.jp/dbget-bin/www_bget?K04446">
        <graphics name="K04446" fgcolor="#000000" bgcolor="#BFBFFF"
             type="rectangle" x="999" y="677" width="46" height="17"/>
    </entry>
    <entry id="127" name="ko:K04498" type="ortholog"
        link="https://www.kegg.jp/dbget-bin/www_bget?K04498">
        <graphics name="K04498" fgcolor="#000000" bgcolor="#BFBFFF"
             type="rectangle" x="979" y="488" width="46" height="17"/>
    </entry>
    <entry id="128" name="ko:K18435" type="ortholog"
        link="https://www.kegg.jp/dbget-bin/www_bget?K18435">
        <graphics name="K18435" fgcolor="#000000" bgcolor="#BFBFFF"
             type="rectangle" x="999" y="604" width="46" height="17"/>
    </entry>
    <entry id="141" name="ko:K05673" type="ortholog"
        link="https://www.kegg.jp/dbget-bin/www_bget?K05673">
        <graphics name="K05673" fgcolor="#000000" bgcolor="#BFBFFF"
             type="rectangle" x="283" y="127" width="46" height="17"/>
    </entry>
    <entry id="142" name="path:ko04015" type="map"
        link="https://www.kegg.jp/dbget-bin/www_bget?ko04015">
        <graphics name="Rap1 signaling pathway" fgcolor="#000000" bgcolor="#FFFFFF"
             type="roundrectangle" x="913" y="357" width="117" height="34"/>
    </entry>
    <entry id="144" name="ko:K11265" type="ortholog"
        link="https://www.kegg.jp/dbget-bin/www_bget?K11265">
        <graphics name="K11265" fgcolor="#000000" bgcolor="#BFBFFF"
             type="rectangle" x="435" y="207" width="46" height="17"/>
    </entry>
    <entry id="146" name="cpd:C00288" type="compound"
        link="https://www.kegg.jp/dbget-bin/www_bget?C00288">
        <graphics name="C00288" fgcolor="#000000" bgcolor="#FFFFFF"
             type="circle" x="367" y="175" width="8" height="8"/>
    </entry>
    <entry id="147" name="cpd:C00076" type="compound"
        link="https://www.kegg.jp/dbget-bin/www_bget?C00076">
        <graphics name="C00076" fgcolor="#000000" bgcolor="#FFFFFF"
             type="circle" x="367" y="206" width="8" height="8"/>
    </entry>
    <entry id="151" name="ko:K07829 ko:K07830" type="ortholog"
        link="https://www.kegg.jp/dbget-bin/www_bget?K07829+K07830">
        <graphics name="K07829..." fgcolor="#000000" bgcolor="#BFBFFF"
             type="rectangle" x="830" y="82" width="46" height="17"/>
    </entry>
    <entry id="153" name="ko:K01115" type="ortholog"
        link="https://www.kegg.jp/dbget-bin/www_bget?K01115">
        <graphics name="K01115" fgcolor="#000000" bgcolor="#BFBFFF"
             type="rectangle" x="929" y="82" width="46" height="17"/>
    </entry>
    <entry id="156" name="cpd:C00416" type="compound"
        link="https://www.kegg.jp/dbget-bin/www_bget?C00416">
        <graphics name="C00416" fgcolor="#000000" bgcolor="#FFFFFF"
             type="circle" x="1002" y="81" width="8" height="8"/>
    </entry>
    <entry id="162" name="ko:K04513" type="ortholog"
        link="https://www.kegg.jp/dbget-bin/www_bget?K04513">
        <graphics name="K04513" fgcolor="#000000" bgcolor="#BFBFFF"
             type="rectangle" x="1005" y="237" width="46" height="17"/>
    </entry>
    <entry id="169" name="ko:K07188" type="ortholog"
        link="https://www.kegg.jp/dbget-bin/www_bget?K07188">
        <graphics name="K07188" fgcolor="#000000" bgcolor="#BFBFFF"
             type="rectangle" x="815" y="744" width="46" height="17"/>
    </entry>
    <entry id="172" name="cpd:C00186" type="compound"
        link="https://www.kegg.jp/dbget-bin/www_bget?C00186">
        <graphics name="C00186" fgcolor="#000000" bgcolor="#FFFFFF"
             type="circle" x="133" y="399" width="8" height="8"/>
    </entry>
    <entry id="173" name="ko:K05232" type="ortholog"
        link="https://www.kegg.jp/dbget-bin/www_bget?K05232">
        <graphics name="K05232" fgcolor="#000000" bgcolor="#BFBFFF"
             type="rectangle" x="82" y="468" width="46" height="17"/>
    </entry>
    <entry id="174" name="ko:K05254" type="ortholog"
        link="https://www.kegg.jp/dbget-bin/www_bget?K05254">
        <graphics name="K05254" fgcolor="#000000" bgcolor="#BFBFFF"
             type="rectangle" x="136" y="468" width="46" height="17"/>
    </entry>
    <entry id="175" name="cpd:C00547" type="compound"
        link="https://www.kegg.jp/dbget-bin/www_bget?C00547">
        <graphics name="C00547" fgcolor="#000000" bgcolor="#FFFFFF"
             type="circle" x="139" y="291" width="8" height="8"/>
    </entry>
    <entry id="180" name="ko:K05197 ko:K05198 ko:K05199 ko:K05200" type="ortholog"
        link="https://www.kegg.jp/dbget-bin/www_bget?K05197+K05198+K05199+K05200">
        <graphics name="K05197..." fgcolor="#000000" bgcolor="#BFBFFF"
             type="rectangle" x="589" y="1072" width="46" height="17"/>
    </entry>
    <entry id="181" name="ko:K05208 ko:K05209 ko:K05210 ko:K05211 ko:K05212 ko:K05213 ko:K05214" type="ortholog"
        link="https://www.kegg.jp/dbget-bin/www_bget?K05208+K05209+K05210+K05211+K05212+K05213+K05214">
        <graphics name="K05208..." fgcolor="#000000" bgcolor="#BFBFFF"
             type="rectangle" x="705" y="1072" width="46" height="17"/>
    </entry>
    <entry id="182" name="ko:K16056" type="ortholog"
        link="https://www.kegg.jp/dbget-bin/www_bget?K16056">
        <graphics name="K16056" fgcolor="#000000" bgcolor="#BFBFFF"
             type="rectangle" x="283" y="884" width="46" height="17"/>
    </entry>
    <entry id="183" name="cpd:C00076" type="compound"
        link="https://www.kegg.jp/dbget-bin/www_bget?C00076">
        <graphics name="C00076" fgcolor="#000000" bgcolor="#FFFFFF"
             type="circle" x="705" y="1112" width="8" height="8"/>
    </entry>
    <entry id="184" name="ko:K13360" type="ortholog"
        link="https://www.kegg.jp/dbget-bin/www_bget?K13360">
        <graphics name="K13360" fgcolor="#000000" bgcolor="#BFBFFF"
             type="rectangle" x="408" y="1055" width="46" height="17"/>
    </entry>
    <entry id="185" name="cpd:C01330" type="compound"
        link="https://www.kegg.jp/dbget-bin/www_bget?C01330">
        <graphics name="C01330" fgcolor="#000000" bgcolor="#FFFFFF"
             type="circle" x="706" y="1132" width="8" height="8"/>
    </entry>
    <entry id="191" name="path:ko04720" type="map"
        link="https://www.kegg.jp/dbget-bin/www_bget?ko04720">
        <graphics name="Long-term potentiation" fgcolor="#000000" bgcolor="#FFFFFF"
             type="roundrectangle" x="632" y="1006" width="80" height="34"/>
    </entry>
    <entry id="195" name="path:ko04972" type="map"
        link="https://www.kegg.jp/dbget-bin/www_bget?ko04972">
        <graphics name="Pancreatic secretion" fgcolor="#000000" bgcolor="#FFFFFF"
             type="roundrectangle" x="513" y="951" width="80" height="34"/>
    </entry>
    <entry id="196" name="path:ko04976" type="map"
        link="https://www.kegg.jp/dbget-bin/www_bget?ko04976">
        <graphics name="Bile secretion" fgcolor="#000000" bgcolor="#FFFFFF"
             type="roundrectangle" x="495" y="993" width="80" height="34"/>
    </entry>
    <entry id="197" name="cpd:C00698" type="compound"
        link="https://www.kegg.jp/dbget-bin/www_bget?C00698">
        <graphics name="C00698" fgcolor="#000000" bgcolor="#FFFFFF"
             type="circle" x="521" y="1022" width="8" height="8"/>
    </entry>
    <entry id="199" name="ko:K04955 ko:K04957" type="ortholog"
        link="https://www.kegg.jp/dbget-bin/www_bget?K04955+K04957">
        <graphics name="K04955..." fgcolor="#000000" bgcolor="#BFBFFF"
             type="rectangle" x="283" y="721" width="46" height="17"/>
    </entry>
    <entry id="200" name="cpd:C01330" type="compound"
        link="https://www.kegg.jp/dbget-bin/www_bget?C01330">
        <graphics name="C01330" fgcolor="#000000" bgcolor="#FFFFFF"
             type="circle" x="228" y="714" width="8" height="8"/>
    </entry>
    <entry id="201" name="cpd:C00238" type="compound"
        link="https://www.kegg.jp/dbget-bin/www_bget?C00238">
        <graphics name="C00238" fgcolor="#000000" bgcolor="#FFFFFF"
             type="circle" x="229" y="732" width="8" height="8"/>
    </entry>
    <entry id="202" name="path:ko04740" type="map"
        link="https://www.kegg.jp/dbget-bin/www_bget?ko04740">
        <graphics name="Olfactory transduction" fgcolor="#000000" bgcolor="#FFFFFF"
             type="roundrectangle" x="384" y="526" width="80" height="34"/>
    </entry>
    <entry id="203" name="ko:K15494" type="ortholog"
        link="https://www.kegg.jp/dbget-bin/www_bget?K15494">
        <graphics name="K15494" fgcolor="#000000" bgcolor="#BFBFFF"
             type="rectangle" x="865" y="437" width="46" height="17"/>
    </entry>
    <entry id="204" name="ko:K06269" type="ortholog"
        link="https://www.kegg.jp/dbget-bin/www_bget?K06269">
        <graphics name="K06269" fgcolor="#000000" bgcolor="#BFBFFF"
             type="rectangle" x="942" y="438" width="46" height="17"/>
    </entry>
    <entry id="211" name="ko:K04734" type="ortholog"
        link="https://www.kegg.jp/dbget-bin/www_bget?K04734">
        <graphics name="K04734" fgcolor="#000000" bgcolor="#BFBFFF"
             type="rectangle" x="999" y="560" width="46" height="17"/>
    </entry>
    <entry id="214" name="ko:K04665" type="ortholog"
        link="https://www.kegg.jp/dbget-bin/www_bget?K04665">
        <graphics name="K04665" fgcolor="#000000" bgcolor="#BFBFFF"
             type="rectangle" x="1155" y="593" width="46" height="17"/>
    </entry>
    <entry id="219" name="ko:K04355" type="ortholog"
        link="https://www.kegg.jp/dbget-bin/www_bget?K04355">
        <graphics name="K04355" fgcolor="#000000" bgcolor="#BFBFFF"
             type="rectangle" x="1155" y="434" width="46" height="17"/>
    </entry>
    <entry id="220" name="ko:K04379" type="ortholog"
        link="https://www.kegg.jp/dbget-bin/www_bget?K04379">
        <graphics name="K04379" fgcolor="#000000" bgcolor="#BFBFFF"
             type="rectangle" x="1155" y="457" width="46" height="17"/>
    </entry>
    <entry id="221" name="ko:K04448" type="ortholog"
        link="https://www.kegg.jp/dbget-bin/www_bget?K04448">
        <graphics name="K04448" fgcolor="#000000" bgcolor="#BFBFFF"
             type="rectangle" x="1155" y="479" width="46" height="17"/>
    </entry>
    <entry id="225" name="ko:K16797" type="ortholog"
        link="https://www.kegg.jp/dbget-bin/www_bget?K16797">
        <graphics name="K16797" fgcolor="#000000" bgcolor="#BFBFFF"
             type="rectangle" x="1155" y="511" width="46" height="17"/>
    </entry>
    <entry id="226" name="ko:K06225" type="ortholog"
        link="https://www.kegg.jp/dbget-bin/www_bget?K06225">
        <graphics name="K06225" fgcolor="#000000" bgcolor="#BFBFFF"
             type="rectangle" x="1155" y="532" width="46" height="17"/>
    </entry>
    <entry id="227" name="ko:K06231" type="ortholog"
        link="https://www.kegg.jp/dbget-bin/www_bget?K06231">
        <graphics name="K06231" fgcolor="#000000" bgcolor="#BFBFFF"
             type="rectangle" x="1155" y="554" width="46" height="17"/>
    </entry>
    <entry id="230" name="ko:K03914" type="ortholog"
        link="https://www.kegg.jp/dbget-bin/www_bget?K03914">
        <graphics name="K03914" fgcolor="#000000" bgcolor="#BFBFFF"
             type="rectangle" x="1155" y="677" width="46" height="17"/>
    </entry>
    <entry id="234" name="ko:K00232" type="ortholog"
        link="https://www.kegg.jp/dbget-bin/www_bget?K00232">
        <graphics name="K00232" fgcolor="#000000" bgcolor="#BFBFFF"
             type="rectangle" x="1155" y="636" width="46" height="17"/>
    </entry>
    <entry id="237" name="path:ko00071" type="map"
        link="https://www.kegg.jp/dbget-bin/www_bget?ko00071">
        <graphics name="Fatty acid degradation" fgcolor="#000000" bgcolor="#FFFFFF"
             type="roundrectangle" x="1362" y="639" width="80" height="34"/>
    </entry>
    <entry id="240" name="ko:K12755" type="ortholog"
        link="https://www.kegg.jp/dbget-bin/www_bget?K12755">
        <graphics name="K12755" fgcolor="#000000" bgcolor="#BFBFFF"
             type="rectangle" x="1043" y="782" width="46" height="17"/>
    </entry>
    <entry id="241" name="path:ko04210" type="map"
        link="https://www.kegg.jp/dbget-bin/www_bget?ko04210">
        <graphics name="Apoptosis" fgcolor="#000000" bgcolor="#FFFFFF"
             type="roundrectangle" x="878" y="681" width="80" height="25"/>
    </entry>
    <entry id="245" name="ko:K05731" type="ortholog"
        link="https://www.kegg.jp/dbget-bin/www_bget?K05731">
        <graphics name="K05731" fgcolor="#000000" bgcolor="#BFBFFF"
             type="rectangle" x="859" y="169" width="46" height="17"/>
    </entry>
    <entry id="246" name="ko:K05730" type="ortholog"
        link="https://www.kegg.jp/dbget-bin/www_bget?K05730">
        <graphics name="K05730" fgcolor="#000000" bgcolor="#BFBFFF"
             type="rectangle" x="859" y="192" width="46" height="17"/>
    </entry>
    <entry id="247" name="ko:K04392 ko:K07860 ko:K07861" type="ortholog"
        link="https://www.kegg.jp/dbget-bin/www_bget?K04392+K07860+K07861">
        <graphics name="K04392..." fgcolor="#000000" bgcolor="#BFBFFF"
             type="rectangle" x="941" y="180" width="46" height="17"/>
    </entry>
    <entry id="248" name="ko:K04409" type="ortholog"
        link="https://www.kegg.jp/dbget-bin/www_bget?K04409">
        <graphics name="K04409" fgcolor="#000000" bgcolor="#BFBFFF"
             type="rectangle" x="1021" y="180" width="46" height="17"/>
    </entry>
    <entry id="254" name="path:ko04340" type="map"
        link="https://www.kegg.jp/dbget-bin/www_bget?ko04340">
        <graphics name="Hedgehog signaling pathway" fgcolor="#000000" bgcolor="#FFFFFF"
             type="roundrectangle" x="1276" y="554" width="117" height="34"/>
    </entry>
    <entry id="256" name="cpd:C20792" type="compound"
        link="https://www.kegg.jp/dbget-bin/www_bget?C20792">
        <graphics name="C20792" fgcolor="#000000" bgcolor="#FFFFFF"
             type="circle" x="192" y="142" width="8" height="8"/>
    </entry>
    <entry id="257" name="ko:K08522 ko:K05250" type="ortholog"
        link="https://www.kegg.jp/dbget-bin/www_bget?K08522+K05250">
        <graphics name="K08522..." fgcolor="#000000" bgcolor="#BFBFFF"
             type="rectangle" x="193" y="228" width="46" height="17"/>
    </entry>
    <entry id="258" name="cpd:C01089" type="compound"
        link="https://www.kegg.jp/dbget-bin/www_bget?C01089">
        <graphics name="C01089" fgcolor="#000000" bgcolor="#FFFFFF"
             type="circle" x="177" y="399" width="8" height="8"/>
    </entry>
    <entry id="259" name="cpd:C20793" type="compound"
        link="https://www.kegg.jp/dbget-bin/www_bget?C20793">
        <graphics name="C20793" fgcolor="#000000" bgcolor="#FFFFFF"
             type="circle" x="76" y="430" width="8" height="8"/>
    </entry>
    <entry id="260" name="cpd:C00042" type="compound"
        link="https://www.kegg.jp/dbget-bin/www_bget?C00042">
        <graphics name="C00042" fgcolor="#000000" bgcolor="#FFFFFF"
             type="circle" x="178" y="433" width="8" height="8"/>
    </entry>
    <entry id="261" name="cpd:C00584" type="compound"
        link="https://www.kegg.jp/dbget-bin/www_bget?C00584">
        <graphics name="C00584" fgcolor="#000000" bgcolor="#FFFFFF"
             type="circle" x="193" y="322" width="8" height="8"/>
    </entry>
    <entry id="270" name="ko:K05243" type="ortholog"
        link="https://www.kegg.jp/dbget-bin/www_bget?K05243">
        <graphics name="K05243" fgcolor="#000000" bgcolor="#BFBFFF"
             type="rectangle" x="189" y="468" width="46" height="17"/>
    </entry>
    <entry id="271" name="ko:K05228" type="ortholog"
        link="https://www.kegg.jp/dbget-bin/www_bget?K05228">
        <graphics name="K05228" fgcolor="#000000" bgcolor="#BFBFFF"
             type="rectangle" x="193" y="201" width="46" height="17"/>
    </entry>
    <entry id="272" name="ko:K05258" type="ortholog"
        link="https://www.kegg.jp/dbget-bin/www_bget?K05258">
        <graphics name="K05258" fgcolor="#000000" bgcolor="#BFBFFF"
             type="rectangle" x="140" y="228" width="46" height="17"/>
    </entry>
    <entry id="273" name="ko:K12334" type="ortholog"
        link="https://www.kegg.jp/dbget-bin/www_bget?K12334">
        <graphics name="K12334" fgcolor="#000000" bgcolor="#BFBFFF"
             type="rectangle" x="140" y="255" width="46" height="17"/>
    </entry>
    <entry id="274" name="ko:K16366 ko:K16367 ko:K05227" type="ortholog"
        link="https://www.kegg.jp/dbget-bin/www_bget?K16366+K16367+K05227">
        <graphics name="K16366..." fgcolor="#000000" bgcolor="#BFBFFF"
             type="rectangle" x="82" y="374" width="46" height="17"/>
    </entry>
    <entry id="275" name="ko:K05237" type="ortholog"
        link="https://www.kegg.jp/dbget-bin/www_bget?K05237">
        <graphics name="K05237" fgcolor="#000000" bgcolor="#BFBFFF"
             type="rectangle" x="136" y="374" width="46" height="17"/>
    </entry>
    <entry id="276" name="ko:K05259" type="ortholog"
        link="https://www.kegg.jp/dbget-bin/www_bget?K05259">
        <graphics name="K05259" fgcolor="#000000" bgcolor="#BFBFFF"
             type="rectangle" x="86" y="228" width="46" height="17"/>
    </entry>
    <entry id="277" name="ko:K05262" type="ortholog"
        link="https://www.kegg.jp/dbget-bin/www_bget?K05262">
        <graphics name="K05262" fgcolor="#000000" bgcolor="#BFBFFF"
             type="rectangle" x="193" y="255" width="46" height="17"/>
    </entry>
    <entry id="278" name="ko:K05264" type="ortholog"
        link="https://www.kegg.jp/dbget-bin/www_bget?K05264">
        <graphics name="K05264" fgcolor="#000000" bgcolor="#BFBFFF"
             type="rectangle" x="86" y="174" width="46" height="17"/>
    </entry>
    <entry id="279" name="ko:K08522 ko:K05251" type="ortholog"
        link="https://www.kegg.jp/dbget-bin/www_bget?K08522+K05251">
        <graphics name="K08522..." fgcolor="#000000" bgcolor="#BFBFFF"
             type="rectangle" x="140" y="201" width="46" height="17"/>
    </entry>
    <entry id="280" name="ko:K08522 ko:K08521" type="ortholog"
        link="https://www.kegg.jp/dbget-bin/www_bget?K08522+K08521">
        <graphics name="K08522..." fgcolor="#000000" bgcolor="#BFBFFF"
             type="rectangle" x="193" y="174" width="46" height="17"/>
    </entry>
    <entry id="281" name="ko:K05256" type="ortholog"
        link="https://www.kegg.jp/dbget-bin/www_bget?K05256">
        <graphics name="K05256" fgcolor="#000000" bgcolor="#BFBFFF"
             type="rectangle" x="140" y="174" width="46" height="17"/>
    </entry>
    <entry id="282" name="ko:K25483 ko:K25484" type="ortholog"
        link="https://www.kegg.jp/dbget-bin/www_bget?K25483+K25484">
        <graphics name="K25483..." fgcolor="#000000" bgcolor="#BFBFFF"
             type="rectangle" x="86" y="201" width="46" height="17"/>
    </entry>
    <entry id="284" name="ko:K21108 ko:K26206 ko:K26207" type="ortholog"
        link="https://www.kegg.jp/dbget-bin/www_bget?K21108+K26206+K26207">
        <graphics name="K21108..." fgcolor="#000000" bgcolor="#BFBFFF"
             type="rectangle" x="283" y="641" width="46" height="17"/>
    </entry>
    <entry id="286" name="ko:K04913" type="ortholog"
        link="https://www.kegg.jp/dbget-bin/www_bget?K04913">
        <graphics name="K04913" fgcolor="#000000" bgcolor="#BFBFFF"
             type="rectangle" x="283" y="673" width="46" height="17"/>
    </entry>
    <entry id="288" name="cpd:C00238" type="compound"
        link="https://www.kegg.jp/dbget-bin/www_bget?C00238">
        <graphics name="C00238" fgcolor="#000000" bgcolor="#FFFFFF"
             type="circle" x="325" y="673" width="8" height="8"/>
    </entry>
    <entry id="289" name="undefined" type="group">
        <graphics fgcolor="#000000" bgcolor="#FFFFFF"
             type="rectangle" x="990" y="479" width="69" height="34"/>
        <component id="127"/>
        <component id="85"/>
    </entry>
    <entry id="290" name="undefined" type="group">
        <graphics fgcolor="#000000" bgcolor="#FFFFFF"
             type="rectangle" x="999" y="568" width="46" height="34"/>
        <component id="124"/>
        <component id="211"/>
    </entry>
    <relation entry1="106" entry2="103" type="PCrel">
        <subtype name="activation" value="--&gt;"/>
    </relation>
    <relation entry1="256" entry2="103" type="PCrel">
        <subtype name="activation" value="--&gt;"/>
    </relation>
    <relation entry1="257" entry2="103" type="PPrel">
        <subtype name="activation" value="--&gt;"/>
    </relation>
    <relation entry1="110" entry2="103" type="PCrel">
        <subtype name="activation" value="--&gt;"/>
    </relation>
    <relation entry1="175" entry2="103" type="PCrel">
        <subtype name="activation" value="--&gt;"/>
    </relation>
    <relation entry1="107" entry2="103" type="PCrel">
        <subtype name="activation" value="--&gt;"/>
    </relation>
    <relation entry1="105" entry2="103" type="PCrel">
        <subtype name="activation" value="--&gt;"/>
    </relation>
    <relation entry1="112" entry2="103" type="PCrel">
        <subtype name="activation" value="--&gt;"/>
    </relation>
    <relation entry1="261" entry2="103" type="PCrel">
        <subtype name="activation" value="--&gt;"/>
    </relation>
    <relation entry1="110" entry2="36" type="PCrel">
        <subtype name="activation" value="--&gt;"/>
    </relation>
    <relation entry1="175" entry2="36" type="PCrel">
        <subtype name="activation" value="--&gt;"/>
    </relation>
    <relation entry1="107" entry2="36" type="PCrel">
        <subtype name="activation" value="--&gt;"/>
    </relation>
    <relation entry1="105" entry2="36" type="PCrel">
        <subtype name="activation" value="--&gt;"/>
    </relation>
    <relation entry1="112" entry2="36" type="PCrel">
        <subtype name="activation" value="--&gt;"/>
    </relation>
    <relation entry1="261" entry2="36" type="PCrel">
        <subtype name="activation" value="--&gt;"/>
    </relation>
    <relation entry1="108" entry2="36" type="PCrel">
        <subtype name="activation" value="--&gt;"/>
    </relation>
    <relation entry1="109" entry2="36" type="PCrel">
        <subtype name="activation" value="--&gt;"/>
    </relation>
    <relation entry1="172" entry2="36" type="PCrel">
        <subtype name="activation" value="--&gt;"/>
    </relation>
    <relation entry1="258" entry2="36" type="PCrel">
        <subtype name="activation" value="--&gt;"/>
    </relation>
    <relation entry1="259" entry2="36" type="PCrel">
        <subtype name="activation" value="--&gt;"/>
    </relation>
    <relation entry1="260" entry2="36" type="PCrel">
        <subtype name="activation" value="--&gt;"/>
    </relation>
    <relation entry1="173" entry2="36" type="PPrel">
        <subtype name="activation" value="--&gt;"/>
    </relation>
    <relation entry1="174" entry2="36" type="PPrel">
        <subtype name="activation" value="--&gt;"/>
    </relation>
    <relation entry1="103" entry2="38" type="PPrel">
        <subtype name="activation" value="--&gt;"/>
    </relation>
    <relation entry1="38" entry2="39" type="PPrel">
        <subtype name="activation" value="--&gt;"/>
    </relation>
    <relation entry1="39" entry2="43" type="PCrel">
        <subtype name="activation" value="--&gt;"/>
    </relation>
    <relation entry1="146" entry2="144" type="PCrel">
        <subtype name="activation" value="--&gt;"/>
    </relation>
    <relation entry1="147" entry2="144" type="PCrel">
        <subtype name="activation" value="--&gt;"/>
    </relation>
    <relation entry1="144" entry2="43" type="PCrel">
        <subtype name="activation" value="--&gt;"/>
    </relation>
    <relation entry1="36" entry2="37" type="PPrel">
        <subtype name="activation" value="--&gt;"/>
    </relation>
    <relation entry1="43" entry2="199" type="PCrel">
        <subtype name="activation" value="--&gt;"/>
    </relation>
    <relation entry1="43" entry2="88" type="PCrel">
        <subtype name="activation" value="--&gt;"/>
    </relation>
    <relation entry1="43" entry2="54" type="PCrel">
        <subtype name="activation" value="--&gt;"/>
    </relation>
    <relation entry1="54" entry2="151" type="PPrel">
        <subtype name="activation" value="--&gt;"/>
    </relation>
    <relation entry1="151" entry2="153" type="PPrel">
        <subtype name="activation" value="--&gt;"/>
    </relation>
    <relation entry1="151" entry2="77" type="PPrel">
        <subtype name="activation" value="--&gt;"/>
    </relation>
    <relation entry1="54" entry2="78" type="PPrel">
        <subtype name="activation" value="--&gt;"/>
    </relation>
    <relation entry1="54" entry2="68" type="PPrel">
        <subtype name="activation" value="--&gt;"/>
    </relation>
    <relation entry1="68" entry2="77" type="PPrel">
        <subtype name="activation" value="--&gt;"/>
    </relation>
    <relation entry1="68" entry2="245" type="PPrel">
        <subtype name="activation" value="--&gt;"/>
    </relation>
    <relation entry1="68" entry2="246" type="PPrel">
        <subtype name="activation" value="--&gt;"/>
    </relation>
    <relation entry1="245" entry2="247" type="PPrel">
        <subtype name="activation" value="--&gt;"/>
    </relation>
    <relation entry1="246" entry2="247" type="PPrel">
        <subtype name="activation" value="--&gt;"/>
    </relation>
    <relation entry1="247" entry2="248" type="PPrel">
        <subtype name="activation" value="--&gt;"/>
    </relation>
    <relation entry1="68" entry2="75" type="PPrel">
        <subtype name="activation" value="--&gt;"/>
    </relation>
    <relation entry1="68" entry2="113" type="PPrel">
        <subtype name="activation" value="--&gt;"/>
    </relation>
    <relation entry1="68" entry2="41" type="PPrel">
        <subtype name="activation" value="--&gt;"/>
    </relation>
    <relation entry1="68" entry2="76" type="PPrel">
        <subtype name="activation" value="--&gt;"/>
    </relation>
    <relation entry1="68" entry2="69" type="PPrel">
        <subtype name="activation" value="--&gt;"/>
    </relation>
    <relation entry1="40" entry2="128" type="PPrel">
        <subtype name="activation" value="--&gt;"/>
    </relation>
    <relation entry1="90" entry2="93" type="PPrel">
        <subtype name="activation" value="--&gt;"/>
    </relation>
    <relation entry1="40" entry2="182" type="PPrel">
        <subtype name="activation" value="--&gt;"/>
    </relation>
    <relation entry1="96" entry2="52" type="PCrel">
        <subtype name="activation" value="--&gt;"/>
    </relation>
    <relation entry1="52" entry2="39" type="PPrel">
        <subtype name="activation" value="--&gt;"/>
    </relation>
    <relation entry1="37" entry2="39" type="PPrel">
        <subtype name="inhibition" value="--|"/>
    </relation>
    <relation entry1="98" entry2="39" type="PPrel">
        <subtype name="inhibition" value="--|"/>
    </relation>
    <relation entry1="203" entry2="204" type="PPrel">
        <subtype name="inhibition" value="--|"/>
    </relation>
    <relation entry1="204" entry2="85" type="PPrel">
        <subtype name="inhibition" value="--|"/>
    </relation>
    <relation entry1="40" entry2="121" type="PPrel">
        <subtype name="inhibition" value="--|"/>
        <subtype name="phosphorylation" value="+p"/>
    </relation>
    <relation entry1="40" entry2="90" type="PPrel">
        <subtype name="inhibition" value="--|"/>
        <subtype name="phosphorylation" value="+p"/>
    </relation>
    <relation entry1="93" entry2="94" type="PPrel">
        <subtype name="inhibition" value="--|"/>
        <subtype name="phosphorylation" value="+p"/>
    </relation>
    <relation entry1="153" entry2="156" type="PCrel">
        <subtype name="activation" value="--&gt;"/>
    </relation>
    <relation entry1="77" entry2="57" type="PCrel">
        <subtype name="activation" value="--&gt;"/>
    </relation>
    <relation entry1="77" entry2="58" type="PCrel">
        <subtype name="activation" value="--&gt;"/>
    </relation>
    <relation entry1="69" entry2="70" type="PPrel">
        <subtype name="activation" value="--&gt;"/>
        <subtype name="phosphorylation" value="+p"/>
    </relation>
    <relation entry1="70" entry2="46" type="PPrel">
        <subtype name="activation" value="--&gt;"/>
        <subtype name="phosphorylation" value="+p"/>
    </relation>
    <relation entry1="46" entry2="85" type="PPrel">
        <subtype name="activation" value="--&gt;"/>
        <subtype name="phosphorylation" value="+p"/>
    </relation>
    <relation entry1="40" entry2="203" type="PPrel">
        <subtype name="activation" value="--&gt;"/>
        <subtype name="phosphorylation" value="+p"/>
    </relation>
    <relation entry1="40" entry2="289" type="PPrel">
        <subtype name="activation" value="--&gt;"/>
        <subtype name="phosphorylation" value="+p"/>
    </relation>
    <relation entry1="40" entry2="290" type="PPrel">
        <subtype name="activation" value="--&gt;"/>
        <subtype name="phosphorylation" value="+p"/>
    </relation>
    <relation entry1="40" entry2="125" type="PPrel">
        <subtype name="activation" value="--&gt;"/>
        <subtype name="phosphorylation" value="+p"/>
    </relation>
    <relation entry1="40" entry2="126" type="PPrel">
        <subtype name="inhibition" value="--|"/>
        <subtype name="phosphorylation" value="+p"/>
    </relation>
    <relation entry1="94" entry2="240" type="PPrel">
        <subtype name="inhibition" value="--|"/>
        <subtype name="dephosphorylation" value="-p"/>
    </relation>
    <relation entry1="40" entry2="49" type="PPrel">
        <subtype name="activation" value="--&gt;"/>
        <subtype name="phosphorylation" value="+p"/>
    </relation>
    <relation entry1="40" entry2="24" type="PPrel">
        <subtype name="activation" value="--&gt;"/>
        <subtype name="phosphorylation" value="+p"/>
    </relation>
    <relation entry1="40" entry2="181" type="PPrel">
        <subtype name="activation" value="--&gt;"/>
        <subtype name="phosphorylation" value="+p"/>
    </relation>
    <relation entry1="40" entry2="180" type="PPrel">
        <subtype name="activation" value="--&gt;"/>
        <subtype name="phosphorylation" value="+p"/>
    </relation>
    <relation entry1="40" entry2="50" type="PPrel">
        <subtype name="activation" value="--&gt;"/>
        <subtype name="phosphorylation" value="+p"/>
    </relation>
    <relation entry1="40" entry2="184" type="PPrel">
        <subtype name="activation" value="--&gt;"/>
        <subtype name="phosphorylation" value="+p"/>
    </relation>
    <relation entry1="40" entry2="33" type="PPrel">
        <subtype name="activation" value="--&gt;"/>
        <subtype name="phosphorylation" value="+p"/>
    </relation>
    <relation entry1="40" entry2="61" type="PPrel">
        <subtype name="activation" value="--&gt;"/>
        <subtype name="phosphorylation" value="+p"/>
    </relation>
    <relation entry1="40" entry2="23" type="PPrel">
        <subtype name="activation" value="--&gt;"/>
        <subtype name="phosphorylation" value="+p"/>
    </relation>
    <relation entry1="184" entry2="30" type="PPrel">
        <subtype name="binding/association" value="---"/>
    </relation>
    <relation entry1="85" entry2="219" type="GErel">
        <subtype name="expression" value="--&gt;"/>
    </relation>
    <relation entry1="85" entry2="220" type="GErel">
        <subtype name="expression" value="--&gt;"/>
    </relation>
    <relation entry1="85" entry2="221" type="GErel">
        <subtype name="expression" value="--&gt;"/>
    </relation>
    <relation entry1="123" entry2="225" type="GErel">
        <subtype name="expression" value="--&gt;"/>
    </relation>
    <relation entry1="123" entry2="226" type="GErel">
        <subtype name="expression" value="--&gt;"/>
    </relation>
    <relation entry1="123" entry2="227" type="GErel">
        <subtype name="expression" value="--&gt;"/>
    </relation>
    <relation entry1="124" entry2="214" type="GErel">
        <subtype name="expression" value="--&gt;"/>
    </relation>
    <relation entry1="128" entry2="214" type="GErel">
        <subtype name="expression" value="--&gt;"/>
    </relation>
    <relation entry1="125" entry2="234" type="GErel">
        <subtype name="expression" value="--&gt;"/>
    </relation>
    <relation entry1="126" entry2="230" type="GErel">
        <subtype name="expression" value="--&gt;"/>
    </relation>
    <relation entry1="40" entry2="116" type="PPrel">
        <subtype name="activation" value="--&gt;"/>
        <subtype name="phosphorylation" value="+p"/>
    </relation>
    <relation entry1="75" entry2="162" type="PPrel">
        <subtype name="inhibition" value="--|"/>
    </relation>
    <relation entry1="41" entry2="42" type="PPrel">
        <subtype name="activation" value="--&gt;"/>
        <subtype name="indirect effect" value="..&gt;"/>
    </relation>
    <relation entry1="40" entry2="123" type="PPrel">
        <subtype name="inhibition" value="--|"/>
        <subtype name="phosphorylation" value="+p"/>
    </relation>
    <relation entry1="98" entry2="116" type="PPrel">
        <subtype name="inhibition" value="--|"/>
        <subtype name="phosphorylation" value="+p"/>
    </relation>
    <relation entry1="76" entry2="70" type="PPrel">
        <subtype name="activation" value="--&gt;"/>
        <subtype name="phosphorylation" value="+p"/>
    </relation>
    <relation entry1="43" entry2="40" type="PCrel">
        <subtype name="activation" value="--&gt;"/>
    </relation>
    <relation entry1="40" entry2="69" type="PPrel">
        <subtype name="inhibition" value="--|"/>
        <subtype name="phosphorylation" value="+p"/>
    </relation>
    <relation entry1="40" entry2="169" type="PPrel">
        <subtype name="activation" value="--&gt;"/>
        <subtype name="phosphorylation" value="+p"/>
    </relation>
    <relation entry1="40" entry2="28" type="PPrel">
        <subtype name="activation" value="--&gt;"/>
        <subtype name="phosphorylation" value="+p"/>
    </relation>
    <relation entry1="277" entry2="103" type="PPrel">
        <subtype name="activation" value="--&gt;"/>
    </relation>
    <relation entry1="278" entry2="103" type="PPrel">
        <subtype name="activation" value="--&gt;"/>
    </relation>
    <relation entry1="279" entry2="103" type="PPrel">
        <subtype name="activation" value="--&gt;"/>
    </relation>
    <relation entry1="271" entry2="103" type="PPrel">
        <subtype name="activation" value="--&gt;"/>
    </relation>
    <relation entry1="276" entry2="103" type="PPrel">
        <subtype name="activation" value="--&gt;"/>
    </relation>
    <relation entry1="272" entry2="103" type="PPrel">
        <subtype name="activation" value="--&gt;"/>
    </relation>
    <relation entry1="273" entry2="103" type="PPrel">
        <subtype name="activation" value="--&gt;"/>
    </relation>
    <relation entry1="274" entry2="36" type="PPrel">
        <subtype name="activation" value="--&gt;"/>
    </relation>
    <relation entry1="275" entry2="36" type="PPrel">
        <subtype name="activation" value="--&gt;"/>
    </relation>
    <relation entry1="270" entry2="36" type="PPrel">
        <subtype name="activation" value="--&gt;"/>
    </relation>
    <relation entry1="281" entry2="103" type="PPrel">
        <subtype name="activation" value="--&gt;"/>
    </relation>
    <relation entry1="280" entry2="103" type="PPrel">
        <subtype name="activation" value="--&gt;"/>
    </relation>
    <relation entry1="282" entry2="103" type="PPrel">
        <subtype name="activation" value="--&gt;"/>
    </relation>
    <relation entry1="43" entry2="284" type="PCrel">
        <subtype name="activation" value="--&gt;"/>
    </relation>
    <relation entry1="284" entry2="286" type="PPrel">
        <subtype name="binding/association" value="---"/>
    </relation>
</pathway>
