<?xml version="1.0"?>
<!DOCTYPE pathway SYSTEM "https://www.kegg.jp/kegg/xml/KGML_v0.7.2_.dtd">
<!-- Creation date: Feb 24, 2016 16:53:43 +0900 (GMT+9) -->
<pathway name="path:ko04940" org="ko" number="04940"
         title="Type I diabetes mellitus"
         image="https://www.kegg.jp/kegg/pathway/ko/ko04940.png"
         link="https://www.kegg.jp/kegg-bin/show_pathway?ko04940">
    <entry id="38" name="ko:K10784 ko:K10785" type="ortholog"
        link="https://www.kegg.jp/dbget-bin/www_bget?K10784+K10785">
        <graphics name="K10784..." fgcolor="#000000" bgcolor="#BFBFFF"
             type="rectangle" x="568" y="214" width="46" height="17"/>
    </entry>
    <entry id="39" name="ko:K10784 ko:K10785" type="ortholog"
        link="https://www.kegg.jp/dbget-bin/www_bget?K10784+K10785">
        <graphics name="K10784..." fgcolor="#000000" bgcolor="#BFBFFF"
             type="rectangle" x="317" y="402" width="46" height="17"/>
    </entry>
    <entry id="40" name="ko:K19863" type="ortholog"
        link="https://www.kegg.jp/dbget-bin/www_bget?K19863">
        <graphics name="K19863" fgcolor="#000000" bgcolor="#BFBFFF"
             type="rectangle" x="166" y="286" width="46" height="17"/>
    </entry>
    <entry id="41" name="cpd:C00704 cpd:C00027 cpd:C00533" type="compound"
        link="https://www.kegg.jp/dbget-bin/www_bget?C00704+C00027+C00533">
        <graphics name="C00704..." fgcolor="#000000" bgcolor="#FFFFFF"
             type="circle" x="264" y="577" width="8" height="8"/>
    </entry>
    <entry id="42" name="ko:K06470" type="ortholog"
        link="https://www.kegg.jp/dbget-bin/www_bget?K06470">
        <graphics name="K06470" fgcolor="#000000" bgcolor="#BFBFFF"
             type="rectangle" x="568" y="237" width="46" height="17"/>
    </entry>
    <entry id="43" name="path:ko04210" type="map"
        link="https://www.kegg.jp/dbget-bin/www_bget?ko04210">
        <graphics name="Apoptosis" fgcolor="#000000" bgcolor="#FFFFFF"
             type="roundrectangle" x="139" y="506" width="71" height="25"/>
    </entry>
    <entry id="44" name="ko:K05406 ko:K05425" type="ortholog"
        link="https://www.kegg.jp/dbget-bin/www_bget?K05406+K05425">
        <graphics name="K05406..." fgcolor="#000000" bgcolor="#BFBFFF"
             type="rectangle" x="514" y="278" width="46" height="17"/>
    </entry>
    <entry id="45" name="ko:K01294" type="ortholog"
        link="https://www.kegg.jp/dbget-bin/www_bget?K01294">
        <graphics name="K01294" fgcolor="#000000" bgcolor="#BFBFFF"
             type="rectangle" x="166" y="246" width="46" height="17"/>
    </entry>
    <entry id="46" name="ko:K05412 ko:K05413" type="ortholog"
        link="https://www.kegg.jp/dbget-bin/www_bget?K05412+K05413">
        <graphics name="K05412..." fgcolor="#000000" bgcolor="#BFBFFF"
             type="rectangle" x="460" y="237" width="46" height="17"/>
    </entry>
    <entry id="47" name="ko:K07817" type="ortholog"
        link="https://www.kegg.jp/dbget-bin/www_bget?K07817">
        <graphics name="K07817" fgcolor="#000000" bgcolor="#BFBFFF"
             type="rectangle" x="166" y="226" width="46" height="17"/>
    </entry>
    <entry id="48" name="ko:K01580" type="ortholog"
        link="https://www.kegg.jp/dbget-bin/www_bget?K01580">
        <graphics name="K01580" fgcolor="#000000" bgcolor="#BFBFFF"
             type="rectangle" x="166" y="205" width="46" height="17"/>
    </entry>
    <entry id="49" name="ko:K04077" type="ortholog"
        link="https://www.kegg.jp/dbget-bin/www_bget?K04077">
        <graphics name="K04077" fgcolor="#000000" bgcolor="#BFBFFF"
             type="rectangle" x="166" y="266" width="46" height="17"/>
    </entry>
    <entry id="50" name="ko:K05429" type="ortholog"
        link="https://www.kegg.jp/dbget-bin/www_bget?K05429">
        <graphics name="K05429" fgcolor="#000000" bgcolor="#BFBFFF"
             type="rectangle" x="542" y="357" width="46" height="17"/>
    </entry>
    <entry id="51" name="path:ko04660" type="map"
        link="https://www.kegg.jp/dbget-bin/www_bget?ko04660">
        <graphics name="T cell receptor signaling pathway" fgcolor="#000000" bgcolor="#FFFFFF"
             type="roundrectangle" x="645" y="225" width="99" height="34"/>
    </entry>
    <entry id="52" name="ko:K04526" type="ortholog"
        link="https://www.kegg.jp/dbget-bin/www_bget?K04526">
        <graphics name="K04526" fgcolor="#000000" bgcolor="#BFBFFF"
             type="rectangle" x="166" y="185" width="46" height="17"/>
    </entry>
    <entry id="53" name="ko:K04389" type="ortholog"
        link="https://www.kegg.jp/dbget-bin/www_bget?K04389">
        <graphics name="K04389" fgcolor="#000000" bgcolor="#BFBFFF"
             type="rectangle" x="317" y="425" width="46" height="17"/>
    </entry>
    <entry id="54" name="ko:K01353" type="ortholog"
        link="https://www.kegg.jp/dbget-bin/www_bget?K01353">
        <graphics name="K01353" fgcolor="#000000" bgcolor="#BFBFFF"
             type="rectangle" x="263" y="477" width="46" height="17"/>
    </entry>
    <entry id="55" name="ko:K06752" type="ortholog"
        link="https://www.kegg.jp/dbget-bin/www_bget?K06752">
        <graphics name="K06752" fgcolor="#000000" bgcolor="#BFBFFF"
             type="rectangle" x="460" y="214" width="46" height="17"/>
    </entry>
    <entry id="56" name="ko:K06751" type="ortholog"
        link="https://www.kegg.jp/dbget-bin/www_bget?K06751">
        <graphics name="K06751" fgcolor="#000000" bgcolor="#BFBFFF"
             type="rectangle" x="209" y="402" width="46" height="17"/>
    </entry>
    <entry id="57" name="ko:K04390" type="ortholog"
        link="https://www.kegg.jp/dbget-bin/www_bget?K04390">
        <graphics name="K04390" fgcolor="#000000" bgcolor="#BFBFFF"
             type="rectangle" x="209" y="425" width="46" height="17"/>
    </entry>
    <entry id="58" name="ko:K04687" type="ortholog"
        link="https://www.kegg.jp/dbget-bin/www_bget?K04687">
        <graphics name="K04687" fgcolor="#000000" bgcolor="#BFBFFF"
             type="rectangle" x="263" y="499" width="46" height="17"/>
    </entry>
    <entry id="59" name="ko:K04687" type="ortholog"
        link="https://www.kegg.jp/dbget-bin/www_bget?K04687">
        <graphics name="K04687" fgcolor="#000000" bgcolor="#BFBFFF"
             type="rectangle" x="599" y="357" width="46" height="17"/>
    </entry>
    <entry id="60" name="ko:K07818" type="ortholog"
        link="https://www.kegg.jp/dbget-bin/www_bget?K07818">
        <graphics name="K07818" fgcolor="#000000" bgcolor="#BFBFFF"
             type="rectangle" x="263" y="458" width="46" height="17"/>
    </entry>
    <entry id="61" name="ko:K04383 ko:K04519" type="ortholog"
        link="https://www.kegg.jp/dbget-bin/www_bget?K04383+K04519">
        <graphics name="K04383..." fgcolor="#000000" bgcolor="#BFBFFF"
             type="rectangle" x="263" y="559" width="46" height="17"/>
    </entry>
    <entry id="62" name="ko:K03156" type="ortholog"
        link="https://www.kegg.jp/dbget-bin/www_bget?K03156">
        <graphics name="K03156" fgcolor="#000000" bgcolor="#BFBFFF"
             type="rectangle" x="263" y="540" width="46" height="17"/>
    </entry>
    <entry id="63" name="ko:K05468" type="ortholog"
        link="https://www.kegg.jp/dbget-bin/www_bget?K05468">
        <graphics name="K05468" fgcolor="#000000" bgcolor="#BFBFFF"
             type="rectangle" x="263" y="518" width="46" height="17"/>
    </entry>
    <entry id="64" name="path:ko04940" type="map"
        link="https://www.kegg.jp/dbget-bin/www_bget?ko04940">
        <graphics name="TITLE:Type I diabetes mellitus" fgcolor="#000000" bgcolor="#FFFFFF"
             type="roundrectangle" x="149" y="58" width="218" height="25"/>
    </entry>
    <relation entry1="46" entry2="42" type="PPrel">
        <subtype name="activation" value="--&gt;"/>
    </relation>
    <relation entry1="53" entry2="57" type="PPrel">
        <subtype name="activation" value="--&gt;"/>
    </relation>
    <relation entry1="56" entry2="39" type="PPrel">
        <subtype name="activation" value="--&gt;"/>
    </relation>
    <relation entry1="55" entry2="38" type="PPrel">
        <subtype name="activation" value="--&gt;"/>
    </relation>
</pathway>
