<?xml version="1.0"?>
<!DOCTYPE pathway SYSTEM "https://www.kegg.jp/kegg/xml/KGML_v0.7.2_.dtd">
<!-- Creation date: Nov 30, 2022 08:26:09 +0900 (GMT+9) -->
<pathway name="path:ko04080" org="ko" number="04080"
         title="Neuroactive ligand-receptor interaction"
         image="https://www.kegg.jp/kegg/pathway/ko/ko04080.png"
         link="https://www.kegg.jp/kegg-bin/show_pathway?ko04080">
    <entry id="23" name="ko:K01312 ko:K01313 ko:K01315 ko:K01319 ko:K01352" type="ortholog"
        link="https://www.kegg.jp/dbget-bin/www_bget?K01312+K01313+K01315+K01319+K01352">
        <graphics name="K01312..." fgcolor="#000000" bgcolor="#BFBFFF"
             type="rectangle" x="528" y="273" width="46" height="17"/>
    </entry>
    <entry id="24" name="cpd:C02166 cpd:C05951 cpd:C05952" type="compound"
        link="https://www.kegg.jp/dbget-bin/www_bget?C02166+C05951+C05952">
        <graphics name="C02166..." fgcolor="#000000" bgcolor="#FFFFFF"
             type="circle" x="756" y="957" width="8" height="8"/>
    </entry>
    <entry id="25" name="ko:K04303" type="ortholog"
        link="https://www.kegg.jp/dbget-bin/www_bget?K04303">
        <graphics name="K04303" fgcolor="#000000" bgcolor="#BFBFFF"
             type="rectangle" x="820" y="792" width="46" height="17"/>
    </entry>
    <entry id="26" name="ko:K04320 ko:K05054" type="ortholog"
        link="https://www.kegg.jp/dbget-bin/www_bget?K04320+K05054">
        <graphics name="K04320..." fgcolor="#000000" bgcolor="#BFBFFF"
             type="rectangle" x="612" y="417" width="46" height="17"/>
    </entry>
    <entry id="27" name="ko:K05251 ko:K08522" type="ortholog"
        link="https://www.kegg.jp/dbget-bin/www_bget?K05251+K08522">
        <graphics name="K05251..." fgcolor="#000000" bgcolor="#BFBFFF"
             type="rectangle" x="528" y="556" width="46" height="17"/>
    </entry>
    <entry id="28" name="ko:K08521 ko:K08522" type="ortholog"
        link="https://www.kegg.jp/dbget-bin/www_bget?K08521+K08522">
        <graphics name="K08521..." fgcolor="#000000" bgcolor="#BFBFFF"
             type="rectangle" x="528" y="517" width="46" height="17"/>
    </entry>
    <entry id="29" name="ko:K05250 ko:K08522" type="ortholog"
        link="https://www.kegg.jp/dbget-bin/www_bget?K05250+K08522">
        <graphics name="K05250..." fgcolor="#000000" bgcolor="#BFBFFF"
             type="rectangle" x="528" y="467" width="46" height="17"/>
    </entry>
    <entry id="30" name="ko:K04224" type="ortholog"
        link="https://www.kegg.jp/dbget-bin/www_bget?K04224">
        <graphics name="K04224" fgcolor="#000000" bgcolor="#BFBFFF"
             type="rectangle" x="405" y="1031" width="46" height="17"/>
    </entry>
    <entry id="31" name="ko:K04223" type="ortholog"
        link="https://www.kegg.jp/dbget-bin/www_bget?K04223">
        <graphics name="K04223" fgcolor="#000000" bgcolor="#BFBFFF"
             type="rectangle" x="405" y="982" width="46" height="17"/>
    </entry>
    <entry id="32" name="ko:K08374" type="ortholog"
        link="https://www.kegg.jp/dbget-bin/www_bget?K08374">
        <graphics name="K08374" fgcolor="#000000" bgcolor="#BFBFFF"
             type="rectangle" x="405" y="216" width="46" height="17"/>
    </entry>
    <entry id="33" name="cpd:C04598" type="compound"
        link="https://www.kegg.jp/dbget-bin/www_bget?C04598">
        <graphics name="C04598" fgcolor="#000000" bgcolor="#FFFFFF"
             type="circle" x="756" y="243" width="8" height="8"/>
    </entry>
    <entry id="34" name="ko:K05439" type="ortholog"
        link="https://www.kegg.jp/dbget-bin/www_bget?K05439">
        <graphics name="K05439" fgcolor="#000000" bgcolor="#BFBFFF"
             type="rectangle" x="1148" y="976" width="46" height="17"/>
    </entry>
    <entry id="35" name="ko:K05081" type="ortholog"
        link="https://www.kegg.jp/dbget-bin/www_bget?K05081">
        <graphics name="K05081" fgcolor="#000000" bgcolor="#BFBFFF"
             type="rectangle" x="1232" y="976" width="46" height="17"/>
    </entry>
    <entry id="36" name="ko:K05062" type="ortholog"
        link="https://www.kegg.jp/dbget-bin/www_bget?K05062">
        <graphics name="K05062" fgcolor="#000000" bgcolor="#BFBFFF"
             type="rectangle" x="1232" y="925" width="46" height="17"/>
    </entry>
    <entry id="37" name="ko:K05547 ko:K08362" type="ortholog"
        link="https://www.kegg.jp/dbget-bin/www_bget?K05547+K08362">
        <graphics name="K05547..." fgcolor="#000000" bgcolor="#BFBFFF"
             type="rectangle" x="1232" y="874" width="46" height="17"/>
    </entry>
    <entry id="38" name="ko:K05424" type="ortholog"
        link="https://www.kegg.jp/dbget-bin/www_bget?K05424">
        <graphics name="K05424" fgcolor="#000000" bgcolor="#BFBFFF"
             type="rectangle" x="1148" y="925" width="46" height="17"/>
    </entry>
    <entry id="39" name="ko:K05438" type="ortholog"
        link="https://www.kegg.jp/dbget-bin/www_bget?K05438">
        <graphics name="K05438" fgcolor="#000000" bgcolor="#BFBFFF"
             type="rectangle" x="1148" y="823" width="46" height="17"/>
    </entry>
    <entry id="40" name="ko:K05080" type="ortholog"
        link="https://www.kegg.jp/dbget-bin/www_bget?K05080">
        <graphics name="K05080" fgcolor="#000000" bgcolor="#BFBFFF"
             type="rectangle" x="1232" y="823" width="46" height="17"/>
    </entry>
    <entry id="41" name="ko:K05771" type="ortholog"
        link="https://www.kegg.jp/dbget-bin/www_bget?K05771">
        <graphics name="K05771" fgcolor="#000000" bgcolor="#BFBFFF"
             type="rectangle" x="1232" y="772" width="46" height="17"/>
    </entry>
    <entry id="42" name="ko:K05770" type="ortholog"
        link="https://www.kegg.jp/dbget-bin/www_bget?K05770">
        <graphics name="K05770" fgcolor="#000000" bgcolor="#BFBFFF"
             type="rectangle" x="1232" y="721" width="46" height="17"/>
    </entry>
    <entry id="43" name="ko:K05222" type="ortholog"
        link="https://www.kegg.jp/dbget-bin/www_bget?K05222">
        <graphics name="K05222" fgcolor="#000000" bgcolor="#BFBFFF"
             type="rectangle" x="1233" y="631" width="46" height="17"/>
    </entry>
    <entry id="44" name="ko:K05193 ko:K05194 ko:K05195 ko:K05196" type="ortholog"
        link="https://www.kegg.jp/dbget-bin/www_bget?K05193+K05194+K05195+K05196">
        <graphics name="K05193..." fgcolor="#000000" bgcolor="#BFBFFF"
             type="rectangle" x="1233" y="517" width="46" height="17"/>
    </entry>
    <entry id="45" name="ko:K05197 ko:K05198 ko:K05199 ko:K05200 ko:K05201 ko:K05202 ko:K05203 ko:K05204 ko:K05205 ko:K05206 ko:K05207 ko:K05208 ko:K05209 ko:K05210 ko:K05211 ko:K05212 ko:K05213 ko:K05214" type="ortholog"
        link="https://www.kegg.jp/dbget-bin/www_bget?K05197+K05198+K05199+K05200+K05201+K05202+K05203+K05204+K05205+K05206+K05207+K05208+K05209+K05210+K05211+K05212+K05213+K05214">
        <graphics name="K05197..." fgcolor="#000000" bgcolor="#BFBFFF"
             type="rectangle" x="1232" y="404" width="46" height="17"/>
    </entry>
    <entry id="46" name="ko:K05215 ko:K05216 ko:K05217 ko:K05218 ko:K05219 ko:K05220 ko:K05221" type="ortholog"
        link="https://www.kegg.jp/dbget-bin/www_bget?K05215+K05216+K05217+K05218+K05219+K05220+K05221">
        <graphics name="K05215..." fgcolor="#000000" bgcolor="#BFBFFF"
             type="rectangle" x="1232" y="326" width="46" height="17"/>
    </entry>
    <entry id="47" name="ko:K05175 ko:K05181 ko:K05184 ko:K05185 ko:K05186 ko:K05189 ko:K05190 ko:K05192" type="ortholog"
        link="https://www.kegg.jp/dbget-bin/www_bget?K05175+K05181+K05184+K05185+K05186+K05189+K05190+K05192">
        <graphics name="K05175..." fgcolor="#000000" bgcolor="#BFBFFF"
             type="rectangle" x="1232" y="196" width="46" height="17"/>
    </entry>
    <entry id="48" name="ko:K05208 ko:K05209 ko:K05210 ko:K05211 ko:K05212 ko:K05213 ko:K05214" type="ortholog"
        link="https://www.kegg.jp/dbget-bin/www_bget?K05208+K05209+K05210+K05211+K05212+K05213+K05214">
        <graphics name="K05208..." fgcolor="#000000" bgcolor="#BFBFFF"
             type="rectangle" x="1232" y="151" width="46" height="17"/>
    </entry>
    <entry id="49" name="cpd:C02465 cpd:C01829" type="compound"
        link="https://www.kegg.jp/dbget-bin/www_bget?C02465+C01829">
        <graphics name="C02465..." fgcolor="#000000" bgcolor="#FFFFFF"
             type="circle" x="1167" y="874" width="8" height="8"/>
    </entry>
    <entry id="50" name="cpd:C00735" type="compound"
        link="https://www.kegg.jp/dbget-bin/www_bget?C00735">
        <graphics name="C00735" fgcolor="#000000" bgcolor="#FFFFFF"
             type="circle" x="1167" y="772" width="8" height="8"/>
    </entry>
    <entry id="51" name="cpd:C05113" type="compound"
        link="https://www.kegg.jp/dbget-bin/www_bget?C05113">
        <graphics name="C05113" fgcolor="#000000" bgcolor="#FFFFFF"
             type="circle" x="1167" y="721" width="8" height="8"/>
    </entry>
    <entry id="52" name="cpd:C16512" type="compound"
        link="https://www.kegg.jp/dbget-bin/www_bget?C16512">
        <graphics name="C16512" fgcolor="#000000" bgcolor="#FFFFFF"
             type="circle" x="1167" y="678" width="8" height="8"/>
    </entry>
    <entry id="53" name="cpd:C11695" type="compound"
        link="https://www.kegg.jp/dbget-bin/www_bget?C11695">
        <graphics name="C11695" fgcolor="#000000" bgcolor="#FFFFFF"
             type="circle" x="1167" y="647" width="8" height="8"/>
    </entry>
    <entry id="54" name="cpd:C12272" type="compound"
        link="https://www.kegg.jp/dbget-bin/www_bget?C12272">
        <graphics name="C12272" fgcolor="#000000" bgcolor="#FFFFFF"
             type="circle" x="1167" y="616" width="8" height="8"/>
    </entry>
    <entry id="55" name="cpd:C12271" type="compound"
        link="https://www.kegg.jp/dbget-bin/www_bget?C12271">
        <graphics name="C12271" fgcolor="#000000" bgcolor="#FFFFFF"
             type="circle" x="1167" y="586" width="8" height="8"/>
    </entry>
    <entry id="56" name="cpd:C00245" type="compound"
        link="https://www.kegg.jp/dbget-bin/www_bget?C00245">
        <graphics name="C00245" fgcolor="#000000" bgcolor="#FFFFFF"
             type="circle" x="1167" y="545" width="8" height="8"/>
    </entry>
    <entry id="57" name="cpd:C00099" type="compound"
        link="https://www.kegg.jp/dbget-bin/www_bget?C00099">
        <graphics name="C00099" fgcolor="#000000" bgcolor="#FFFFFF"
             type="circle" x="1167" y="517" width="8" height="8"/>
    </entry>
    <entry id="58" name="cpd:C00037" type="compound"
        link="https://www.kegg.jp/dbget-bin/www_bget?C00037">
        <graphics name="C00037" fgcolor="#000000" bgcolor="#FFFFFF"
             type="circle" x="1167" y="487" width="8" height="8"/>
    </entry>
    <entry id="59" name="cpd:C16511" type="compound"
        link="https://www.kegg.jp/dbget-bin/www_bget?C16511">
        <graphics name="C16511" fgcolor="#000000" bgcolor="#FFFFFF"
             type="circle" x="1167" y="448" width="8" height="8"/>
    </entry>
    <entry id="60" name="cpd:C00506" type="compound"
        link="https://www.kegg.jp/dbget-bin/www_bget?C00506">
        <graphics name="C00506" fgcolor="#000000" bgcolor="#FFFFFF"
             type="circle" x="1167" y="418" width="8" height="8"/>
    </entry>
    <entry id="61" name="cpd:C00049" type="compound"
        link="https://www.kegg.jp/dbget-bin/www_bget?C00049">
        <graphics name="C00049" fgcolor="#000000" bgcolor="#FFFFFF"
             type="circle" x="1167" y="391" width="8" height="8"/>
    </entry>
    <entry id="62" name="cpd:C00025" type="compound"
        link="https://www.kegg.jp/dbget-bin/www_bget?C00025">
        <graphics name="C00025" fgcolor="#000000" bgcolor="#FFFFFF"
             type="circle" x="1167" y="361" width="8" height="8"/>
    </entry>
    <entry id="63" name="cpd:C00002 cpd:C00075 cpd:C00008 cpd:C00015" type="compound"
        link="https://www.kegg.jp/dbget-bin/www_bget?C00002+C00075+C00008+C00015">
        <graphics name="C00002..." fgcolor="#000000" bgcolor="#FFFFFF"
             type="circle" x="1167" y="326" width="8" height="8"/>
    </entry>
    <entry id="64" name="cpd:C00334" type="compound"
        link="https://www.kegg.jp/dbget-bin/www_bget?C00334">
        <graphics name="C00334" fgcolor="#000000" bgcolor="#FFFFFF"
             type="circle" x="1167" y="195" width="8" height="8"/>
    </entry>
    <entry id="65" name="cpd:C12270" type="compound"
        link="https://www.kegg.jp/dbget-bin/www_bget?C12270">
        <graphics name="C12270" fgcolor="#000000" bgcolor="#FFFFFF"
             type="circle" x="1167" y="152" width="8" height="8"/>
    </entry>
    <entry id="66" name="cpd:C00334" type="compound"
        link="https://www.kegg.jp/dbget-bin/www_bget?C00334">
        <graphics name="C00334" fgcolor="#000000" bgcolor="#FFFFFF"
             type="circle" x="963" y="932" width="8" height="8"/>
    </entry>
    <entry id="67" name="cpd:C00025 cpd:C00049 cpd:C00506" type="compound"
        link="https://www.kegg.jp/dbget-bin/www_bget?C00025+C00049+C00506">
        <graphics name="C00025..." fgcolor="#000000" bgcolor="#FFFFFF"
             type="circle" x="963" y="881" width="8" height="8"/>
    </entry>
    <entry id="68" name="ko:K04314" type="ortholog"
        link="https://www.kegg.jp/dbget-bin/www_bget?K04314">
        <graphics name="K04314" fgcolor="#000000" bgcolor="#BFBFFF"
             type="rectangle" x="612" y="331" width="46" height="17"/>
    </entry>
    <entry id="69" name="ko:K05268 ko:K08377" type="ortholog"
        link="https://www.kegg.jp/dbget-bin/www_bget?K05268+K08377">
        <graphics name="K05268..." fgcolor="#000000" bgcolor="#BFBFFF"
             type="rectangle" x="405" y="557" width="46" height="17"/>
    </entry>
    <entry id="70" name="ko:K05266" type="ortholog"
        link="https://www.kegg.jp/dbget-bin/www_bget?K05266">
        <graphics name="K05266" fgcolor="#000000" bgcolor="#BFBFFF"
             type="rectangle" x="405" y="314" width="46" height="17"/>
    </entry>
    <entry id="71" name="ko:K04615 ko:K04617" type="ortholog"
        link="https://www.kegg.jp/dbget-bin/www_bget?K04615+K04617">
        <graphics name="K04615..." fgcolor="#000000" bgcolor="#BFBFFF"
             type="rectangle" x="1027" y="932" width="46" height="17"/>
    </entry>
    <entry id="72" name="ko:K04603 ko:K04605 ko:K04606 ko:K04607 ko:K04604 ko:K04608 ko:K04609 ko:K04610" type="ortholog"
        link="https://www.kegg.jp/dbget-bin/www_bget?K04603+K04605+K04606+K04607+K04604+K04608+K04609+K04610">
        <graphics name="K04603..." fgcolor="#000000" bgcolor="#BFBFFF"
             type="rectangle" x="1027" y="881" width="46" height="17"/>
    </entry>
    <entry id="73" name="ko:K04589 ko:K04590" type="ortholog"
        link="https://www.kegg.jp/dbget-bin/www_bget?K04589+K04590">
        <graphics name="K04589..." fgcolor="#000000" bgcolor="#BFBFFF"
             type="rectangle" x="1027" y="712" width="46" height="17"/>
    </entry>
    <entry id="74" name="ko:K04588" type="ortholog"
        link="https://www.kegg.jp/dbget-bin/www_bget?K04588">
        <graphics name="K04588" fgcolor="#000000" bgcolor="#BFBFFF"
             type="rectangle" x="1027" y="653" width="46" height="17"/>
    </entry>
    <entry id="75" name="ko:K04587" type="ortholog"
        link="https://www.kegg.jp/dbget-bin/www_bget?K04587">
        <graphics name="K04587" fgcolor="#000000" bgcolor="#BFBFFF"
             type="rectangle" x="1027" y="594" width="46" height="17"/>
    </entry>
    <entry id="76" name="ko:K04585 ko:K04586" type="ortholog"
        link="https://www.kegg.jp/dbget-bin/www_bget?K04585+K04586">
        <graphics name="K04585..." fgcolor="#000000" bgcolor="#BFBFFF"
             type="rectangle" x="1027" y="536" width="46" height="17"/>
    </entry>
    <entry id="77" name="ko:K04584" type="ortholog"
        link="https://www.kegg.jp/dbget-bin/www_bget?K04584">
        <graphics name="K04584" fgcolor="#000000" bgcolor="#BFBFFF"
             type="rectangle" x="1027" y="478" width="46" height="17"/>
    </entry>
    <entry id="78" name="ko:K04581 ko:K04582" type="ortholog"
        link="https://www.kegg.jp/dbget-bin/www_bget?K04581+K04582">
        <graphics name="K04581..." fgcolor="#000000" bgcolor="#BFBFFF"
             type="rectangle" x="1027" y="419" width="46" height="17"/>
    </entry>
    <entry id="79" name="ko:K04583" type="ortholog"
        link="https://www.kegg.jp/dbget-bin/www_bget?K04583">
        <graphics name="K04583" fgcolor="#000000" bgcolor="#BFBFFF"
             type="rectangle" x="1027" y="361" width="46" height="17"/>
    </entry>
    <entry id="80" name="ko:K04580" type="ortholog"
        link="https://www.kegg.jp/dbget-bin/www_bget?K04580">
        <graphics name="K04580" fgcolor="#000000" bgcolor="#BFBFFF"
             type="rectangle" x="1027" y="303" width="46" height="17"/>
    </entry>
    <entry id="81" name="ko:K04578 ko:K04579" type="ortholog"
        link="https://www.kegg.jp/dbget-bin/www_bget?K04578+K04579">
        <graphics name="K04578..." fgcolor="#000000" bgcolor="#BFBFFF"
             type="rectangle" x="1027" y="244" width="46" height="17"/>
    </entry>
    <entry id="82" name="ko:K04576 ko:K04577" type="ortholog"
        link="https://www.kegg.jp/dbget-bin/www_bget?K04576+K04577">
        <graphics name="K04576..." fgcolor="#000000" bgcolor="#BFBFFF"
             type="rectangle" x="1027" y="172" width="46" height="17"/>
    </entry>
    <entry id="83" name="ko:K04322 ko:K04323" type="ortholog"
        link="https://www.kegg.jp/dbget-bin/www_bget?K04322+K04323">
        <graphics name="K04322..." fgcolor="#000000" bgcolor="#BFBFFF"
             type="rectangle" x="820" y="958" width="46" height="17"/>
    </entry>
    <entry id="84" name="ko:K04306 ko:K04307 ko:K08397 ko:K08398" type="ortholog"
        link="https://www.kegg.jp/dbget-bin/www_bget?K04306+K04307+K08397+K08398">
        <graphics name="K04306..." fgcolor="#000000" bgcolor="#BFBFFF"
             type="rectangle" x="820" y="875" width="46" height="17"/>
    </entry>
    <entry id="85" name="ko:K04296 ko:K04297" type="ortholog"
        link="https://www.kegg.jp/dbget-bin/www_bget?K04296+K04297">
        <graphics name="K04296..." fgcolor="#000000" bgcolor="#BFBFFF"
             type="rectangle" x="820" y="709" width="46" height="17"/>
    </entry>
    <entry id="86" name="ko:K04288 ko:K04290 ko:K04292 ko:K04293 ko:K04295" type="ortholog"
        link="https://www.kegg.jp/dbget-bin/www_bget?K04288+K04290+K04292+K04293+K04295">
        <graphics name="K04288..." fgcolor="#000000" bgcolor="#BFBFFF"
             type="rectangle" x="820" y="630" width="46" height="17"/>
    </entry>
    <entry id="87" name="ko:K04275 ko:K04289 ko:K04291 ko:K04294" type="ortholog"
        link="https://www.kegg.jp/dbget-bin/www_bget?K04275+K04289+K04291+K04294">
        <graphics name="K04275..." fgcolor="#000000" bgcolor="#BFBFFF"
             type="rectangle" x="820" y="579" width="46" height="17"/>
    </entry>
    <entry id="88" name="ko:K04285 ko:K04286 ko:K04287" type="ortholog"
        link="https://www.kegg.jp/dbget-bin/www_bget?K04285+K04286+K04287">
        <graphics name="K04285..." fgcolor="#000000" bgcolor="#BFBFFF"
             type="rectangle" x="820" y="492" width="46" height="17"/>
    </entry>
    <entry id="89" name="ko:K04282" type="ortholog"
        link="https://www.kegg.jp/dbget-bin/www_bget?K04282">
        <graphics name="K04282" fgcolor="#000000" bgcolor="#BFBFFF"
             type="rectangle" x="820" y="409" width="46" height="17"/>
    </entry>
    <entry id="90" name="cpd:C02165" type="compound"
        link="https://www.kegg.jp/dbget-bin/www_bget?C02165">
        <graphics name="C02165" fgcolor="#000000" bgcolor="#FFFFFF"
             type="circle" x="756" y="709" width="8" height="8"/>
    </entry>
    <entry id="91" name="cpd:C06124 cpd:C01120" type="compound"
        link="https://www.kegg.jp/dbget-bin/www_bget?C06124+C01120">
        <graphics name="C06124..." fgcolor="#000000" bgcolor="#FFFFFF"
             type="circle" x="756" y="630" width="8" height="8"/>
    </entry>
    <entry id="92" name="cpd:C00681" type="compound"
        link="https://www.kegg.jp/dbget-bin/www_bget?C00681">
        <graphics name="C00681" fgcolor="#000000" bgcolor="#FFFFFF"
             type="circle" x="756" y="579" width="8" height="8"/>
    </entry>
    <entry id="93" name="cpd:C01598" type="compound"
        link="https://www.kegg.jp/dbget-bin/www_bget?C01598">
        <graphics name="C01598" fgcolor="#000000" bgcolor="#FFFFFF"
             type="circle" x="756" y="492" width="8" height="8"/>
    </entry>
    <entry id="94" name="cpd:C11695 cpd:C13856" type="compound"
        link="https://www.kegg.jp/dbget-bin/www_bget?C11695+C13856">
        <graphics name="C11695..." fgcolor="#000000" bgcolor="#FFFFFF"
             type="circle" x="756" y="167" width="8" height="8"/>
    </entry>
    <entry id="95" name="cpd:C00002 cpd:C00075 cpd:C00008 cpd:C00015" type="compound"
        link="https://www.kegg.jp/dbget-bin/www_bget?C00002+C00075+C00008+C00015">
        <graphics name="C00002..." fgcolor="#000000" bgcolor="#FFFFFF"
             type="circle" x="547" y="998" width="8" height="8"/>
    </entry>
    <entry id="96" name="cpd:C00212" type="compound"
        link="https://www.kegg.jp/dbget-bin/www_bget?C00212">
        <graphics name="C00212" fgcolor="#000000" bgcolor="#FFFFFF"
             type="circle" x="547" y="955" width="8" height="8"/>
    </entry>
    <entry id="97" name="cpd:C02198" type="compound"
        link="https://www.kegg.jp/dbget-bin/www_bget?C02198">
        <graphics name="C02198" fgcolor="#000000" bgcolor="#FFFFFF"
             type="circle" x="547" y="863" width="8" height="8"/>
    </entry>
    <entry id="98" name="cpd:C01312" type="compound"
        link="https://www.kegg.jp/dbget-bin/www_bget?C01312">
        <graphics name="C01312" fgcolor="#000000" bgcolor="#FFFFFF"
             type="circle" x="547" y="803" width="8" height="8"/>
    </entry>
    <entry id="99" name="cpd:C00639" type="compound"
        link="https://www.kegg.jp/dbget-bin/www_bget?C00639">
        <graphics name="C00639" fgcolor="#000000" bgcolor="#FFFFFF"
             type="circle" x="547" y="756" width="8" height="8"/>
    </entry>
    <entry id="100" name="cpd:C00584" type="compound"
        link="https://www.kegg.jp/dbget-bin/www_bget?C00584">
        <graphics name="C00584" fgcolor="#000000" bgcolor="#FFFFFF"
             type="circle" x="547" y="712" width="8" height="8"/>
    </entry>
    <entry id="101" name="cpd:C00696" type="compound"
        link="https://www.kegg.jp/dbget-bin/www_bget?C00696">
        <graphics name="C00696" fgcolor="#000000" bgcolor="#FFFFFF"
             type="circle" x="547" y="667" width="8" height="8"/>
    </entry>
    <entry id="102" name="ko:K04280" type="ortholog"
        link="https://www.kegg.jp/dbget-bin/www_bget?K04280">
        <graphics name="K04280" fgcolor="#000000" bgcolor="#BFBFFF"
             type="rectangle" x="820" y="326" width="46" height="17"/>
    </entry>
    <entry id="103" name="ko:K04279" type="ortholog"
        link="https://www.kegg.jp/dbget-bin/www_bget?K04279">
        <graphics name="K04279" fgcolor="#000000" bgcolor="#BFBFFF"
             type="rectangle" x="821" y="243" width="46" height="17"/>
    </entry>
    <entry id="104" name="ko:K04277 ko:K04278" type="ortholog"
        link="https://www.kegg.jp/dbget-bin/www_bget?K04277+K04278">
        <graphics name="K04277..." fgcolor="#000000" bgcolor="#BFBFFF"
             type="rectangle" x="820" y="167" width="46" height="17"/>
    </entry>
    <entry id="105" name="ko:K04269 ko:K04270 ko:K04271 ko:K04272 ko:K04273 ko:K04274 ko:K04275 ko:K04276 ko:K04299 ko:K08386 ko:K08387 ko:K08388" type="ortholog"
        link="https://www.kegg.jp/dbget-bin/www_bget?K04269+K04270+K04271+K04272+K04273+K04274+K04275+K04276+K04299+K08386+K08387+K08388">
        <graphics name="K04269..." fgcolor="#000000" bgcolor="#BFBFFF"
             type="rectangle" x="612" y="998" width="46" height="17"/>
    </entry>
    <entry id="106" name="ko:K04265 ko:K04266 ko:K04267 ko:K04268" type="ortholog"
        link="https://www.kegg.jp/dbget-bin/www_bget?K04265+K04266+K04267+K04268">
        <graphics name="K04265..." fgcolor="#000000" bgcolor="#BFBFFF"
             type="rectangle" x="612" y="955" width="46" height="17"/>
    </entry>
    <entry id="107" name="ko:K04264" type="ortholog"
        link="https://www.kegg.jp/dbget-bin/www_bget?K04264">
        <graphics name="K04264" fgcolor="#000000" bgcolor="#BFBFFF"
             type="rectangle" x="612" y="863" width="46" height="17"/>
    </entry>
    <entry id="108" name="ko:K04263" type="ortholog"
        link="https://www.kegg.jp/dbget-bin/www_bget?K04263">
        <graphics name="K04263" fgcolor="#000000" bgcolor="#BFBFFF"
             type="rectangle" x="612" y="803" width="46" height="17"/>
    </entry>
    <entry id="109" name="ko:K04262" type="ortholog"
        link="https://www.kegg.jp/dbget-bin/www_bget?K04262">
        <graphics name="K04262" fgcolor="#000000" bgcolor="#BFBFFF"
             type="rectangle" x="612" y="756" width="46" height="17"/>
    </entry>
    <entry id="110" name="ko:K04258 ko:K04259 ko:K04260 ko:K04261" type="ortholog"
        link="https://www.kegg.jp/dbget-bin/www_bget?K04258+K04259+K04260+K04261">
        <graphics name="K04258..." fgcolor="#000000" bgcolor="#BFBFFF"
             type="rectangle" x="612" y="712" width="46" height="17"/>
    </entry>
    <entry id="111" name="ko:K04332" type="ortholog"
        link="https://www.kegg.jp/dbget-bin/www_bget?K04332">
        <graphics name="K04332" fgcolor="#000000" bgcolor="#BFBFFF"
             type="rectangle" x="612" y="667" width="46" height="17"/>
    </entry>
    <entry id="112" name="ko:K04249" type="ortholog"
        link="https://www.kegg.jp/dbget-bin/www_bget?K04249">
        <graphics name="K04249" fgcolor="#000000" bgcolor="#BFBFFF"
             type="rectangle" x="612" y="569" width="46" height="17"/>
    </entry>
    <entry id="113" name="ko:K04248" type="ortholog"
        link="https://www.kegg.jp/dbget-bin/www_bget?K04248">
        <graphics name="K04248" fgcolor="#000000" bgcolor="#BFBFFF"
             type="rectangle" x="612" y="517" width="46" height="17"/>
    </entry>
    <entry id="114" name="ko:K04247" type="ortholog"
        link="https://www.kegg.jp/dbget-bin/www_bget?K04247">
        <graphics name="K04247" fgcolor="#000000" bgcolor="#BFBFFF"
             type="rectangle" x="612" y="467" width="46" height="17"/>
    </entry>
    <entry id="115" name="ko:K05052 ko:K05053" type="ortholog"
        link="https://www.kegg.jp/dbget-bin/www_bget?K05052+K05053">
        <graphics name="K05052..." fgcolor="#000000" bgcolor="#BFBFFF"
             type="rectangle" x="405" y="363" width="46" height="17"/>
    </entry>
    <entry id="116" name="ko:K04241" type="ortholog"
        link="https://www.kegg.jp/dbget-bin/www_bget?K04241">
        <graphics name="K04241" fgcolor="#000000" bgcolor="#BFBFFF"
             type="rectangle" x="612" y="167" width="46" height="17"/>
    </entry>
    <entry id="117" name="ko:K04240 ko:K08375" type="ortholog"
        link="https://www.kegg.jp/dbget-bin/www_bget?K04240+K08375">
        <graphics name="K04240..." fgcolor="#000000" bgcolor="#BFBFFF"
             type="rectangle" x="405" y="410" width="46" height="17"/>
    </entry>
    <entry id="118" name="ko:K04238 ko:K04239" type="ortholog"
        link="https://www.kegg.jp/dbget-bin/www_bget?K04238+K04239">
        <graphics name="K04238..." fgcolor="#000000" bgcolor="#BFBFFF"
             type="rectangle" x="405" y="786" width="46" height="17"/>
    </entry>
    <entry id="119" name="ko:K03914 ko:K04234 ko:K04235 ko:K04236 ko:K04237" type="ortholog"
        link="https://www.kegg.jp/dbget-bin/www_bget?K03914+K04234+K04235+K04236+K04237">
        <graphics name="K03914..." fgcolor="#000000" bgcolor="#BFBFFF"
             type="rectangle" x="612" y="273" width="46" height="17"/>
    </entry>
    <entry id="120" name="ko:K04230 ko:K04231 ko:K04232" type="ortholog"
        link="https://www.kegg.jp/dbget-bin/www_bget?K04230+K04231+K04232">
        <graphics name="K04230..." fgcolor="#000000" bgcolor="#BFBFFF"
             type="rectangle" x="203" y="1011" width="46" height="17"/>
    </entry>
    <entry id="121" name="ko:K04229" type="ortholog"
        link="https://www.kegg.jp/dbget-bin/www_bget?K04229">
        <graphics name="K04229" fgcolor="#000000" bgcolor="#BFBFFF"
             type="rectangle" x="405" y="835" width="46" height="17"/>
    </entry>
    <entry id="122" name="ko:K04226 ko:K04227 ko:K04228" type="ortholog"
        link="https://www.kegg.jp/dbget-bin/www_bget?K04226+K04227+K04228">
        <graphics name="K04226..." fgcolor="#000000" bgcolor="#BFBFFF"
             type="rectangle" x="612" y="220" width="46" height="17"/>
    </entry>
    <entry id="123" name="ko:K04222" type="ortholog"
        link="https://www.kegg.jp/dbget-bin/www_bget?K04222">
        <graphics name="K04222" fgcolor="#000000" bgcolor="#BFBFFF"
             type="rectangle" x="405" y="933" width="46" height="17"/>
    </entry>
    <entry id="124" name="ko:K04217 ko:K04218 ko:K04219 ko:K04220 ko:K04221" type="ortholog"
        link="https://www.kegg.jp/dbget-bin/www_bget?K04217+K04218+K04219+K04220+K04221">
        <graphics name="K04217..." fgcolor="#000000" bgcolor="#BFBFFF"
             type="rectangle" x="405" y="884" width="46" height="17"/>
    </entry>
    <entry id="125" name="ko:K04213 ko:K04214 ko:K04215 ko:K04216" type="ortholog"
        link="https://www.kegg.jp/dbget-bin/www_bget?K04213+K04214+K04215+K04216">
        <graphics name="K04213..." fgcolor="#000000" bgcolor="#BFBFFF"
             type="rectangle" x="405" y="665" width="46" height="17"/>
    </entry>
    <entry id="126" name="ko:K04211 ko:K04212" type="ortholog"
        link="https://www.kegg.jp/dbget-bin/www_bget?K04211+K04212">
        <graphics name="K04211..." fgcolor="#000000" bgcolor="#BFBFFF"
             type="rectangle" x="405" y="606" width="46" height="17"/>
    </entry>
    <entry id="127" name="ko:K04204 ko:K04205 ko:K04206 ko:K04207 ko:K04208 ko:K04210" type="ortholog"
        link="https://www.kegg.jp/dbget-bin/www_bget?K04204+K04205+K04206+K04207+K04208+K04210">
        <graphics name="K04204..." fgcolor="#000000" bgcolor="#BFBFFF"
             type="rectangle" x="405" y="508" width="46" height="17"/>
    </entry>
    <entry id="128" name="ko:K04199 ko:K04200 ko:K04201 ko:K04202 ko:K04203" type="ortholog"
        link="https://www.kegg.jp/dbget-bin/www_bget?K04199+K04200+K04201+K04202+K04203">
        <graphics name="K04199..." fgcolor="#000000" bgcolor="#BFBFFF"
             type="rectangle" x="405" y="265" width="46" height="17"/>
    </entry>
    <entry id="129" name="ko:K04284" type="ortholog"
        link="https://www.kegg.jp/dbget-bin/www_bget?K04284">
        <graphics name="K04284" fgcolor="#000000" bgcolor="#BFBFFF"
             type="rectangle" x="405" y="167" width="46" height="17"/>
    </entry>
    <entry id="130" name="ko:K04197 ko:K04198" type="ortholog"
        link="https://www.kegg.jp/dbget-bin/www_bget?K04197+K04198">
        <graphics name="K04197..." fgcolor="#000000" bgcolor="#BFBFFF"
             type="rectangle" x="203" y="947" width="46" height="17"/>
    </entry>
    <entry id="131" name="ko:K04194 ko:K04195" type="ortholog"
        link="https://www.kegg.jp/dbget-bin/www_bget?K04194+K04195">
        <graphics name="K04194..." fgcolor="#000000" bgcolor="#BFBFFF"
             type="rectangle" x="203" y="896" width="46" height="17"/>
    </entry>
    <entry id="132" name="ko:K04174" type="ortholog"
        link="https://www.kegg.jp/dbget-bin/www_bget?K04174">
        <graphics name="K04174" fgcolor="#000000" bgcolor="#BFBFFF"
             type="rectangle" x="203" y="559" width="46" height="17"/>
    </entry>
    <entry id="133" name="ko:K04172 ko:K04173" type="ortholog"
        link="https://www.kegg.jp/dbget-bin/www_bget?K04172+K04173">
        <graphics name="K04172..." fgcolor="#000000" bgcolor="#BFBFFF"
             type="rectangle" x="203" y="845" width="46" height="17"/>
    </entry>
    <entry id="134" name="ko:K04010" type="ortholog"
        link="https://www.kegg.jp/dbget-bin/www_bget?K04010">
        <graphics name="K04010" fgcolor="#000000" bgcolor="#BFBFFF"
             type="rectangle" x="203" y="756" width="46" height="17"/>
    </entry>
    <entry id="135" name="ko:K04009" type="ortholog"
        link="https://www.kegg.jp/dbget-bin/www_bget?K04009">
        <graphics name="K04009" fgcolor="#000000" bgcolor="#BFBFFF"
             type="rectangle" x="203" y="727" width="46" height="17"/>
    </entry>
    <entry id="136" name="ko:K03915 ko:K03916" type="ortholog"
        link="https://www.kegg.jp/dbget-bin/www_bget?K03915+K03916">
        <graphics name="K03915..." fgcolor="#000000" bgcolor="#BFBFFF"
             type="rectangle" x="203" y="676" width="46" height="17"/>
    </entry>
    <entry id="137" name="ko:K04168 ko:K04169 ko:K04170" type="ortholog"
        link="https://www.kegg.jp/dbget-bin/www_bget?K04168+K04169+K04170">
        <graphics name="K04168..." fgcolor="#000000" bgcolor="#BFBFFF"
             type="rectangle" x="203" y="617" width="46" height="17"/>
    </entry>
    <entry id="138" name="ko:K04166 ko:K04167" type="ortholog"
        link="https://www.kegg.jp/dbget-bin/www_bget?K04166+K04167">
        <graphics name="K04166..." fgcolor="#000000" bgcolor="#BFBFFF"
             type="rectangle" x="203" y="499" width="46" height="17"/>
    </entry>
    <entry id="139" name="ko:K05051" type="ortholog"
        link="https://www.kegg.jp/dbget-bin/www_bget?K05051">
        <graphics name="K05051" fgcolor="#000000" bgcolor="#BFBFFF"
             type="rectangle" x="203" y="427" width="46" height="17"/>
    </entry>
    <entry id="140" name="ko:K04153 ko:K04157 ko:K04160 ko:K04161 ko:K04162 ko:K04163" type="ortholog"
        link="https://www.kegg.jp/dbget-bin/www_bget?K04153+K04157+K04160+K04161+K04162+K04163">
        <graphics name="K04153..." fgcolor="#000000" bgcolor="#BFBFFF"
             type="rectangle" x="203" y="376" width="46" height="17"/>
    </entry>
    <entry id="141" name="ko:K04149 ko:K04150 ko:K04151 ko:K04152" type="ortholog"
        link="https://www.kegg.jp/dbget-bin/www_bget?K04149+K04150+K04151+K04152">
        <graphics name="K04149..." fgcolor="#000000" bgcolor="#BFBFFF"
             type="rectangle" x="203" y="325" width="46" height="17"/>
    </entry>
    <entry id="142" name="ko:K04144 ko:K04145 ko:K04146 ko:K04147 ko:K05840 ko:K04148" type="ortholog"
        link="https://www.kegg.jp/dbget-bin/www_bget?K04144+K04145+K04146+K04147+K05840+K04148">
        <graphics name="K04144..." fgcolor="#000000" bgcolor="#BFBFFF"
             type="rectangle" x="203" y="274" width="46" height="17"/>
    </entry>
    <entry id="143" name="ko:K04135 ko:K04136 ko:K04137 ko:K04138 ko:K04139 ko:K04140 ko:K04141 ko:K04142 ko:K04143" type="ortholog"
        link="https://www.kegg.jp/dbget-bin/www_bget?K04135+K04136+K04137+K04138+K04139+K04140+K04141+K04142+K04143">
        <graphics name="K04135..." fgcolor="#000000" bgcolor="#BFBFFF"
             type="rectangle" x="203" y="223" width="46" height="17"/>
    </entry>
    <entry id="144" name="cpd:C06314" type="compound"
        link="https://www.kegg.jp/dbget-bin/www_bget?C06314">
        <graphics name="C06314" fgcolor="#000000" bgcolor="#FFFFFF"
             type="circle" x="139" y="845" width="8" height="8"/>
    </entry>
    <entry id="145" name="cpd:C00483 cpd:C00398 cpd:C04227" type="compound"
        link="https://www.kegg.jp/dbget-bin/www_bget?C00483+C00398+C04227">
        <graphics name="C00483..." fgcolor="#000000" bgcolor="#FFFFFF"
             type="circle" x="139" y="427" width="8" height="8"/>
    </entry>
    <entry id="146" name="cpd:C00388" type="compound"
        link="https://www.kegg.jp/dbget-bin/www_bget?C00388">
        <graphics name="C00388" fgcolor="#000000" bgcolor="#FFFFFF"
             type="circle" x="139" y="325" width="8" height="8"/>
    </entry>
    <entry id="147" name="cpd:C03758" type="compound"
        link="https://www.kegg.jp/dbget-bin/www_bget?C03758">
        <graphics name="C03758" fgcolor="#000000" bgcolor="#FFFFFF"
             type="circle" x="139" y="274" width="8" height="8"/>
    </entry>
    <entry id="148" name="cpd:C00788 cpd:C00547" type="compound"
        link="https://www.kegg.jp/dbget-bin/www_bget?C00788+C00547">
        <graphics name="C00788..." fgcolor="#000000" bgcolor="#FFFFFF"
             type="circle" x="139" y="223" width="8" height="8"/>
    </entry>
    <entry id="149" name="cpd:C01996" type="compound"
        link="https://www.kegg.jp/dbget-bin/www_bget?C01996">
        <graphics name="C01996" fgcolor="#000000" bgcolor="#FFFFFF"
             type="circle" x="139" y="172" width="8" height="8"/>
    </entry>
    <entry id="150" name="ko:K04129 ko:K04130 ko:K04131 ko:K04132 ko:K04133 ko:K04134" type="ortholog"
        link="https://www.kegg.jp/dbget-bin/www_bget?K04129+K04130+K04131+K04132+K04133+K04134">
        <graphics name="K04129..." fgcolor="#000000" bgcolor="#BFBFFF"
             type="rectangle" x="203" y="172" width="46" height="17"/>
    </entry>
    <entry id="151" name="path:ko04080" type="map"
        link="https://www.kegg.jp/dbget-bin/www_bget?ko04080">
        <graphics name="TITLE:Neuroactive ligand-receptor interaction" fgcolor="#000000" bgcolor="#FFFFFF"
             type="roundrectangle" x="222" y="58" width="364" height="25"/>
    </entry>
    <entry id="242" name="ko:K04803 ko:K04804 ko:K04805 ko:K04806 ko:K04807 ko:K04808 ko:K04809 ko:K04810 ko:K04811 ko:K04812 ko:K04813 ko:K04814 ko:K04815 ko:K04816 ko:K04817 ko:K04818" type="ortholog"
        link="https://www.kegg.jp/dbget-bin/www_bget?K04803+K04804+K04805+K04806+K04807+K04808+K04809+K04810+K04811+K04812+K04813+K04814+K04815+K04816+K04817+K04818">
        <graphics name="K04803..." fgcolor="#000000" bgcolor="#BFBFFF"
             type="rectangle" x="1232" y="251" width="46" height="17"/>
    </entry>
    <entry id="243" name="cpd:C01996" type="compound"
        link="https://www.kegg.jp/dbget-bin/www_bget?C01996">
        <graphics name="C01996" fgcolor="#000000" bgcolor="#FFFFFF"
             type="circle" x="1167" y="229" width="8" height="8"/>
    </entry>
    <entry id="245" name="ko:K09821" type="ortholog"
        link="https://www.kegg.jp/dbget-bin/www_bget?K09821">
        <graphics name="K09821" fgcolor="#000000" bgcolor="#BFBFFF"
             type="rectangle" x="119" y="500" width="46" height="17"/>
    </entry>
    <entry id="246" name="ko:K05225" type="ortholog"
        link="https://www.kegg.jp/dbget-bin/www_bget?K05225">
        <graphics name="K05225" fgcolor="#000000" bgcolor="#BFBFFF"
             type="rectangle" x="119" y="545" width="46" height="17"/>
    </entry>
    <entry id="247" name="ko:K05223 ko:K05224" type="ortholog"
        link="https://www.kegg.jp/dbget-bin/www_bget?K05223+K05224">
        <graphics name="K05223..." fgcolor="#000000" bgcolor="#BFBFFF"
             type="rectangle" x="119" y="626" width="46" height="17"/>
    </entry>
    <entry id="248" name="ko:K03898" type="ortholog"
        link="https://www.kegg.jp/dbget-bin/www_bget?K03898">
        <graphics name="K03898" fgcolor="#000000" bgcolor="#BFBFFF"
             type="rectangle" x="119" y="677" width="46" height="17"/>
    </entry>
    <entry id="249" name="ko:K03990" type="ortholog"
        link="https://www.kegg.jp/dbget-bin/www_bget?K03990">
        <graphics name="K03990" fgcolor="#000000" bgcolor="#BFBFFF"
             type="rectangle" x="119" y="727" width="46" height="17"/>
    </entry>
    <entry id="250" name="ko:K03994" type="ortholog"
        link="https://www.kegg.jp/dbget-bin/www_bget?K03994">
        <graphics name="K03994" fgcolor="#000000" bgcolor="#BFBFFF"
             type="rectangle" x="119" y="757" width="46" height="17"/>
    </entry>
    <entry id="251" name="ko:K05226" type="ortholog"
        link="https://www.kegg.jp/dbget-bin/www_bget?K05226">
        <graphics name="K05226" fgcolor="#000000" bgcolor="#BFBFFF"
             type="rectangle" x="119" y="896" width="46" height="17"/>
    </entry>
    <entry id="252" name="ko:K16366 ko:K16367 ko:K05227" type="ortholog"
        link="https://www.kegg.jp/dbget-bin/www_bget?K16366+K16367+K05227">
        <graphics name="K16366..." fgcolor="#000000" bgcolor="#BFBFFF"
             type="rectangle" x="119" y="948" width="46" height="15"/>
    </entry>
    <entry id="253" name="ko:K05244 ko:K25482" type="ortholog"
        link="https://www.kegg.jp/dbget-bin/www_bget?K05244+K25482">
        <graphics name="K05244..." fgcolor="#000000" bgcolor="#BFBFFF"
             type="rectangle" x="119" y="993" width="46" height="17"/>
    </entry>
    <entry id="254" name="ko:K05254" type="ortholog"
        link="https://www.kegg.jp/dbget-bin/www_bget?K05254">
        <graphics name="K05254" fgcolor="#000000" bgcolor="#BFBFFF"
             type="rectangle" x="321" y="167" width="46" height="17"/>
    </entry>
    <entry id="255" name="ko:K23140" type="ortholog"
        link="https://www.kegg.jp/dbget-bin/www_bget?K23140">
        <graphics name="K23140" fgcolor="#000000" bgcolor="#BFBFFF"
             type="rectangle" x="322" y="216" width="46" height="17"/>
    </entry>
    <entry id="256" name="ko:K05228" type="ortholog"
        link="https://www.kegg.jp/dbget-bin/www_bget?K05228">
        <graphics name="K05228" fgcolor="#000000" bgcolor="#BFBFFF"
             type="rectangle" x="322" y="265" width="46" height="17"/>
    </entry>
    <entry id="257" name="ko:K05265" type="ortholog"
        link="https://www.kegg.jp/dbget-bin/www_bget?K05265">
        <graphics name="K05265" fgcolor="#000000" bgcolor="#BFBFFF"
             type="rectangle" x="322" y="315" width="46" height="17"/>
    </entry>
    <entry id="258" name="ko:K05249 ko:K25690" type="ortholog"
        link="https://www.kegg.jp/dbget-bin/www_bget?K05249+K25690">
        <graphics name="K05249..." fgcolor="#000000" bgcolor="#BFBFFF"
             type="rectangle" x="322" y="364" width="46" height="17"/>
    </entry>
    <entry id="259" name="ko:K05247 ko:K25692" type="ortholog"
        link="https://www.kegg.jp/dbget-bin/www_bget?K05247+K25692">
        <graphics name="K05247..." fgcolor="#000000" bgcolor="#BFBFFF"
             type="rectangle" x="322" y="411" width="46" height="17"/>
    </entry>
    <entry id="260" name="ko:K05232 ko:K05233 ko:K05234" type="ortholog"
        link="https://www.kegg.jp/dbget-bin/www_bget?K05232+K05233+K05234">
        <graphics name="K05232..." fgcolor="#000000" bgcolor="#BFBFFF"
             type="rectangle" x="322" y="509" width="46" height="17"/>
    </entry>
    <entry id="261" name="ko:K23141 ko:K05267" type="ortholog"
        link="https://www.kegg.jp/dbget-bin/www_bget?K23141+K05267">
        <graphics name="K23141..." fgcolor="#000000" bgcolor="#BFBFFF"
             type="rectangle" x="322" y="558" width="46" height="17"/>
    </entry>
    <entry id="262" name="ko:K05235" type="ortholog"
        link="https://www.kegg.jp/dbget-bin/www_bget?K05235">
        <graphics name="K05235" fgcolor="#000000" bgcolor="#BFBFFF"
             type="rectangle" x="322" y="607" width="46" height="17"/>
    </entry>
    <entry id="263" name="ko:K05246" type="ortholog"
        link="https://www.kegg.jp/dbget-bin/www_bget?K05246">
        <graphics name="K05246" fgcolor="#000000" bgcolor="#BFBFFF"
             type="rectangle" x="322" y="786" width="46" height="17"/>
    </entry>
    <entry id="264" name="ko:K05243" type="ortholog"
        link="https://www.kegg.jp/dbget-bin/www_bget?K05243">
        <graphics name="K05243" fgcolor="#000000" bgcolor="#BFBFFF"
             type="rectangle" x="321" y="836" width="46" height="17"/>
    </entry>
    <entry id="265" name="ko:K05237 ko:K05238" type="ortholog"
        link="https://www.kegg.jp/dbget-bin/www_bget?K05237+K05238">
        <graphics name="K05237..." fgcolor="#000000" bgcolor="#BFBFFF"
             type="rectangle" x="321" y="885" width="46" height="17"/>
    </entry>
    <entry id="266" name="ko:K05239 ko:K05241" type="ortholog"
        link="https://www.kegg.jp/dbget-bin/www_bget?K05239+K05241">
        <graphics name="K05239..." fgcolor="#000000" bgcolor="#BFBFFF"
             type="rectangle" x="322" y="934" width="46" height="17"/>
    </entry>
    <entry id="267" name="ko:K05239" type="ortholog"
        link="https://www.kegg.jp/dbget-bin/www_bget?K05239">
        <graphics name="K05239" fgcolor="#000000" bgcolor="#BFBFFF"
             type="rectangle" x="322" y="982" width="46" height="17"/>
    </entry>
    <entry id="268" name="ko:K05240" type="ortholog"
        link="https://www.kegg.jp/dbget-bin/www_bget?K05240">
        <graphics name="K05240" fgcolor="#000000" bgcolor="#BFBFFF"
             type="rectangle" x="322" y="1031" width="46" height="17"/>
    </entry>
    <entry id="269" name="cpd:C00780" type="compound"
        link="https://www.kegg.jp/dbget-bin/www_bget?C00780">
        <graphics name="C00780" fgcolor="#000000" bgcolor="#FFFFFF"
             type="circle" x="136" y="375" width="8" height="8"/>
    </entry>
    <entry id="270" name="ko:K05248 ko:K24267" type="ortholog"
        link="https://www.kegg.jp/dbget-bin/www_bget?K05248+K24267">
        <graphics name="K05248..." fgcolor="#000000" bgcolor="#BFBFFF"
             type="rectangle" x="528" y="167" width="46" height="17"/>
    </entry>
    <entry id="271" name="ko:K05242" type="ortholog"
        link="https://www.kegg.jp/dbget-bin/www_bget?K05242">
        <graphics name="K05242" fgcolor="#000000" bgcolor="#BFBFFF"
             type="rectangle" x="528" y="220" width="46" height="17"/>
    </entry>
    <entry id="272" name="ko:K05269" type="ortholog"
        link="https://www.kegg.jp/dbget-bin/www_bget?K05269">
        <graphics name="K05269" fgcolor="#000000" bgcolor="#BFBFFF"
             type="rectangle" x="528" y="331" width="46" height="17"/>
    </entry>
    <entry id="273" name="ko:K05229" type="ortholog"
        link="https://www.kegg.jp/dbget-bin/www_bget?K05229">
        <graphics name="K05229" fgcolor="#000000" bgcolor="#BFBFFF"
             type="rectangle" x="528" y="417" width="46" height="17"/>
    </entry>
    <entry id="274" name="ko:K05252" type="ortholog"
        link="https://www.kegg.jp/dbget-bin/www_bget?K05252">
        <graphics name="K05252" fgcolor="#000000" bgcolor="#BFBFFF"
             type="rectangle" x="737" y="327" width="46" height="17"/>
    </entry>
    <entry id="275" name="ko:K09821" type="ortholog"
        link="https://www.kegg.jp/dbget-bin/www_bget?K09821">
        <graphics name="K09821" fgcolor="#000000" bgcolor="#BFBFFF"
             type="rectangle" x="735" y="793" width="46" height="17"/>
    </entry>
    <entry id="276" name="ko:K21998 ko:K22000 ko:K21999 ko:K22001" type="ortholog"
        link="https://www.kegg.jp/dbget-bin/www_bget?K21998+K22000+K21999+K22001">
        <graphics name="K21998..." fgcolor="#000000" bgcolor="#BFBFFF"
             type="rectangle" x="736" y="876" width="46" height="17"/>
    </entry>
    <entry id="277" name="ko:K05253" type="ortholog"
        link="https://www.kegg.jp/dbget-bin/www_bget?K05253">
        <graphics name="K05253" fgcolor="#000000" bgcolor="#BFBFFF"
             type="rectangle" x="737" y="409" width="46" height="17"/>
    </entry>
    <entry id="278" name="ko:K12332 ko:K12333 ko:K25343 ko:K08039" type="ortholog"
        link="https://www.kegg.jp/dbget-bin/www_bget?K12332+K12333+K25343+K08039">
        <graphics name="K12332..." fgcolor="#000000" bgcolor="#BFBFFF"
             type="rectangle" x="944" y="184" width="46" height="17"/>
    </entry>
    <entry id="279" name="ko:K05256 ko:K23142 ko:K05257" type="ortholog"
        link="https://www.kegg.jp/dbget-bin/www_bget?K05256+K23142+K05257">
        <graphics name="K05256..." fgcolor="#000000" bgcolor="#BFBFFF"
             type="rectangle" x="944" y="245" width="46" height="17"/>
    </entry>
    <entry id="280" name="ko:K05258" type="ortholog"
        link="https://www.kegg.jp/dbget-bin/www_bget?K05258">
        <graphics name="K05258" fgcolor="#000000" bgcolor="#BFBFFF"
             type="rectangle" x="944" y="303" width="46" height="17"/>
    </entry>
    <entry id="281" name="ko:K05259" type="ortholog"
        link="https://www.kegg.jp/dbget-bin/www_bget?K05259">
        <graphics name="K05259" fgcolor="#000000" bgcolor="#BFBFFF"
             type="rectangle" x="944" y="361" width="46" height="17"/>
    </entry>
    <entry id="282" name="ko:K05259" type="ortholog"
        link="https://www.kegg.jp/dbget-bin/www_bget?K05259">
        <graphics name="K05259" fgcolor="#000000" bgcolor="#BFBFFF"
             type="rectangle" x="944" y="419" width="46" height="17"/>
    </entry>
    <entry id="283" name="ko:K05260" type="ortholog"
        link="https://www.kegg.jp/dbget-bin/www_bget?K05260">
        <graphics name="K05260" fgcolor="#000000" bgcolor="#BFBFFF"
             type="rectangle" x="944" y="478" width="46" height="17"/>
    </entry>
    <entry id="284" name="ko:K05261 ko:K23143" type="ortholog"
        link="https://www.kegg.jp/dbget-bin/www_bget?K05261+K23143">
        <graphics name="K05261..." fgcolor="#000000" bgcolor="#BFBFFF"
             type="rectangle" x="944" y="537" width="46" height="17"/>
    </entry>
    <entry id="285" name="ko:K05262" type="ortholog"
        link="https://www.kegg.jp/dbget-bin/www_bget?K05262">
        <graphics name="K05262" fgcolor="#000000" bgcolor="#BFBFFF"
             type="rectangle" x="944" y="594" width="46" height="17"/>
    </entry>
    <entry id="286" name="ko:K05263" type="ortholog"
        link="https://www.kegg.jp/dbget-bin/www_bget?K05263">
        <graphics name="K05263" fgcolor="#000000" bgcolor="#BFBFFF"
             type="rectangle" x="944" y="653" width="46" height="17"/>
    </entry>
    <entry id="287" name="ko:K05264" type="ortholog"
        link="https://www.kegg.jp/dbget-bin/www_bget?K05264">
        <graphics name="K05264" fgcolor="#000000" bgcolor="#BFBFFF"
             type="rectangle" x="944" y="712" width="46" height="17"/>
    </entry>
    <entry id="288" name="ko:K05228 ko:K18832 ko:K15840 ko:K25696" type="ortholog"
        link="https://www.kegg.jp/dbget-bin/www_bget?K05228+K18832+K15840+K25696">
        <graphics name="K05228..." fgcolor="#000000" bgcolor="#BFBFFF"
             type="rectangle" x="322" y="684" width="46" height="17"/>
    </entry>
    <entry id="289" name="cpd:C15890 cpd:C15891" type="compound"
        link="https://www.kegg.jp/dbget-bin/www_bget?C15890+C15891">
        <graphics name="C15890..." fgcolor="#000000" bgcolor="#FFFFFF"
             type="circle" x="340" y="664" width="8" height="8"/>
    </entry>
    <entry id="291" name="cpd:C15995" type="compound"
        link="https://www.kegg.jp/dbget-bin/www_bget?C15995">
        <graphics name="C15995" fgcolor="#000000" bgcolor="#FFFFFF"
             type="circle" x="139" y="602" width="8" height="8"/>
    </entry>
    <entry id="293" name="cpd:C01516" type="compound"
        link="https://www.kegg.jp/dbget-bin/www_bget?C01516">
        <graphics name="C01516" fgcolor="#000000" bgcolor="#FFFFFF"
             type="circle" x="340" y="645" width="8" height="8"/>
    </entry>
    <entry id="295" name="cpd:C06865" type="compound"
        link="https://www.kegg.jp/dbget-bin/www_bget?C06865">
        <graphics name="C06865" fgcolor="#000000" bgcolor="#FFFFFF"
             type="circle" x="961" y="159" width="8" height="8"/>
    </entry>
    <entry id="297" name="ko:K23681 ko:K23682 ko:K25367 ko:K25368 ko:K25369 ko:K25370" type="ortholog"
        link="https://www.kegg.jp/dbget-bin/www_bget?K23681+K23682+K25367+K25368+K25369+K25370">
        <graphics name="K23681..." fgcolor="#000000" bgcolor="#BFBFFF"
             type="rectangle" x="1148" y="280" width="46" height="17"/>
    </entry>
    <entry id="299" name="ko:K25355" type="ortholog"
        link="https://www.kegg.jp/dbget-bin/www_bget?K25355">
        <graphics name="K25355" fgcolor="#000000" bgcolor="#BFBFFF"
             type="rectangle" x="118" y="573" width="46" height="17"/>
    </entry>
    <entry id="301" name="ko:K25483 ko:K25484" type="ortholog"
        link="https://www.kegg.jp/dbget-bin/www_bget?K25483+K25484">
        <graphics name="K25483..." fgcolor="#000000" bgcolor="#BFBFFF"
             type="rectangle" x="528" y="583" width="46" height="17"/>
    </entry>
    <entry id="303" name="ko:K08376" type="ortholog"
        link="https://www.kegg.jp/dbget-bin/www_bget?K08376">
        <graphics name="K08376" fgcolor="#000000" bgcolor="#BFBFFF"
             type="rectangle" x="405" y="459" width="46" height="17"/>
    </entry>
    <entry id="305" name="ko:K25691" type="ortholog"
        link="https://www.kegg.jp/dbget-bin/www_bget?K25691">
        <graphics name="K25691" fgcolor="#000000" bgcolor="#BFBFFF"
             type="rectangle" x="322" y="460" width="46" height="17"/>
    </entry>
    <entry id="306" name="ko:K08378" type="ortholog"
        link="https://www.kegg.jp/dbget-bin/www_bget?K08378">
        <graphics name="K08378" fgcolor="#000000" bgcolor="#BFBFFF"
             type="rectangle" x="405" y="737" width="46" height="17"/>
    </entry>
    <entry id="308" name="ko:K25693" type="ortholog"
        link="https://www.kegg.jp/dbget-bin/www_bget?K25693">
        <graphics name="K25693" fgcolor="#000000" bgcolor="#BFBFFF"
             type="rectangle" x="322" y="737" width="46" height="17"/>
    </entry>
    <entry id="309" name="ko:K25694" type="ortholog"
        link="https://www.kegg.jp/dbget-bin/www_bget?K25694">
        <graphics name="K25694" fgcolor="#000000" bgcolor="#BFBFFF"
             type="rectangle" x="119" y="1028" width="46" height="17"/>
    </entry>
    <entry id="311" name="ko:K04009" type="ortholog"
        link="https://www.kegg.jp/dbget-bin/www_bget?K04009">
        <graphics name="K04009" fgcolor="#000000" bgcolor="#BFBFFF"
             type="rectangle" x="203" y="803" width="46" height="17"/>
    </entry>
    <entry id="312" name="ko:K25695" type="ortholog"
        link="https://www.kegg.jp/dbget-bin/www_bget?K25695">
        <graphics name="K25695" fgcolor="#000000" bgcolor="#BFBFFF"
             type="rectangle" x="120" y="803" width="46" height="17"/>
    </entry>
    <entry id="314" name="ko:K17278" type="ortholog"
        link="https://www.kegg.jp/dbget-bin/www_bget?K17278">
        <graphics name="K17278" fgcolor="#000000" bgcolor="#BFBFFF"
             type="rectangle" x="1231" y="1028" width="46" height="17"/>
    </entry>
    <entry id="315" name="ko:K17278" type="ortholog"
        link="https://www.kegg.jp/dbget-bin/www_bget?K17278">
        <graphics name="K17278" fgcolor="#000000" bgcolor="#BFBFFF"
             type="rectangle" x="1231" y="1075" width="46" height="17"/>
    </entry>
    <entry id="316" name="ko:K26171" type="ortholog"
        link="https://www.kegg.jp/dbget-bin/www_bget?K26171">
        <graphics name="K26171" fgcolor="#000000" bgcolor="#BFBFFF"
             type="rectangle" x="1231" y="1092" width="46" height="17"/>
    </entry>
    <entry id="317" name="cpd:C00410" type="compound"
        link="https://www.kegg.jp/dbget-bin/www_bget?C00410">
        <graphics name="C00410" fgcolor="#000000" bgcolor="#FFFFFF"
             type="circle" x="1167" y="1027" width="8" height="8"/>
    </entry>
    <entry id="319" name="cpd:C00410" type="compound"
        link="https://www.kegg.jp/dbget-bin/www_bget?C00410">
        <graphics name="C00410" fgcolor="#000000" bgcolor="#FFFFFF"
             type="circle" x="1167" y="1083" width="8" height="8"/>
    </entry>
    <entry id="324" name="ko:K26169 ko:K26170" type="ortholog"
        link="https://www.kegg.jp/dbget-bin/www_bget?K26169+K26170">
        <graphics name="K26169..." fgcolor="#000000" bgcolor="#BFBFFF"
             type="rectangle" x="1027" y="1083" width="46" height="17"/>
    </entry>
    <entry id="325" name="cpd:C00410" type="compound"
        link="https://www.kegg.jp/dbget-bin/www_bget?C00410">
        <graphics name="C00410" fgcolor="#000000" bgcolor="#FFFFFF"
             type="circle" x="964" y="1081" width="8" height="8"/>
    </entry>
    <entry id="326" name="undefined" type="group">
        <graphics fgcolor="#000000" bgcolor="#FFFFFF"
             type="rectangle" x="1231" y="1083" width="46" height="34"/>
        <component id="315"/>
        <component id="316"/>
    </entry>
    <relation entry1="149" entry2="150" type="PPrel">
        <subtype name="activation" value="--&gt;"/>
    </relation>
    <relation entry1="148" entry2="143" type="PPrel">
        <subtype name="activation" value="--&gt;"/>
    </relation>
    <relation entry1="147" entry2="142" type="PPrel">
        <subtype name="activation" value="--&gt;"/>
    </relation>
    <relation entry1="146" entry2="141" type="PPrel">
        <subtype name="activation" value="--&gt;"/>
    </relation>
    <relation entry1="145" entry2="139" type="PPrel">
        <subtype name="activation" value="--&gt;"/>
    </relation>
    <relation entry1="144" entry2="133" type="PPrel">
        <subtype name="activation" value="--&gt;"/>
    </relation>
    <relation entry1="23" entry2="119" type="PPrel">
        <subtype name="activation" value="--&gt;"/>
    </relation>
    <relation entry1="29" entry2="114" type="PPrel">
        <subtype name="activation" value="--&gt;"/>
    </relation>
    <relation entry1="28" entry2="113" type="PPrel">
        <subtype name="activation" value="--&gt;"/>
    </relation>
    <relation entry1="27" entry2="112" type="PPrel">
        <subtype name="activation" value="--&gt;"/>
    </relation>
    <relation entry1="101" entry2="111" type="PPrel">
        <subtype name="activation" value="--&gt;"/>
    </relation>
    <relation entry1="100" entry2="110" type="PPrel">
        <subtype name="activation" value="--&gt;"/>
    </relation>
    <relation entry1="99" entry2="109" type="PPrel">
        <subtype name="activation" value="--&gt;"/>
    </relation>
    <relation entry1="98" entry2="108" type="PPrel">
        <subtype name="activation" value="--&gt;"/>
    </relation>
    <relation entry1="97" entry2="107" type="PPrel">
        <subtype name="activation" value="--&gt;"/>
    </relation>
    <relation entry1="96" entry2="106" type="PPrel">
        <subtype name="activation" value="--&gt;"/>
    </relation>
    <relation entry1="95" entry2="105" type="PPrel">
        <subtype name="activation" value="--&gt;"/>
    </relation>
    <relation entry1="94" entry2="104" type="PPrel">
        <subtype name="activation" value="--&gt;"/>
    </relation>
    <relation entry1="93" entry2="88" type="PPrel">
        <subtype name="activation" value="--&gt;"/>
    </relation>
    <relation entry1="91" entry2="86" type="PPrel">
        <subtype name="activation" value="--&gt;"/>
    </relation>
    <relation entry1="90" entry2="85" type="PPrel">
        <subtype name="activation" value="--&gt;"/>
    </relation>
    <relation entry1="24" entry2="83" type="PPrel">
        <subtype name="activation" value="--&gt;"/>
    </relation>
    <relation entry1="67" entry2="72" type="PPrel">
        <subtype name="activation" value="--&gt;"/>
    </relation>
    <relation entry1="66" entry2="71" type="PPrel">
        <subtype name="activation" value="--&gt;"/>
    </relation>
    <relation entry1="65" entry2="48" type="PPrel">
        <subtype name="activation" value="--&gt;"/>
    </relation>
    <relation entry1="64" entry2="47" type="PPrel">
        <subtype name="activation" value="--&gt;"/>
    </relation>
    <relation entry1="63" entry2="46" type="PPrel">
        <subtype name="activation" value="--&gt;"/>
    </relation>
    <relation entry1="62" entry2="45" type="PPrel">
        <subtype name="activation" value="--&gt;"/>
    </relation>
    <relation entry1="61" entry2="45" type="PPrel">
        <subtype name="activation" value="--&gt;"/>
    </relation>
    <relation entry1="60" entry2="45" type="PPrel">
        <subtype name="activation" value="--&gt;"/>
    </relation>
    <relation entry1="58" entry2="44" type="PPrel">
        <subtype name="activation" value="--&gt;"/>
    </relation>
    <relation entry1="57" entry2="44" type="PPrel">
        <subtype name="activation" value="--&gt;"/>
    </relation>
    <relation entry1="56" entry2="44" type="PPrel">
        <subtype name="activation" value="--&gt;"/>
    </relation>
    <relation entry1="55" entry2="43" type="PPrel">
        <subtype name="activation" value="--&gt;"/>
    </relation>
    <relation entry1="54" entry2="43" type="PPrel">
        <subtype name="activation" value="--&gt;"/>
    </relation>
    <relation entry1="53" entry2="43" type="PPrel">
        <subtype name="activation" value="--&gt;"/>
    </relation>
    <relation entry1="51" entry2="42" type="PPrel">
        <subtype name="activation" value="--&gt;"/>
    </relation>
    <relation entry1="50" entry2="41" type="PPrel">
        <subtype name="activation" value="--&gt;"/>
    </relation>
    <relation entry1="39" entry2="40" type="PPrel">
        <subtype name="activation" value="--&gt;"/>
    </relation>
    <relation entry1="49" entry2="37" type="PPrel">
        <subtype name="activation" value="--&gt;"/>
    </relation>
    <relation entry1="38" entry2="36" type="PPrel">
        <subtype name="activation" value="--&gt;"/>
    </relation>
    <relation entry1="34" entry2="35" type="PPrel">
        <subtype name="activation" value="--&gt;"/>
    </relation>
    <relation entry1="243" entry2="242" type="PCrel">
        <subtype name="activation" value="--&gt;"/>
    </relation>
    <relation entry1="269" entry2="140" type="PCrel">
        <subtype name="activation" value="--&gt;"/>
    </relation>
    <relation entry1="245" entry2="138" type="PPrel">
        <subtype name="activation" value="--&gt;"/>
    </relation>
    <relation entry1="246" entry2="132" type="PPrel">
        <subtype name="activation" value="--&gt;"/>
    </relation>
    <relation entry1="291" entry2="137" type="PCrel">
        <subtype name="activation" value="--&gt;"/>
    </relation>
    <relation entry1="247" entry2="137" type="PPrel">
        <subtype name="activation" value="--&gt;"/>
    </relation>
    <relation entry1="248" entry2="136" type="PPrel">
        <subtype name="activation" value="--&gt;"/>
    </relation>
    <relation entry1="249" entry2="135" type="PPrel">
        <subtype name="activation" value="--&gt;"/>
    </relation>
    <relation entry1="250" entry2="134" type="PPrel">
        <subtype name="activation" value="--&gt;"/>
    </relation>
    <relation entry1="251" entry2="131" type="PPrel">
        <subtype name="activation" value="--&gt;"/>
    </relation>
    <relation entry1="252" entry2="130" type="PPrel">
        <subtype name="activation" value="--&gt;"/>
    </relation>
    <relation entry1="253" entry2="120" type="PPrel">
        <subtype name="activation" value="--&gt;"/>
    </relation>
    <relation entry1="254" entry2="129" type="PPrel">
        <subtype name="activation" value="--&gt;"/>
    </relation>
    <relation entry1="255" entry2="32" type="PPrel">
        <subtype name="activation" value="--&gt;"/>
    </relation>
    <relation entry1="256" entry2="128" type="PPrel">
        <subtype name="activation" value="--&gt;"/>
    </relation>
    <relation entry1="257" entry2="70" type="PPrel">
        <subtype name="activation" value="--&gt;"/>
    </relation>
    <relation entry1="258" entry2="115" type="PPrel">
        <subtype name="activation" value="--&gt;"/>
    </relation>
    <relation entry1="259" entry2="117" type="PPrel">
        <subtype name="activation" value="--&gt;"/>
    </relation>
    <relation entry1="260" entry2="127" type="PPrel">
        <subtype name="activation" value="--&gt;"/>
    </relation>
    <relation entry1="261" entry2="69" type="PPrel">
        <subtype name="activation" value="--&gt;"/>
    </relation>
    <relation entry1="262" entry2="126" type="PPrel">
        <subtype name="activation" value="--&gt;"/>
    </relation>
    <relation entry1="293" entry2="125" type="PCrel">
        <subtype name="activation" value="--&gt;"/>
    </relation>
    <relation entry1="289" entry2="125" type="PCrel">
        <subtype name="activation" value="--&gt;"/>
    </relation>
    <relation entry1="288" entry2="125" type="PPrel">
        <subtype name="activation" value="--&gt;"/>
    </relation>
    <relation entry1="263" entry2="118" type="PPrel">
        <subtype name="activation" value="--&gt;"/>
    </relation>
    <relation entry1="264" entry2="121" type="PPrel">
        <subtype name="activation" value="--&gt;"/>
    </relation>
    <relation entry1="265" entry2="124" type="PPrel">
        <subtype name="activation" value="--&gt;"/>
    </relation>
    <relation entry1="266" entry2="123" type="PPrel">
        <subtype name="activation" value="--&gt;"/>
    </relation>
    <relation entry1="267" entry2="31" type="PPrel">
        <subtype name="activation" value="--&gt;"/>
    </relation>
    <relation entry1="268" entry2="30" type="PPrel">
        <subtype name="activation" value="--&gt;"/>
    </relation>
    <relation entry1="270" entry2="116" type="PPrel">
        <subtype name="activation" value="--&gt;"/>
    </relation>
    <relation entry1="271" entry2="122" type="PPrel">
        <subtype name="activation" value="--&gt;"/>
    </relation>
    <relation entry1="272" entry2="68" type="PPrel">
        <subtype name="activation" value="--&gt;"/>
    </relation>
    <relation entry1="273" entry2="26" type="PPrel">
        <subtype name="activation" value="--&gt;"/>
    </relation>
    <relation entry1="33" entry2="103" type="PCrel">
        <subtype name="activation" value="--&gt;"/>
    </relation>
    <relation entry1="274" entry2="102" type="PPrel">
        <subtype name="activation" value="--&gt;"/>
    </relation>
    <relation entry1="277" entry2="89" type="PPrel">
        <subtype name="activation" value="--&gt;"/>
    </relation>
    <relation entry1="92" entry2="87" type="PCrel">
        <subtype name="activation" value="--&gt;"/>
    </relation>
    <relation entry1="275" entry2="25" type="PPrel">
        <subtype name="activation" value="--&gt;"/>
    </relation>
    <relation entry1="276" entry2="84" type="PPrel">
        <subtype name="activation" value="--&gt;"/>
    </relation>
    <relation entry1="295" entry2="82" type="PCrel">
        <subtype name="activation" value="--&gt;"/>
    </relation>
    <relation entry1="278" entry2="82" type="PPrel">
        <subtype name="activation" value="--&gt;"/>
    </relation>
    <relation entry1="279" entry2="81" type="PPrel">
        <subtype name="activation" value="--&gt;"/>
    </relation>
    <relation entry1="280" entry2="80" type="PPrel">
        <subtype name="activation" value="--&gt;"/>
    </relation>
    <relation entry1="281" entry2="79" type="PPrel">
        <subtype name="activation" value="--&gt;"/>
    </relation>
    <relation entry1="282" entry2="78" type="PPrel">
        <subtype name="activation" value="--&gt;"/>
    </relation>
    <relation entry1="283" entry2="77" type="PPrel">
        <subtype name="activation" value="--&gt;"/>
    </relation>
    <relation entry1="284" entry2="76" type="PPrel">
        <subtype name="activation" value="--&gt;"/>
    </relation>
    <relation entry1="285" entry2="75" type="PPrel">
        <subtype name="activation" value="--&gt;"/>
    </relation>
    <relation entry1="286" entry2="74" type="PPrel">
        <subtype name="activation" value="--&gt;"/>
    </relation>
    <relation entry1="287" entry2="73" type="PPrel">
        <subtype name="activation" value="--&gt;"/>
    </relation>
    <relation entry1="59" entry2="45" type="PCrel">
        <subtype name="activation" value="--&gt;"/>
    </relation>
    <relation entry1="52" entry2="43" type="PCrel">
        <subtype name="activation" value="--&gt;"/>
    </relation>
    <relation entry1="297" entry2="242" type="PPrel">
        <subtype name="activation" value="--&gt;"/>
    </relation>
    <relation entry1="299" entry2="132" type="PPrel">
        <subtype name="activation" value="--&gt;"/>
    </relation>
    <relation entry1="301" entry2="112" type="PPrel">
        <subtype name="activation" value="--&gt;"/>
    </relation>
    <relation entry1="312" entry2="311" type="PPrel">
        <subtype name="activation" value="--&gt;"/>
    </relation>
    <relation entry1="309" entry2="120" type="PPrel">
        <subtype name="activation" value="--&gt;"/>
    </relation>
    <relation entry1="308" entry2="306" type="PPrel">
        <subtype name="activation" value="--&gt;"/>
    </relation>
    <relation entry1="305" entry2="303" type="PPrel">
        <subtype name="activation" value="--&gt;"/>
    </relation>
    <relation entry1="325" entry2="324" type="PCrel">
        <subtype name="activation" value="--&gt;"/>
    </relation>
    <relation entry1="317" entry2="314" type="PCrel">
        <subtype name="activation" value="--&gt;"/>
    </relation>
    <relation entry1="319" entry2="326" type="PCrel">
        <subtype name="activation" value="--&gt;"/>
    </relation>
</pathway>
