<?xml version="1.0"?>
<!DOCTYPE pathway SYSTEM "https://www.kegg.jp/kegg/xml/KGML_v0.7.2_.dtd">
<!-- Creation date: Apr 23, 2020 10:53:31 +0900 (GMT+9) -->
<pathway name="path:ko04930" org="ko" number="04930"
         title="Type II diabetes mellitus"
         image="https://www.kegg.jp/kegg/pathway/ko/ko04930.png"
         link="https://www.kegg.jp/kegg-bin/show_pathway?ko04930">
    <entry id="12" name="ko:K00873 ko:K12406" type="ortholog"
        link="https://www.kegg.jp/dbget-bin/www_bget?K00873+K12406">
        <graphics name="K00873..." fgcolor="#000000" bgcolor="#BFBFFF"
             type="rectangle" x="432" y="762" width="46" height="17"/>
    </entry>
    <entry id="13" name="ko:K00922 ko:K02649" type="ortholog"
        link="https://www.kegg.jp/dbget-bin/www_bget?K00922+K02649">
        <graphics name="K00922..." fgcolor="#000000" bgcolor="#BFBFFF"
             type="rectangle" x="515" y="250" width="46" height="17"/>
    </entry>
    <entry id="14" name="ko:K07191" type="ortholog"
        link="https://www.kegg.jp/dbget-bin/www_bget?K07191">
        <graphics name="K07191" fgcolor="#000000" bgcolor="#BFBFFF"
             type="rectangle" x="515" y="144" width="46" height="17"/>
    </entry>
    <entry id="15" name="ko:K16172" type="ortholog"
        link="https://www.kegg.jp/dbget-bin/www_bget?K16172">
        <graphics name="K16172" fgcolor="#000000" bgcolor="#BFBFFF"
             type="rectangle" x="432" y="250" width="46" height="17"/>
    </entry>
    <entry id="16" name="ko:K04527" type="ortholog"
        link="https://www.kegg.jp/dbget-bin/www_bget?K04527">
        <graphics name="K04527" fgcolor="#000000" bgcolor="#BFBFFF"
             type="rectangle" x="266" y="250" width="46" height="17"/>
    </entry>
    <entry id="17" name="ko:K04526" type="ortholog"
        link="https://www.kegg.jp/dbget-bin/www_bget?K04526">
        <graphics name="K04526" fgcolor="#000000" bgcolor="#BFBFFF"
             type="rectangle" x="183" y="250" width="46" height="17"/>
    </entry>
    <entry id="18" name="cpd:C00002" type="compound"
        link="https://www.kegg.jp/dbget-bin/www_bget?C00002">
        <graphics name="C00002" fgcolor="#000000" bgcolor="#FFFFFF"
             type="circle" x="513" y="709" width="8" height="8"/>
    </entry>
    <entry id="19" name="cpd:C00022" type="compound"
        link="https://www.kegg.jp/dbget-bin/www_bget?C00022">
        <graphics name="C00022" fgcolor="#000000" bgcolor="#FFFFFF"
             type="circle" x="513" y="761" width="8" height="8"/>
    </entry>
    <entry id="20" name="cpd:C00238" type="compound"
        link="https://www.kegg.jp/dbget-bin/www_bget?C00238">
        <graphics name="C00238" fgcolor="#000000" bgcolor="#FFFFFF"
             type="circle" x="318" y="728" width="8" height="8"/>
    </entry>
    <entry id="21" name="cpd:C00031" type="compound"
        link="https://www.kegg.jp/dbget-bin/www_bget?C00031">
        <graphics name="C00031" fgcolor="#000000" bgcolor="#FFFFFF"
             type="circle" x="182" y="761" width="8" height="8"/>
    </entry>
    <entry id="22" name="ko:K04694 ko:K04695 ko:K04696 ko:K04697" type="ortholog"
        link="https://www.kegg.jp/dbget-bin/www_bget?K04694+K04695+K04696+K04697">
        <graphics name="K04694..." fgcolor="#000000" bgcolor="#BFBFFF"
             type="rectangle" x="349" y="313" width="46" height="17"/>
    </entry>
    <entry id="23" name="ko:K04371" type="ortholog"
        link="https://www.kegg.jp/dbget-bin/www_bget?K04371">
        <graphics name="K04371" fgcolor="#000000" bgcolor="#BFBFFF"
             type="rectangle" x="349" y="340" width="46" height="17"/>
    </entry>
    <entry id="24" name="cpd:C00162" type="compound"
        link="https://www.kegg.jp/dbget-bin/www_bget?C00162">
        <graphics name="C00162" fgcolor="#000000" bgcolor="#FFFFFF"
             type="circle" x="182" y="378" width="8" height="8"/>
    </entry>
    <entry id="25" name="cpd:C00076" type="compound"
        link="https://www.kegg.jp/dbget-bin/www_bget?C00076">
        <graphics name="C00076" fgcolor="#000000" bgcolor="#FFFFFF"
             type="circle" x="347" y="657" width="8" height="8"/>
    </entry>
    <entry id="26" name="cpd:C00031" type="compound"
        link="https://www.kegg.jp/dbget-bin/www_bget?C00031">
        <graphics name="C00031" fgcolor="#000000" bgcolor="#FFFFFF"
             type="circle" x="101" y="539" width="8" height="8"/>
    </entry>
    <entry id="27" name="ko:K07296" type="ortholog"
        link="https://www.kegg.jp/dbget-bin/www_bget?K07296">
        <graphics name="K07296" fgcolor="#000000" bgcolor="#BFBFFF"
             type="rectangle" x="183" y="144" width="46" height="17"/>
    </entry>
    <entry id="28" name="ko:K07209" type="ortholog"
        link="https://www.kegg.jp/dbget-bin/www_bget?K07209">
        <graphics name="K07209" fgcolor="#000000" bgcolor="#BFBFFF"
             type="rectangle" x="349" y="368" width="46" height="17"/>
    </entry>
    <entry id="29" name="ko:K18050 ko:K06068" type="ortholog"
        link="https://www.kegg.jp/dbget-bin/www_bget?K18050+K06068">
        <graphics name="K18050..." fgcolor="#000000" bgcolor="#BFBFFF"
             type="rectangle" x="349" y="466" width="46" height="17"/>
    </entry>
    <entry id="30" name="ko:K07594" type="ortholog"
        link="https://www.kegg.jp/dbget-bin/www_bget?K07594">
        <graphics name="K07594" fgcolor="#000000" bgcolor="#BFBFFF"
             type="rectangle" x="432" y="597" width="46" height="17"/>
    </entry>
    <entry id="31" name="ko:K16172 ko:K07187 ko:K17445 ko:K17446" type="ortholog"
        link="https://www.kegg.jp/dbget-bin/www_bget?K16172+K07187+K17445+K17446">
        <graphics name="K16172..." fgcolor="#000000" bgcolor="#BFBFFF"
             type="rectangle" x="432" y="272" width="46" height="17"/>
    </entry>
    <entry id="32" name="ko:K04440" type="ortholog"
        link="https://www.kegg.jp/dbget-bin/www_bget?K04440">
        <graphics name="K04440" fgcolor="#000000" bgcolor="#BFBFFF"
             type="rectangle" x="349" y="388" width="46" height="17"/>
    </entry>
    <entry id="33" name="ko:K18952" type="ortholog"
        link="https://www.kegg.jp/dbget-bin/www_bget?K18952">
        <graphics name="K18952" fgcolor="#000000" bgcolor="#BFBFFF"
             type="rectangle" x="349" y="437" width="46" height="17"/>
    </entry>
    <entry id="34" name="ko:K03156" type="ortholog"
        link="https://www.kegg.jp/dbget-bin/www_bget?K03156">
        <graphics name="K03156" fgcolor="#000000" bgcolor="#BFBFFF"
             type="rectangle" x="183" y="417" width="46" height="17"/>
    </entry>
    <entry id="35" name="ko:K04440" type="ortholog"
        link="https://www.kegg.jp/dbget-bin/www_bget?K04440">
        <graphics name="K04440" fgcolor="#000000" bgcolor="#BFBFFF"
             type="rectangle" x="369" y="589" width="46" height="17"/>
    </entry>
    <entry id="36" name="ko:K04344 ko:K04849 ko:K04850 ko:K04851 ko:K04852 ko:K04854" type="ortholog"
        link="https://www.kegg.jp/dbget-bin/www_bget?K04344+K04849+K04850+K04851+K04852+K04854">
        <graphics name="K04344..." fgcolor="#000000" bgcolor="#BFBFFF"
             type="rectangle" x="266" y="658" width="46" height="17"/>
    </entry>
    <entry id="37" name="ko:K04526" type="ortholog"
        link="https://www.kegg.jp/dbget-bin/www_bget?K04526">
        <graphics name="K04526" fgcolor="#000000" bgcolor="#BFBFFF"
             type="rectangle" x="598" y="614" width="46" height="17"/>
    </entry>
    <entry id="38" name="ko:K00844 ko:K12407" type="ortholog"
        link="https://www.kegg.jp/dbget-bin/www_bget?K00844+K12407">
        <graphics name="K00844..." fgcolor="#000000" bgcolor="#BFBFFF"
             type="rectangle" x="349" y="762" width="46" height="17"/>
    </entry>
    <entry id="39" name="ko:K07203" type="ortholog"
        link="https://www.kegg.jp/dbget-bin/www_bget?K07203">
        <graphics name="K07203" fgcolor="#000000" bgcolor="#BFBFFF"
             type="rectangle" x="349" y="417" width="46" height="17"/>
    </entry>
    <entry id="40" name="ko:K07595" type="ortholog"
        link="https://www.kegg.jp/dbget-bin/www_bget?K07595">
        <graphics name="K07595" fgcolor="#000000" bgcolor="#BFBFFF"
             type="rectangle" x="432" y="631" width="46" height="17"/>
    </entry>
    <entry id="41" name="ko:K07593" type="ortholog"
        link="https://www.kegg.jp/dbget-bin/www_bget?K07593">
        <graphics name="K07593" fgcolor="#000000" bgcolor="#BFBFFF"
             type="rectangle" x="266" y="762" width="46" height="17"/>
    </entry>
    <entry id="42" name="ko:K05004" type="ortholog"
        link="https://www.kegg.jp/dbget-bin/www_bget?K05004">
        <graphics name="K05004" fgcolor="#000000" bgcolor="#BFBFFF"
             type="rectangle" x="266" y="728" width="46" height="17"/>
    </entry>
    <entry id="43" name="ko:K05032" type="ortholog"
        link="https://www.kegg.jp/dbget-bin/www_bget?K05032">
        <graphics name="K05032" fgcolor="#000000" bgcolor="#BFBFFF"
             type="rectangle" x="266" y="711" width="46" height="17"/>
    </entry>
    <entry id="44" name="path:ko04930" type="map"
        link="https://www.kegg.jp/dbget-bin/www_bget?ko04930">
        <graphics name="TITLE:Type II diabetes mellitus" fgcolor="#000000" bgcolor="#FFFFFF"
             type="roundrectangle" x="156" y="58" width="232" height="25"/>
    </entry>
    <entry id="45" name="path:ko04920" type="map"
        link="https://www.kegg.jp/dbget-bin/www_bget?ko04920">
        <graphics name="Adipocytokine signaling pathway" fgcolor="#000000" bgcolor="#FFFFFF"
             type="roundrectangle" x="348" y="169" width="106" height="34"/>
    </entry>
    <entry id="46" name="path:ko04910" type="map"
        link="https://www.kegg.jp/dbget-bin/www_bget?ko04910">
        <graphics name="Insulin signaling pathway" fgcolor="#000000" bgcolor="#FFFFFF"
             type="roundrectangle" x="348" y="219" width="106" height="32"/>
    </entry>
    <entry id="47" name="path:ko04920" type="map"
        link="https://www.kegg.jp/dbget-bin/www_bget?ko04920">
        <graphics name="Adipocytokine signaling pathway" fgcolor="#000000" bgcolor="#FFFFFF"
             type="roundrectangle" x="190" y="349" width="106" height="34"/>
    </entry>
    <entry id="48" name="path:ko04210" type="map"
        link="https://www.kegg.jp/dbget-bin/www_bget?ko04210">
        <graphics name="Apoptosis" fgcolor="#000000" bgcolor="#FFFFFF"
             type="roundrectangle" x="512" y="559" width="70" height="25"/>
    </entry>
    <entry id="49" name="path:ko04950" type="map"
        link="https://www.kegg.jp/dbget-bin/www_bget?ko04950">
        <graphics name="Maturity onset diabetes of the young" fgcolor="#000000" bgcolor="#FFFFFF"
             type="roundrectangle" x="723" y="574" width="126" height="34"/>
    </entry>
    <relation entry1="17" entry2="16" type="PPrel">
        <subtype name="activation" value="--&gt;"/>
    </relation>
    <relation entry1="16" entry2="15" type="PPrel">
        <subtype name="activation" value="--&gt;"/>
    </relation>
    <relation entry1="15" entry2="13" type="PPrel">
        <subtype name="activation" value="--&gt;"/>
    </relation>
    <relation entry1="16" entry2="31" type="PPrel">
        <subtype name="activation" value="--&gt;"/>
    </relation>
    <relation entry1="31" entry2="13" type="PPrel">
        <subtype name="activation" value="--&gt;"/>
    </relation>
    <relation entry1="27" entry2="14" type="PPrel">
        <subtype name="indirect effect" value="..&gt;"/>
    </relation>
    <relation entry1="16" entry2="23" type="PPrel">
        <subtype name="indirect effect" value="..&gt;"/>
    </relation>
    <relation entry1="34" entry2="28" type="PPrel">
        <subtype name="indirect effect" value="..&gt;"/>
    </relation>
    <relation entry1="34" entry2="32" type="PPrel">
        <subtype name="indirect effect" value="..&gt;"/>
    </relation>
    <relation entry1="34" entry2="39" type="PPrel">
        <subtype name="indirect effect" value="..&gt;"/>
    </relation>
    <relation entry1="13" entry2="14" type="PPrel">
        <subtype name="indirect effect" value="..&gt;"/>
    </relation>
    <relation entry1="13" entry2="39" type="PPrel">
        <subtype name="indirect effect" value="..&gt;"/>
    </relation>
    <relation entry1="13" entry2="33" type="PPrel">
        <subtype name="indirect effect" value="..&gt;"/>
    </relation>
    <relation entry1="22" entry2="31" type="PPrel">
        <subtype name="inhibition" value="--|"/>
    </relation>
    <relation entry1="22" entry2="16" type="PPrel">
        <subtype name="inhibition" value="--|"/>
    </relation>
    <relation entry1="28" entry2="31" type="PPrel">
        <subtype name="inhibition" value="--|"/>
        <subtype name="phosphorylation" value="+p"/>
    </relation>
    <relation entry1="32" entry2="31" type="PPrel">
        <subtype name="inhibition" value="--|"/>
        <subtype name="phosphorylation" value="+p"/>
    </relation>
    <relation entry1="39" entry2="31" type="PPrel">
        <subtype name="inhibition" value="--|"/>
        <subtype name="phosphorylation" value="+p"/>
    </relation>
    <relation entry1="33" entry2="31" type="PPrel">
        <subtype name="inhibition" value="--|"/>
        <subtype name="phosphorylation" value="+p"/>
    </relation>
    <relation entry1="29" entry2="31" type="PPrel">
        <subtype name="inhibition" value="--|"/>
        <subtype name="phosphorylation" value="+p"/>
    </relation>
    <relation entry1="23" entry2="31" type="PPrel">
        <subtype name="indirect effect" value="..&gt;"/>
    </relation>
    <relation entry1="30" entry2="37" type="GErel">
        <subtype name="expression" value="--&gt;"/>
    </relation>
    <relation entry1="40" entry2="37" type="GErel">
        <subtype name="expression" value="--&gt;"/>
    </relation>
    <relation entry1="28" entry2="24" type="PCrel">
    </relation>
    <relation entry1="32" entry2="24" type="PCrel">
    </relation>
    <relation entry1="29" entry2="26" type="PCrel">
    </relation>
    <relation entry1="38" entry2="21" type="PCrel">
    </relation>
    <relation entry1="12" entry2="19" type="PCrel">
    </relation>
    <relation entry1="43" entry2="18" type="PCrel">
    </relation>
    <relation entry1="42" entry2="18" type="PCrel">
    </relation>
    <relation entry1="43" entry2="36" type="PPrel">
        <subtype name="indirect effect" value="..&gt;"/>
    </relation>
    <relation entry1="42" entry2="36" type="PPrel">
        <subtype name="indirect effect" value="..&gt;"/>
    </relation>
    <relation entry1="41" entry2="21" type="PCrel">
    </relation>
    <relation entry1="42" entry2="20" type="PCrel">
    </relation>
    <relation entry1="36" entry2="37" type="PPrel">
        <subtype name="compound" value="25"/>
    </relation>
    <relation entry1="38" entry2="12" type="PPrel">
        <subtype name="indirect effect" value="..&gt;"/>
    </relation>
</pathway>
