<?xml version="1.0"?>
<!DOCTYPE pathway SYSTEM "https://www.kegg.jp/kegg/xml/KGML_v0.7.2_.dtd">
<!-- Creation date: Feb 3, 2016 17:09:25 +0900 (GMT+9) -->
<pathway name="path:ko04213" org="ko" number="04213"
         title="Longevity regulating pathway - multiple species"
         image="https://www.kegg.jp/kegg/pathway/ko/ko04213.png"
         link="https://www.kegg.jp/kegg-bin/show_pathway?ko04213">
    <entry id="4" name="ko:K07201 ko:K09408" type="ortholog"
        link="https://www.kegg.jp/dbget-bin/www_bget?K07201+K09408">
        <graphics name="K07201..." fgcolor="#000000" bgcolor="#BFBFFF"
             type="rectangle" x="1009" y="233" width="46" height="17"/>
    </entry>
    <entry id="5" name="ko:K04688" type="ortholog"
        link="https://www.kegg.jp/dbget-bin/www_bget?K04688">
        <graphics name="K04688" fgcolor="#000000" bgcolor="#BFBFFF"
             type="rectangle" x="782" y="282" width="46" height="17"/>
    </entry>
    <entry id="6" name="ko:K07203 ko:K07204 ko:K16184" type="ortholog"
        link="https://www.kegg.jp/dbget-bin/www_bget?K07203+K07204+K16184">
        <graphics name="K07203..." fgcolor="#000000" bgcolor="#BFBFFF"
             type="rectangle" x="705" y="282" width="46" height="17"/>
    </entry>
    <entry id="7" name="ko:K04456" type="ortholog"
        link="https://www.kegg.jp/dbget-bin/www_bget?K04456">
        <graphics name="K04456" fgcolor="#000000" bgcolor="#BFBFFF"
             type="rectangle" x="716" y="233" width="46" height="17"/>
    </entry>
    <entry id="8" name="ko:K00922 ko:K02649" type="ortholog"
        link="https://www.kegg.jp/dbget-bin/www_bget?K00922+K02649">
        <graphics name="K00922..." fgcolor="#000000" bgcolor="#BFBFFF"
             type="rectangle" x="513" y="233" width="46" height="17"/>
    </entry>
    <entry id="9" name="cpd:C05981" type="compound"
        link="https://www.kegg.jp/dbget-bin/www_bget?C05981">
        <graphics name="C05981" fgcolor="#000000" bgcolor="#FFFFFF"
             type="circle" x="584" y="235" width="8" height="8"/>
    </entry>
    <entry id="10" name="path:ko04213" type="map"
        link="https://www.kegg.jp/dbget-bin/www_bget?ko04213">
        <graphics name="TITLE:Longevity regulating pathway - multiple species" fgcolor="#000000" bgcolor="#FFFFFF"
             type="roundrectangle" x="258" y="58" width="435" height="25"/>
    </entry>
    <entry id="20" name="ko:K05459" type="ortholog"
        link="https://www.kegg.jp/dbget-bin/www_bget?K05459">
        <graphics name="K05459" fgcolor="#000000" bgcolor="#BFBFFF"
             type="rectangle" x="249" y="246" width="46" height="17"/>
    </entry>
    <entry id="21" name="ko:K05087" type="ortholog"
        link="https://www.kegg.jp/dbget-bin/www_bget?K05087">
        <graphics name="K05087" fgcolor="#000000" bgcolor="#BFBFFF"
             type="rectangle" x="338" y="246" width="46" height="17"/>
    </entry>
    <entry id="23" name="ko:K16172 ko:K07187 ko:K17445 ko:K17446" type="ortholog"
        link="https://www.kegg.jp/dbget-bin/www_bget?K16172+K07187+K17445+K17446">
        <graphics name="K16172..." fgcolor="#000000" bgcolor="#BFBFFF"
             type="rectangle" x="427" y="215" width="46" height="17"/>
    </entry>
    <entry id="24" name="ko:K02833 ko:K07827 ko:K07828" type="ortholog"
        link="https://www.kegg.jp/dbget-bin/www_bget?K02833+K07827+K07828">
        <graphics name="K02833..." fgcolor="#000000" bgcolor="#BFBFFF"
             type="rectangle" x="427" y="259" width="46" height="17"/>
    </entry>
    <entry id="28" name="ko:K09408" type="ortholog"
        link="https://www.kegg.jp/dbget-bin/www_bget?K09408">
        <graphics name="K09408" fgcolor="#000000" bgcolor="#BFBFFF"
             type="rectangle" x="1009" y="422" width="46" height="17"/>
    </entry>
    <entry id="29" name="ko:K04688" type="ortholog"
        link="https://www.kegg.jp/dbget-bin/www_bget?K04688">
        <graphics name="K04688" fgcolor="#000000" bgcolor="#BFBFFF"
             type="rectangle" x="782" y="476" width="46" height="17"/>
    </entry>
    <entry id="30" name="ko:K07203 ko:K07204" type="ortholog"
        link="https://www.kegg.jp/dbget-bin/www_bget?K07203+K07204">
        <graphics name="K07203..." fgcolor="#000000" bgcolor="#BFBFFF"
             type="rectangle" x="705" y="476" width="46" height="17"/>
    </entry>
    <entry id="31" name="ko:K04456" type="ortholog"
        link="https://www.kegg.jp/dbget-bin/www_bget?K04456">
        <graphics name="K04456" fgcolor="#000000" bgcolor="#BFBFFF"
             type="rectangle" x="716" y="422" width="46" height="17"/>
    </entry>
    <entry id="32" name="ko:K00922 ko:K02649" type="ortholog"
        link="https://www.kegg.jp/dbget-bin/www_bget?K00922+K02649">
        <graphics name="K00922..." fgcolor="#000000" bgcolor="#BFBFFF"
             type="rectangle" x="513" y="422" width="46" height="17"/>
    </entry>
    <entry id="33" name="cpd:C05981" type="compound"
        link="https://www.kegg.jp/dbget-bin/www_bget?C05981">
        <graphics name="C05981" fgcolor="#000000" bgcolor="#FFFFFF"
             type="circle" x="584" y="422" width="8" height="8"/>
    </entry>
    <entry id="43" name="ko:K04526 ko:K05459 ko:K19805" type="ortholog"
        link="https://www.kegg.jp/dbget-bin/www_bget?K04526+K05459+K19805">
        <graphics name="K04526..." fgcolor="#000000" bgcolor="#BFBFFF"
             type="rectangle" x="249" y="422" width="46" height="17"/>
    </entry>
    <entry id="44" name="ko:K05087" type="ortholog"
        link="https://www.kegg.jp/dbget-bin/www_bget?K05087">
        <graphics name="K05087" fgcolor="#000000" bgcolor="#BFBFFF"
             type="rectangle" x="339" y="422" width="46" height="17"/>
    </entry>
    <entry id="46" name="ko:K16172" type="ortholog"
        link="https://www.kegg.jp/dbget-bin/www_bget?K16172">
        <graphics name="K16172" fgcolor="#000000" bgcolor="#BFBFFF"
             type="rectangle" x="427" y="399" width="46" height="17"/>
    </entry>
    <entry id="49" name="ko:K09408" type="ortholog"
        link="https://www.kegg.jp/dbget-bin/www_bget?K09408">
        <graphics name="K09408" fgcolor="#000000" bgcolor="#BFBFFF"
             type="rectangle" x="1009" y="643" width="46" height="17"/>
    </entry>
    <entry id="50" name="ko:K04456" type="ortholog"
        link="https://www.kegg.jp/dbget-bin/www_bget?K04456">
        <graphics name="K04456" fgcolor="#000000" bgcolor="#BFBFFF"
             type="rectangle" x="718" y="643" width="46" height="17"/>
    </entry>
    <entry id="51" name="ko:K00922" type="ortholog"
        link="https://www.kegg.jp/dbget-bin/www_bget?K00922">
        <graphics name="K00922" fgcolor="#000000" bgcolor="#BFBFFF"
             type="rectangle" x="513" y="642" width="46" height="17"/>
    </entry>
    <entry id="52" name="cpd:C05981" type="compound"
        link="https://www.kegg.jp/dbget-bin/www_bget?C05981">
        <graphics name="C05981" fgcolor="#000000" bgcolor="#FFFFFF"
             type="circle" x="584" y="643" width="8" height="8"/>
    </entry>
    <entry id="59" name="ko:K04527" type="ortholog"
        link="https://www.kegg.jp/dbget-bin/www_bget?K04527">
        <graphics name="K04527" fgcolor="#000000" bgcolor="#BFBFFF"
             type="rectangle" x="339" y="642" width="46" height="17"/>
    </entry>
    <entry id="61" name="ko:K12762" type="ortholog"
        link="https://www.kegg.jp/dbget-bin/www_bget?K12762">
        <graphics name="K12762" fgcolor="#000000" bgcolor="#BFBFFF"
             type="rectangle" x="339" y="824" width="46" height="17"/>
    </entry>
    <entry id="62" name="ko:K07827" type="ortholog"
        link="https://www.kegg.jp/dbget-bin/www_bget?K07827">
        <graphics name="K07827" fgcolor="#000000" bgcolor="#BFBFFF"
             type="rectangle" x="427" y="824" width="46" height="17"/>
    </entry>
    <entry id="63" name="ko:K04345" type="ortholog"
        link="https://www.kegg.jp/dbget-bin/www_bget?K04345">
        <graphics name="K04345" fgcolor="#000000" bgcolor="#BFBFFF"
             type="rectangle" x="718" y="824" width="46" height="17"/>
    </entry>
    <entry id="64" name="ko:K09468" type="ortholog"
        link="https://www.kegg.jp/dbget-bin/www_bget?K09468">
        <graphics name="K09468" fgcolor="#000000" bgcolor="#BFBFFF"
             type="rectangle" x="1009" y="828" width="46" height="17"/>
    </entry>
    <entry id="69" name="ko:K04688" type="ortholog"
        link="https://www.kegg.jp/dbget-bin/www_bget?K04688">
        <graphics name="K04688" fgcolor="#000000" bgcolor="#BFBFFF"
             type="rectangle" x="781" y="702" width="44" height="17"/>
    </entry>
    <entry id="70" name="ko:K07203 ko:K07204" type="ortholog"
        link="https://www.kegg.jp/dbget-bin/www_bget?K07203+K07204">
        <graphics name="K07203..." fgcolor="#000000" bgcolor="#BFBFFF"
             type="rectangle" x="705" y="702" width="46" height="17"/>
    </entry>
    <entry id="72" name="ko:K19800" type="ortholog"
        link="https://www.kegg.jp/dbget-bin/www_bget?K19800">
        <graphics name="K19800" fgcolor="#000000" bgcolor="#BFBFFF"
             type="rectangle" x="791" y="907" width="44" height="17"/>
    </entry>
    <entry id="73" name="ko:K07203" type="ortholog"
        link="https://www.kegg.jp/dbget-bin/www_bget?K07203">
        <graphics name="K07203" fgcolor="#000000" bgcolor="#BFBFFF"
             type="rectangle" x="715" y="907" width="46" height="17"/>
    </entry>
    <entry id="75" name="ko:K12767" type="ortholog"
        link="https://www.kegg.jp/dbget-bin/www_bget?K12767">
        <graphics name="K12767" fgcolor="#000000" bgcolor="#BFBFFF"
             type="rectangle" x="825" y="870" width="46" height="17"/>
    </entry>
    <entry id="82" name="ko:K18644" type="ortholog"
        link="https://www.kegg.jp/dbget-bin/www_bget?K18644">
        <graphics name="K18644" fgcolor="#000000" bgcolor="#BFBFFF"
             type="rectangle" x="1009" y="500" width="46" height="17"/>
    </entry>
    <entry id="85" name="ko:K08035" type="ortholog"
        link="https://www.kegg.jp/dbget-bin/www_bget?K08035">
        <graphics name="K08035" fgcolor="#000000" bgcolor="#BFBFFF"
             type="rectangle" x="1009" y="702" width="46" height="17"/>
    </entry>
    <entry id="88" name="ko:K19798" type="ortholog"
        link="https://www.kegg.jp/dbget-bin/www_bget?K19798">
        <graphics name="K19798" fgcolor="#000000" bgcolor="#BFBFFF"
             type="rectangle" x="1009" y="870" width="46" height="17"/>
    </entry>
    <entry id="89" name="ko:K19764" type="ortholog"
        link="https://www.kegg.jp/dbget-bin/www_bget?K19764">
        <graphics name="K19764" fgcolor="#000000" bgcolor="#BFBFFF"
             type="rectangle" x="249" y="642" width="46" height="17"/>
    </entry>
    <entry id="91" name="ko:K16172" type="ortholog"
        link="https://www.kegg.jp/dbget-bin/www_bget?K16172">
        <graphics name="K16172" fgcolor="#000000" bgcolor="#BFBFFF"
             type="rectangle" x="427" y="615" width="46" height="17"/>
    </entry>
    <entry id="96" name="cpd:C00575" type="compound"
        link="https://www.kegg.jp/dbget-bin/www_bget?C00575">
        <graphics name="C00575" fgcolor="#000000" bgcolor="#FFFFFF"
             type="circle" x="584" y="825" width="8" height="8"/>
    </entry>
    <entry id="98" name="cpd:C00575" type="compound"
        link="https://www.kegg.jp/dbget-bin/www_bget?C00575">
        <graphics name="C00575" fgcolor="#000000" bgcolor="#FFFFFF"
             type="circle" x="584" y="188" width="8" height="8"/>
    </entry>
    <entry id="99" name="ko:K04345" type="ortholog"
        link="https://www.kegg.jp/dbget-bin/www_bget?K04345">
        <graphics name="K04345" fgcolor="#000000" bgcolor="#BFBFFF"
             type="rectangle" x="716" y="189" width="46" height="17"/>
    </entry>
    <entry id="101" name="ko:K08041 ko:K08042 ko:K08043 ko:K08044 ko:K08045 ko:K08046 ko:K08047 ko:K08048 ko:K08049" type="ortholog"
        link="https://www.kegg.jp/dbget-bin/www_bget?K08041+K08042+K08043+K08044+K08045+K08046+K08047+K08048+K08049">
        <graphics name="K08041..." fgcolor="#000000" bgcolor="#BFBFFF"
             type="rectangle" x="513" y="189" width="46" height="17"/>
    </entry>
    <entry id="104" name="ko:K01768" type="ortholog"
        link="https://www.kegg.jp/dbget-bin/www_bget?K01768">
        <graphics name="K01768" fgcolor="#000000" bgcolor="#BFBFFF"
             type="rectangle" x="513" y="824" width="46" height="17"/>
    </entry>
    <entry id="106" name="ko:K07198 ko:K07199 ko:K07200" type="ortholog"
        link="https://www.kegg.jp/dbget-bin/www_bget?K07198+K07199+K07200">
        <graphics name="K07198..." fgcolor="#000000" bgcolor="#BFBFFF"
             type="rectangle" x="628" y="282" width="46" height="17"/>
    </entry>
    <entry id="113" name="ko:K04526" type="ortholog"
        link="https://www.kegg.jp/dbget-bin/www_bget?K04526">
        <graphics name="K04526" fgcolor="#000000" bgcolor="#BFBFFF"
             type="rectangle" x="249" y="223" width="46" height="17"/>
    </entry>
    <entry id="114" name="ko:K04527" type="ortholog"
        link="https://www.kegg.jp/dbget-bin/www_bget?K04527">
        <graphics name="K04527" fgcolor="#000000" bgcolor="#BFBFFF"
             type="rectangle" x="339" y="223" width="46" height="17"/>
    </entry>
    <entry id="116" name="path:ko04910" type="map"
        link="https://www.kegg.jp/dbget-bin/www_bget?ko04910">
        <graphics name="Insulin signaling pathway" fgcolor="#000000" bgcolor="#FFFFFF"
             type="roundrectangle" x="252" y="334" width="108" height="34"/>
    </entry>
    <entry id="117" name="path:ko04150" type="map"
        link="https://www.kegg.jp/dbget-bin/www_bget?ko04150">
        <graphics name="mTOR signaling pathway" fgcolor="#000000" bgcolor="#FFFFFF"
             type="roundrectangle" x="749" y="334" width="108" height="34"/>
    </entry>
    <entry id="118" name="path:ko04151" type="map"
        link="https://www.kegg.jp/dbget-bin/www_bget?ko04151">
        <graphics name="PI3K-Akt signaling pathway" fgcolor="#000000" bgcolor="#FFFFFF"
             type="roundrectangle" x="485" y="334" width="120" height="34"/>
    </entry>
    <entry id="123" name="path:ko04068" type="map"
        link="https://www.kegg.jp/dbget-bin/www_bget?ko04068">
        <graphics name="FoxO signaling pathway" fgcolor="#000000" bgcolor="#FFFFFF"
             type="roundrectangle" x="1094" y="211" width="108" height="34"/>
    </entry>
    <entry id="124" name="ko:K04564" type="ortholog"
        link="https://www.kegg.jp/dbget-bin/www_bget?K04564">
        <graphics name="K04564" fgcolor="#000000" bgcolor="#BFBFFF"
             type="rectangle" x="1289" y="225" width="46" height="17"/>
    </entry>
    <entry id="125" name="ko:K04564 ko:K04565" type="ortholog"
        link="https://www.kegg.jp/dbget-bin/www_bget?K04564+K04565">
        <graphics name="K04564..." fgcolor="#000000" bgcolor="#BFBFFF"
             type="rectangle" x="1289" y="450" width="46" height="17"/>
    </entry>
    <entry id="126" name="ko:K04564" type="ortholog"
        link="https://www.kegg.jp/dbget-bin/www_bget?K04564">
        <graphics name="K04564" fgcolor="#000000" bgcolor="#BFBFFF"
             type="rectangle" x="1289" y="667" width="46" height="17"/>
    </entry>
    <entry id="127" name="ko:K03283 ko:K09542" type="ortholog"
        link="https://www.kegg.jp/dbget-bin/www_bget?K03283+K09542">
        <graphics name="K03283..." fgcolor="#000000" bgcolor="#BFBFFF"
             type="rectangle" x="1289" y="476" width="46" height="17"/>
    </entry>
    <entry id="128" name="ko:K19766 ko:K19767 ko:K19768 ko:K19769" type="ortholog"
        link="https://www.kegg.jp/dbget-bin/www_bget?K19766+K19767+K19768+K19769">
        <graphics name="K19766..." fgcolor="#000000" bgcolor="#BFBFFF"
             type="rectangle" x="1289" y="713" width="46" height="17"/>
    </entry>
    <entry id="129" name="ko:K03695" type="ortholog"
        link="https://www.kegg.jp/dbget-bin/www_bget?K03695">
        <graphics name="K03695" fgcolor="#000000" bgcolor="#BFBFFF"
             type="rectangle" x="1289" y="932" width="46" height="17"/>
    </entry>
    <entry id="158" name="path:ko04152" type="map"
        link="https://www.kegg.jp/dbget-bin/www_bget?ko04152">
        <graphics name="AMPK signaling pathway" fgcolor="#000000" bgcolor="#FFFFFF"
             type="roundrectangle" x="621" y="334" width="120" height="34"/>
    </entry>
    <entry id="162" name="ko:K07198 ko:K07199 ko:K07200" type="ortholog"
        link="https://www.kegg.jp/dbget-bin/www_bget?K07198+K07199+K07200">
        <graphics name="K07198..." fgcolor="#000000" bgcolor="#BFBFFF"
             type="rectangle" x="628" y="476" width="46" height="17"/>
    </entry>
    <entry id="164" name="ko:K03781" type="ortholog"
        link="https://www.kegg.jp/dbget-bin/www_bget?K03781">
        <graphics name="K03781" fgcolor="#000000" bgcolor="#BFBFFF"
             type="rectangle" x="1289" y="249" width="46" height="17"/>
    </entry>
    <entry id="165" name="ko:K08339" type="ortholog"
        link="https://www.kegg.jp/dbget-bin/www_bget?K08339">
        <graphics name="K08339" fgcolor="#000000" bgcolor="#BFBFFF"
             type="rectangle" x="1289" y="274" width="46" height="17"/>
    </entry>
    <entry id="168" name="ko:K03781" type="ortholog"
        link="https://www.kegg.jp/dbget-bin/www_bget?K03781">
        <graphics name="K03781" fgcolor="#000000" bgcolor="#BFBFFF"
             type="rectangle" x="1289" y="690" width="46" height="17"/>
    </entry>
    <entry id="169" name="ko:K03781" type="ortholog"
        link="https://www.kegg.jp/dbget-bin/www_bget?K03781">
        <graphics name="K03781" fgcolor="#000000" bgcolor="#BFBFFF"
             type="rectangle" x="1289" y="906" width="46" height="17"/>
    </entry>
    <entry id="170" name="ko:K04564" type="ortholog"
        link="https://www.kegg.jp/dbget-bin/www_bget?K04564">
        <graphics name="K04564" fgcolor="#000000" bgcolor="#BFBFFF"
             type="rectangle" x="1289" y="878" width="46" height="17"/>
    </entry>
    <entry id="171" name="path:ko04211" type="map"
        link="https://www.kegg.jp/dbget-bin/www_bget?ko04211">
        <graphics name="Longevity regulating pathway" fgcolor="#000000" bgcolor="#FFFFFF"
             type="roundrectangle" x="232" y="183" width="129" height="34"/>
    </entry>
    <entry id="172" name="path:ko04212" type="map"
        link="https://www.kegg.jp/dbget-bin/www_bget?ko04212">
        <graphics name="Longevity regulating pathway - worm" fgcolor="#000000" bgcolor="#FFFFFF"
             type="roundrectangle" x="232" y="595" width="129" height="34"/>
    </entry>
    <entry id="173" name="ko:K01440" type="ortholog"
        link="https://www.kegg.jp/dbget-bin/www_bget?K01440">
        <graphics name="K01440" fgcolor="#000000" bgcolor="#BFBFFF"
             type="rectangle" x="913" y="950" width="46" height="17"/>
    </entry>
    <entry id="174" name="ko:K11121" type="ortholog"
        link="https://www.kegg.jp/dbget-bin/www_bget?K11121">
        <graphics name="K11121" fgcolor="#000000" bgcolor="#BFBFFF"
             type="rectangle" x="946" y="991" width="46" height="17"/>
    </entry>
    <entry id="178" name="ko:K11411" type="ortholog"
        link="https://www.kegg.jp/dbget-bin/www_bget?K11411">
        <graphics name="K11411" fgcolor="#000000" bgcolor="#BFBFFF"
             type="rectangle" x="946" y="766" width="46" height="17"/>
    </entry>
    <entry id="179" name="ko:K11411" type="ortholog"
        link="https://www.kegg.jp/dbget-bin/www_bget?K11411">
        <graphics name="K11411" fgcolor="#000000" bgcolor="#BFBFFF"
             type="rectangle" x="946" y="310" width="46" height="17"/>
    </entry>
    <entry id="183" name="ko:K11411" type="ortholog"
        link="https://www.kegg.jp/dbget-bin/www_bget?K11411">
        <graphics name="K11411" fgcolor="#000000" bgcolor="#BFBFFF"
             type="rectangle" x="946" y="570" width="46" height="17"/>
    </entry>
    <entry id="187" name="ko:K06067" type="ortholog"
        link="https://www.kegg.jp/dbget-bin/www_bget?K06067">
        <graphics name="K06067" fgcolor="#000000" bgcolor="#BFBFFF"
             type="rectangle" x="927" y="536" width="46" height="17"/>
    </entry>
    <relation entry1="113" entry2="114" type="PPrel">
        <subtype name="activation" value="--&gt;"/>
    </relation>
    <relation entry1="114" entry2="23" type="PPrel">
        <subtype name="activation" value="--&gt;"/>
    </relation>
    <relation entry1="23" entry2="8" type="PPrel">
        <subtype name="activation" value="--&gt;"/>
    </relation>
    <relation entry1="8" entry2="9" type="PCrel">
        <subtype name="activation" value="--&gt;"/>
    </relation>
    <relation entry1="9" entry2="7" type="PCrel">
        <subtype name="activation" value="--&gt;"/>
    </relation>
    <relation entry1="7" entry2="101" type="PPrel">
        <subtype name="activation" value="--&gt;"/>
    </relation>
    <relation entry1="101" entry2="98" type="PCrel">
        <subtype name="activation" value="--&gt;"/>
    </relation>
    <relation entry1="98" entry2="99" type="PCrel">
        <subtype name="activation" value="--&gt;"/>
    </relation>
    <relation entry1="20" entry2="21" type="PPrel">
        <subtype name="activation" value="--&gt;"/>
    </relation>
    <relation entry1="21" entry2="24" type="PPrel">
        <subtype name="activation" value="--&gt;"/>
    </relation>
    <relation entry1="24" entry2="8" type="PPrel">
        <subtype name="activation" value="--&gt;"/>
    </relation>
    <relation entry1="43" entry2="44" type="PPrel">
        <subtype name="activation" value="--&gt;"/>
    </relation>
    <relation entry1="44" entry2="46" type="PPrel">
        <subtype name="activation" value="--&gt;"/>
    </relation>
    <relation entry1="46" entry2="32" type="PPrel">
        <subtype name="activation" value="--&gt;"/>
    </relation>
    <relation entry1="44" entry2="32" type="PPrel">
        <subtype name="activation" value="--&gt;"/>
    </relation>
    <relation entry1="32" entry2="33" type="PCrel">
        <subtype name="activation" value="--&gt;"/>
    </relation>
    <relation entry1="33" entry2="31" type="PCrel">
        <subtype name="activation" value="--&gt;"/>
    </relation>
    <relation entry1="89" entry2="59" type="PPrel">
        <subtype name="activation" value="--&gt;"/>
    </relation>
    <relation entry1="59" entry2="91" type="PPrel">
        <subtype name="activation" value="--&gt;"/>
    </relation>
    <relation entry1="91" entry2="51" type="PPrel">
        <subtype name="activation" value="--&gt;"/>
    </relation>
    <relation entry1="59" entry2="51" type="PPrel">
        <subtype name="activation" value="--&gt;"/>
    </relation>
    <relation entry1="51" entry2="52" type="PCrel">
        <subtype name="activation" value="--&gt;"/>
    </relation>
    <relation entry1="52" entry2="50" type="PCrel">
        <subtype name="activation" value="--&gt;"/>
    </relation>
    <relation entry1="61" entry2="62" type="PPrel">
        <subtype name="activation" value="--&gt;"/>
    </relation>
    <relation entry1="62" entry2="104" type="PPrel">
        <subtype name="activation" value="--&gt;"/>
    </relation>
    <relation entry1="104" entry2="96" type="PCrel">
        <subtype name="activation" value="--&gt;"/>
    </relation>
    <relation entry1="96" entry2="63" type="PCrel">
        <subtype name="activation" value="--&gt;"/>
    </relation>
    <relation entry1="75" entry2="64" type="PPrel">
        <subtype name="activation" value="--&gt;"/>
    </relation>
    <relation entry1="178" entry2="49" type="PPrel">
        <subtype name="activation" value="--&gt;"/>
    </relation>
    <relation entry1="179" entry2="4" type="PPrel">
        <subtype name="activation" value="--&gt;"/>
    </relation>
    <relation entry1="99" entry2="4" type="PPrel">
        <subtype name="inhibition" value="--|"/>
        <subtype name="phosphorylation" value="+p"/>
    </relation>
    <relation entry1="7" entry2="4" type="PPrel">
        <subtype name="inhibition" value="--|"/>
        <subtype name="phosphorylation" value="+p"/>
    </relation>
    <relation entry1="31" entry2="28" type="PPrel">
        <subtype name="inhibition" value="--|"/>
        <subtype name="phosphorylation" value="+p"/>
    </relation>
    <relation entry1="50" entry2="49" type="PPrel">
        <subtype name="inhibition" value="--|"/>
        <subtype name="phosphorylation" value="+p"/>
    </relation>
    <relation entry1="7" entry2="6" type="PPrel">
        <subtype name="activation" value="--&gt;"/>
        <subtype name="phosphorylation" value="+p"/>
    </relation>
    <relation entry1="6" entry2="5" type="PPrel">
        <subtype name="activation" value="--&gt;"/>
        <subtype name="phosphorylation" value="+p"/>
    </relation>
    <relation entry1="31" entry2="30" type="PPrel">
        <subtype name="activation" value="--&gt;"/>
        <subtype name="phosphorylation" value="+p"/>
    </relation>
    <relation entry1="30" entry2="29" type="PPrel">
        <subtype name="activation" value="--&gt;"/>
        <subtype name="phosphorylation" value="+p"/>
    </relation>
    <relation entry1="50" entry2="70" type="PPrel">
        <subtype name="activation" value="--&gt;"/>
        <subtype name="phosphorylation" value="+p"/>
    </relation>
    <relation entry1="70" entry2="69" type="PPrel">
        <subtype name="activation" value="--&gt;"/>
        <subtype name="phosphorylation" value="+p"/>
    </relation>
    <relation entry1="73" entry2="72" type="PPrel">
        <subtype name="activation" value="--&gt;"/>
        <subtype name="phosphorylation" value="+p"/>
    </relation>
    <relation entry1="7" entry2="106" type="PPrel">
        <subtype name="activation" value="--&gt;"/>
        <subtype name="indirect effect" value="..&gt;"/>
    </relation>
    <relation entry1="61" entry2="72" type="PPrel">
        <subtype name="activation" value="--&gt;"/>
        <subtype name="indirect effect" value="..&gt;"/>
    </relation>
    <relation entry1="173" entry2="174" type="PPrel">
        <subtype name="activation" value="--&gt;"/>
        <subtype name="indirect effect" value="..&gt;"/>
    </relation>
    <relation entry1="106" entry2="6" type="PPrel">
        <subtype name="inhibition" value="--|"/>
    </relation>
    <relation entry1="162" entry2="30" type="PPrel">
        <subtype name="inhibition" value="--|"/>
    </relation>
    <relation entry1="30" entry2="82" type="PPrel">
        <subtype name="inhibition" value="--|"/>
    </relation>
    <relation entry1="69" entry2="85" type="PPrel">
        <subtype name="inhibition" value="--|"/>
    </relation>
    <relation entry1="63" entry2="64" type="PPrel">
        <subtype name="inhibition" value="--|"/>
    </relation>
    <relation entry1="63" entry2="75" type="PPrel">
        <subtype name="inhibition" value="--|"/>
    </relation>
    <relation entry1="75" entry2="88" type="PPrel">
        <subtype name="inhibition" value="--|"/>
    </relation>
    <relation entry1="72" entry2="75" type="PPrel">
        <subtype name="inhibition" value="--|"/>
    </relation>
    <relation entry1="187" entry2="183" type="PPrel">
        <subtype name="inhibition" value="--|"/>
        <subtype name="indirect effect" value="..&gt;"/>
    </relation>
    <relation entry1="4" entry2="124" type="GErel">
        <subtype name="expression" value="--&gt;"/>
    </relation>
    <relation entry1="4" entry2="164" type="GErel">
        <subtype name="expression" value="--&gt;"/>
    </relation>
    <relation entry1="4" entry2="165" type="GErel">
        <subtype name="expression" value="--&gt;"/>
    </relation>
    <relation entry1="28" entry2="125" type="GErel">
        <subtype name="expression" value="--&gt;"/>
    </relation>
    <relation entry1="28" entry2="127" type="GErel">
        <subtype name="expression" value="--&gt;"/>
    </relation>
    <relation entry1="82" entry2="125" type="GErel">
        <subtype name="expression" value="--&gt;"/>
    </relation>
    <relation entry1="82" entry2="127" type="GErel">
        <subtype name="expression" value="--&gt;"/>
    </relation>
    <relation entry1="49" entry2="126" type="GErel">
        <subtype name="expression" value="--&gt;"/>
    </relation>
    <relation entry1="49" entry2="168" type="GErel">
        <subtype name="expression" value="--&gt;"/>
    </relation>
    <relation entry1="49" entry2="128" type="GErel">
        <subtype name="expression" value="--&gt;"/>
    </relation>
    <relation entry1="85" entry2="126" type="GErel">
        <subtype name="expression" value="--&gt;"/>
    </relation>
    <relation entry1="85" entry2="168" type="GErel">
        <subtype name="expression" value="--&gt;"/>
    </relation>
    <relation entry1="85" entry2="128" type="GErel">
        <subtype name="expression" value="--&gt;"/>
    </relation>
    <relation entry1="64" entry2="170" type="GErel">
        <subtype name="expression" value="--&gt;"/>
    </relation>
    <relation entry1="64" entry2="169" type="GErel">
        <subtype name="expression" value="--&gt;"/>
    </relation>
    <relation entry1="64" entry2="129" type="GErel">
        <subtype name="expression" value="--&gt;"/>
    </relation>
    <relation entry1="88" entry2="170" type="GErel">
        <subtype name="expression" value="--&gt;"/>
    </relation>
    <relation entry1="88" entry2="169" type="GErel">
        <subtype name="expression" value="--&gt;"/>
    </relation>
    <relation entry1="88" entry2="129" type="GErel">
        <subtype name="expression" value="--&gt;"/>
    </relation>
</pathway>
