<?xml version="1.0"?>
<!DOCTYPE pathway SYSTEM "https://www.kegg.jp/kegg/xml/KGML_v0.7.2_.dtd">
<!-- Creation date: Apr 28, 2023 13:40:43 +0900 (GMT+9) -->
<pathway name="path:ko04330" org="ko" number="04330"
         title="Notch signaling pathway"
         image="https://www.kegg.jp/kegg/pathway/ko/ko04330.png"
         link="https://www.kegg.jp/kegg-bin/show_pathway?ko04330">
    <entry id="9" name="ko:K06171" type="ortholog"
        link="https://www.kegg.jp/dbget-bin/www_bget?K06171">
        <graphics name="K06171" fgcolor="#000000" bgcolor="#BFBFFF"
             type="rectangle" x="335" y="161" width="46" height="17"/>
    </entry>
    <entry id="10" name="ko:K06172" type="ortholog"
        link="https://www.kegg.jp/dbget-bin/www_bget?K06172">
        <graphics name="K06172" fgcolor="#000000" bgcolor="#BFBFFF"
             type="rectangle" x="381" y="161" width="46" height="17"/>
    </entry>
    <entry id="11" name="ko:K04505 ko:K04522" type="ortholog"
        link="https://www.kegg.jp/dbget-bin/www_bget?K04505+K04522">
        <graphics name="K04505..." fgcolor="#000000" bgcolor="#BFBFFF"
             type="rectangle" x="381" y="144" width="46" height="17"/>
    </entry>
    <entry id="12" name="path:ko04010" type="map"
        link="https://www.kegg.jp/dbget-bin/www_bget?ko04010">
        <graphics name="MAPK signaling pathway" fgcolor="#000000" bgcolor="#FFFFFF"
             type="roundrectangle" x="394" y="395" width="109" height="40"/>
    </entry>
    <entry id="13" name="ko:K06067" type="ortholog"
        link="https://www.kegg.jp/dbget-bin/www_bget?K06067">
        <graphics name="K06067" fgcolor="#000000" bgcolor="#BFBFFF"
             type="rectangle" x="663" y="328" width="46" height="17"/>
    </entry>
    <entry id="14" name="ko:K06066" type="ortholog"
        link="https://www.kegg.jp/dbget-bin/www_bget?K06066">
        <graphics name="K06066" fgcolor="#000000" bgcolor="#BFBFFF"
             type="rectangle" x="707" y="305" width="46" height="17"/>
    </entry>
    <entry id="15" name="ko:K04497" type="ortholog"
        link="https://www.kegg.jp/dbget-bin/www_bget?K04497">
        <graphics name="K04497" fgcolor="#000000" bgcolor="#BFBFFF"
             type="rectangle" x="646" y="305" width="46" height="17"/>
    </entry>
    <entry id="16" name="ko:K04496" type="ortholog"
        link="https://www.kegg.jp/dbget-bin/www_bget?K04496">
        <graphics name="K04496" fgcolor="#000000" bgcolor="#BFBFFF"
             type="rectangle" x="596" y="305" width="46" height="17"/>
    </entry>
    <entry id="17" name="ko:K06064" type="ortholog"
        link="https://www.kegg.jp/dbget-bin/www_bget?K06064">
        <graphics name="K06064" fgcolor="#000000" bgcolor="#BFBFFF"
             type="rectangle" x="623" y="282" width="46" height="17"/>
    </entry>
    <entry id="18" name="ko:K06065" type="ortholog"
        link="https://www.kegg.jp/dbget-bin/www_bget?K06065">
        <graphics name="K06065" fgcolor="#000000" bgcolor="#BFBFFF"
             type="rectangle" x="693" y="282" width="46" height="17"/>
    </entry>
    <entry id="19" name="ko:K06056" type="ortholog"
        link="https://www.kegg.jp/dbget-bin/www_bget?K06056">
        <graphics name="K06056" fgcolor="#000000" bgcolor="#BFBFFF"
             type="rectangle" x="811" y="231" width="46" height="17"/>
    </entry>
    <entry id="20" name="ko:K06054 ko:K06055" type="ortholog"
        link="https://www.kegg.jp/dbget-bin/www_bget?K06054+K06055">
        <graphics name="K06054..." fgcolor="#000000" bgcolor="#BFBFFF"
             type="rectangle" x="811" y="187" width="46" height="17"/>
    </entry>
    <entry id="21" name="ko:K06053" type="ortholog"
        link="https://www.kegg.jp/dbget-bin/www_bget?K06053">
        <graphics name="K06053" fgcolor="#000000" bgcolor="#BFBFFF"
             type="rectangle" x="663" y="220" width="46" height="17"/>
    </entry>
    <entry id="22" name="ko:K06063" type="ortholog"
        link="https://www.kegg.jp/dbget-bin/www_bget?K06063">
        <graphics name="K06063" fgcolor="#000000" bgcolor="#BFBFFF"
             type="rectangle" x="685" y="181" width="46" height="17"/>
    </entry>
    <entry id="23" name="ko:K04498 ko:K06062" type="ortholog"
        link="https://www.kegg.jp/dbget-bin/www_bget?K04498+K06062">
        <graphics name="K04498..." fgcolor="#000000" bgcolor="#BFBFFF"
             type="rectangle" x="608" y="189" width="46" height="17"/>
    </entry>
    <entry id="24" name="ko:K06061" type="ortholog"
        link="https://www.kegg.jp/dbget-bin/www_bget?K06061">
        <graphics name="K06061" fgcolor="#000000" bgcolor="#BFBFFF"
             type="rectangle" x="608" y="172" width="46" height="17"/>
    </entry>
    <entry id="25" name="ko:K06059" type="ortholog"
        link="https://www.kegg.jp/dbget-bin/www_bget?K06059">
        <graphics name="K06059" fgcolor="#000000" bgcolor="#BFBFFF"
             type="rectangle" x="262" y="161" width="46" height="17"/>
    </entry>
    <entry id="26" name="ko:K06170" type="ortholog"
        link="https://www.kegg.jp/dbget-bin/www_bget?K06170">
        <graphics name="K06170" fgcolor="#000000" bgcolor="#BFBFFF"
             type="rectangle" x="335" y="144" width="46" height="17"/>
    </entry>
    <entry id="27" name="ko:K06058" type="ortholog"
        link="https://www.kegg.jp/dbget-bin/www_bget?K06058">
        <graphics name="K06058" fgcolor="#000000" bgcolor="#BFBFFF"
             type="rectangle" x="333" y="245" width="46" height="17"/>
    </entry>
    <entry id="28" name="ko:K06057" type="ortholog"
        link="https://www.kegg.jp/dbget-bin/www_bget?K06057">
        <graphics name="K06057" fgcolor="#000000" bgcolor="#BFBFFF"
             type="rectangle" x="263" y="294" width="46" height="17"/>
    </entry>
    <entry id="29" name="ko:K06052 ko:K21635" type="ortholog"
        link="https://www.kegg.jp/dbget-bin/www_bget?K06052+K21635">
        <graphics name="K06052..." fgcolor="#000000" bgcolor="#BFBFFF"
             type="rectangle" x="83" y="266" width="46" height="17"/>
    </entry>
    <entry id="30" name="ko:K02599 ko:K20994 ko:K20995 ko:K20996" type="ortholog"
        link="https://www.kegg.jp/dbget-bin/www_bget?K02599+K20994+K20995+K20996">
        <graphics name="K02599..." fgcolor="#000000" bgcolor="#BFBFFF"
             type="rectangle" x="189" y="220" width="46" height="17"/>
    </entry>
    <entry id="31" name="ko:K02353" type="ortholog"
        link="https://www.kegg.jp/dbget-bin/www_bget?K02353">
        <graphics name="K02353" fgcolor="#000000" bgcolor="#BFBFFF"
             type="rectangle" x="230" y="316" width="46" height="17"/>
    </entry>
    <entry id="32" name="path:ko04330" type="map"
        link="https://www.kegg.jp/dbget-bin/www_bget?ko04330">
        <graphics name="TITLE:Notch signaling pathway" fgcolor="#000000" bgcolor="#FFFFFF"
             type="roundrectangle" x="160" y="58" width="239" height="25"/>
    </entry>
    <entry id="33" name="ko:K05948" type="ortholog"
        link="https://www.kegg.jp/dbget-bin/www_bget?K05948">
        <graphics name="K05948" fgcolor="#000000" bgcolor="#BFBFFF"
             type="rectangle" x="137" y="144" width="46" height="17"/>
    </entry>
    <entry id="34" name="ko:K06051" type="ortholog"
        link="https://www.kegg.jp/dbget-bin/www_bget?K06051">
        <graphics name="K06051" fgcolor="#000000" bgcolor="#BFBFFF"
             type="rectangle" x="83" y="220" width="46" height="17"/>
    </entry>
    <entry id="59" name="ko:K23616" type="ortholog"
        link="https://www.kegg.jp/dbget-bin/www_bget?K23616">
        <graphics name="K23616" fgcolor="#000000" bgcolor="#BFBFFF"
             type="rectangle" x="715" y="328" width="46" height="17"/>
    </entry>
    <entry id="60" name="ko:K09091" type="ortholog"
        link="https://www.kegg.jp/dbget-bin/www_bget?K09091">
        <graphics name="K09091" fgcolor="#000000" bgcolor="#BFBFFF"
             type="rectangle" x="811" y="209" width="46" height="17"/>
    </entry>
    <entry id="64" name="cpd:C22528" type="compound"
        link="https://www.kegg.jp/dbget-bin/www_bget?C22528">
        <graphics name="C22528" fgcolor="#000000" bgcolor="#FFFFFF"
             type="circle" x="543" y="220" width="8" height="8"/>
    </entry>
    <entry id="67" name="ko:K25100" type="ortholog"
        link="https://www.kegg.jp/dbget-bin/www_bget?K25100">
        <graphics name="K25100" fgcolor="#000000" bgcolor="#BFBFFF"
             type="rectangle" x="611" y="328" width="46" height="17"/>
    </entry>
    <entry id="68" name="ko:K26480" type="ortholog"
        link="https://www.kegg.jp/dbget-bin/www_bget?K26480">
        <graphics name="K26480" fgcolor="#000000" bgcolor="#BFBFFF"
             type="rectangle" x="811" y="253" width="46" height="17"/>
    </entry>
    <entry id="69" name="ko:K06054" type="ortholog"
        link="https://www.kegg.jp/dbget-bin/www_bget?K06054">
        <graphics name="K06054" fgcolor="#000000" bgcolor="#BFBFFF"
             type="rectangle" x="633" y="352" width="46" height="17"/>
    </entry>
    <entry id="70" name="ko:K26480" type="ortholog"
        link="https://www.kegg.jp/dbget-bin/www_bget?K26480">
        <graphics name="K26480" fgcolor="#000000" bgcolor="#BFBFFF"
             type="rectangle" x="685" y="352" width="46" height="17"/>
    </entry>
    <entry id="71" name="ko:K05632" type="ortholog"
        link="https://www.kegg.jp/dbget-bin/www_bget?K05632">
        <graphics name="K05632" fgcolor="#000000" bgcolor="#BFBFFF"
             type="rectangle" x="314" y="273" width="46" height="17"/>
    </entry>
    <entry id="72" name="undefined" type="group">
        <graphics fgcolor="#000000" bgcolor="#FFFFFF"
             type="rectangle" x="358" y="152" width="92" height="34"/>
        <component id="10"/>
        <component id="11"/>
        <component id="26"/>
        <component id="9"/>
    </entry>
    <entry id="73" name="undefined" type="group">
        <graphics fgcolor="#000000" bgcolor="#FFFFFF"
             type="rectangle" x="608" y="180" width="46" height="34"/>
        <component id="23"/>
        <component id="24"/>
    </entry>
    <entry id="74" name="undefined" type="group">
        <graphics fgcolor="#000000" bgcolor="#FFFFFF"
             type="rectangle" x="629" y="305" width="113" height="63"/>
        <component id="13"/>
        <component id="16"/>
        <component id="17"/>
    </entry>
    <entry id="75" name="undefined" type="group">
        <graphics fgcolor="#000000" bgcolor="#FFFFFF"
             type="rectangle" x="643" y="305" width="86" height="63"/>
        <component id="13"/>
        <component id="15"/>
        <component id="17"/>
    </entry>
    <entry id="76" name="undefined" type="group">
        <graphics fgcolor="#000000" bgcolor="#FFFFFF"
             type="rectangle" x="685" y="305" width="90" height="63"/>
        <component id="13"/>
        <component id="14"/>
        <component id="18"/>
    </entry>
    <relation entry1="34" entry2="30" type="PPrel">
        <subtype name="activation" value="--&gt;"/>
    </relation>
    <relation entry1="30" entry2="27" type="PPrel">
        <subtype name="activation" value="--&gt;"/>
    </relation>
    <relation entry1="25" entry2="30" type="PPrel">
        <subtype name="activation" value="--&gt;"/>
    </relation>
    <relation entry1="72" entry2="30" type="PPrel">
        <subtype name="activation" value="--&gt;"/>
    </relation>
    <relation entry1="33" entry2="30" type="PPrel">
        <subtype name="activation" value="--&gt;"/>
        <subtype name="inhibition" value="--|"/>
    </relation>
    <relation entry1="73" entry2="21" type="PPrel">
        <subtype name="activation" value="--&gt;"/>
    </relation>
    <relation entry1="21" entry2="20" type="GErel">
        <subtype name="expression" value="--&gt;"/>
    </relation>
    <relation entry1="21" entry2="19" type="GErel">
        <subtype name="expression" value="--&gt;"/>
    </relation>
    <relation entry1="29" entry2="30" type="PPrel">
        <subtype name="activation" value="--&gt;"/>
        <subtype name="inhibition" value="--|"/>
    </relation>
    <relation entry1="31" entry2="30" type="PPrel">
        <subtype name="inhibition" value="--|"/>
    </relation>
    <relation entry1="28" entry2="30" type="PPrel">
        <subtype name="inhibition" value="--|"/>
    </relation>
    <relation entry1="74" entry2="21" type="PPrel">
        <subtype name="inhibition" value="--|"/>
    </relation>
    <relation entry1="75" entry2="21" type="PPrel">
        <subtype name="inhibition" value="--|"/>
    </relation>
    <relation entry1="76" entry2="21" type="PPrel">
        <subtype name="inhibition" value="--|"/>
    </relation>
    <relation entry1="21" entry2="22" type="PPrel">
        <subtype name="binding/association" value="---"/>
    </relation>
    <relation entry1="59" entry2="21" type="PPrel">
        <subtype name="inhibition" value="--|"/>
    </relation>
    <relation entry1="21" entry2="60" type="GErel">
        <subtype name="expression" value="--&gt;"/>
    </relation>
    <relation entry1="30" entry2="21" type="PPrel">
        <subtype name="compound" value="64"/>
    </relation>
    <relation entry1="21" entry2="68" type="GErel">
        <subtype name="expression" value="--&gt;"/>
    </relation>
    <relation entry1="69" entry2="21" type="PPrel">
        <subtype name="inhibition" value="--|"/>
    </relation>
    <relation entry1="70" entry2="21" type="PPrel">
        <subtype name="inhibition" value="--|"/>
    </relation>
    <relation entry1="67" entry2="21" type="PPrel">
        <subtype name="inhibition" value="--|"/>
    </relation>
    <relation entry1="71" entry2="30" type="PPrel">
        <subtype name="inhibition" value="--|"/>
        <subtype name="ubiquitination" value="+u"/>
    </relation>
</pathway>
