<?xml version="1.0"?>
<!DOCTYPE pathway SYSTEM "https://www.kegg.jp/kegg/xml/KGML_v0.7.2_.dtd">
<!-- Creation date: Feb 15, 2017 15:30:06 +0900 (GMT+9) -->
<pathway name="path:ko04725" org="ko" number="04725"
         title="Cholinergic synapse"
         image="https://www.kegg.jp/kegg/pathway/ko/ko04725.png"
         link="https://www.kegg.jp/kegg-bin/show_pathway?ko04725">
    <entry id="17" name="path:ko04975" type="map"
        link="https://www.kegg.jp/dbget-bin/www_bget?ko04975">
        <graphics name="Fat digestion and absorption" fgcolor="#000000" bgcolor="#FFFFFF"
             type="roundrectangle" x="140" y="58" width="199" height="25"/>
    </entry>
    <entry id="24" name="ko:K04809 ko:K04806 ko:K04813 ko:K04805 ko:K04815 ko:K04808" type="ortholog"
        link="https://www.kegg.jp/dbget-bin/www_bget?K04809+K04806+K04813+K04805+K04815+K04808">
        <graphics name="K04809..." fgcolor="#000000" bgcolor="#BFBFFF"
             type="rectangle" x="781" y="668" width="46" height="17"/>
    </entry>
    <entry id="25" name="ko:K04129" type="ortholog"
        link="https://www.kegg.jp/dbget-bin/www_bget?K04129">
        <graphics name="K04129" fgcolor="#000000" bgcolor="#BFBFFF"
             type="rectangle" x="781" y="431" width="46" height="17"/>
    </entry>
    <entry id="26" name="ko:K04130" type="ortholog"
        link="https://www.kegg.jp/dbget-bin/www_bget?K04130">
        <graphics name="K04130" fgcolor="#000000" bgcolor="#BFBFFF"
             type="rectangle" x="781" y="572" width="46" height="17"/>
    </entry>
    <entry id="27" name="ko:K04132" type="ortholog"
        link="https://www.kegg.jp/dbget-bin/www_bget?K04132">
        <graphics name="K04132" fgcolor="#000000" bgcolor="#BFBFFF"
             type="rectangle" x="781" y="616" width="46" height="17"/>
    </entry>
    <entry id="28" name="ko:K01049" type="ortholog"
        link="https://www.kegg.jp/dbget-bin/www_bget?K01049">
        <graphics name="K01049" fgcolor="#000000" bgcolor="#BFBFFF"
             type="rectangle" x="705" y="645" width="46" height="17"/>
    </entry>
    <entry id="32" name="ko:K14636" type="ortholog"
        link="https://www.kegg.jp/dbget-bin/www_bget?K14636">
        <graphics name="K14636" fgcolor="#000000" bgcolor="#BFBFFF"
             type="rectangle" x="292" y="455" width="46" height="17"/>
    </entry>
    <entry id="33" name="cpd:C00024" type="compound"
        link="https://www.kegg.jp/dbget-bin/www_bget?C00024">
        <graphics name="C00024" fgcolor="#000000" bgcolor="#FFFFFF"
             type="circle" x="199" y="624" width="8" height="8"/>
    </entry>
    <entry id="34" name="cpd:C01996" type="compound"
        link="https://www.kegg.jp/dbget-bin/www_bget?C01996">
        <graphics name="C01996" fgcolor="#000000" bgcolor="#FFFFFF"
             type="circle" x="244" y="453" width="8" height="8"/>
    </entry>
    <entry id="35" name="cpd:C01996" type="compound"
        link="https://www.kegg.jp/dbget-bin/www_bget?C01996">
        <graphics name="C01996" fgcolor="#000000" bgcolor="#FFFFFF"
             type="circle" x="469" y="385" width="8" height="8"/>
    </entry>
    <entry id="36" name="ko:K08041 ko:K08042 ko:K08043 ko:K08044 ko:K08045 ko:K08046 ko:K08047 ko:K08048 ko:K08049" type="ortholog"
        link="https://www.kegg.jp/dbget-bin/www_bget?K08041+K08042+K08043+K08044+K08045+K08046+K08047+K08048+K08049">
        <graphics name="K08041..." fgcolor="#000000" bgcolor="#BFBFFF"
             type="rectangle" x="911" y="620" width="46" height="17"/>
    </entry>
    <entry id="37" name="ko:K04345" type="ortholog"
        link="https://www.kegg.jp/dbget-bin/www_bget?K04345">
        <graphics name="K04345" fgcolor="#000000" bgcolor="#BFBFFF"
             type="rectangle" x="1025" y="620" width="46" height="17"/>
    </entry>
    <entry id="38" name="ko:K04634 ko:K04635" type="ortholog"
        link="https://www.kegg.jp/dbget-bin/www_bget?K04634+K04635">
        <graphics name="K04634..." fgcolor="#000000" bgcolor="#BFBFFF"
             type="rectangle" x="884" y="386" width="46" height="17"/>
    </entry>
    <entry id="39" name="ko:K05858" type="ortholog"
        link="https://www.kegg.jp/dbget-bin/www_bget?K05858">
        <graphics name="K05858" fgcolor="#000000" bgcolor="#BFBFFF"
             type="rectangle" x="987" y="386" width="46" height="17"/>
    </entry>
    <entry id="40" name="cpd:C00575" type="compound"
        link="https://www.kegg.jp/dbget-bin/www_bget?C00575">
        <graphics name="C00575" fgcolor="#000000" bgcolor="#FFFFFF"
             type="circle" x="968" y="619" width="8" height="8"/>
    </entry>
    <entry id="45" name="cpd:C01245" type="compound"
        link="https://www.kegg.jp/dbget-bin/www_bget?C01245">
        <graphics name="C01245" fgcolor="#000000" bgcolor="#FFFFFF"
             type="circle" x="1057" y="373" width="8" height="8"/>
    </entry>
    <entry id="46" name="cpd:C00165" type="compound"
        link="https://www.kegg.jp/dbget-bin/www_bget?C00165">
        <graphics name="C00165" fgcolor="#000000" bgcolor="#FFFFFF"
             type="circle" x="1057" y="426" width="8" height="8"/>
    </entry>
    <entry id="49" name="ko:K04958 ko:K04959 ko:K04960" type="ortholog"
        link="https://www.kegg.jp/dbget-bin/www_bget?K04958+K04959+K04960">
        <graphics name="K04958..." fgcolor="#000000" bgcolor="#BFBFFF"
             type="rectangle" x="1119" y="347" width="46" height="17"/>
    </entry>
    <entry id="51" name="cpd:C00076" type="compound"
        link="https://www.kegg.jp/dbget-bin/www_bget?C00076">
        <graphics name="C00076" fgcolor="#000000" bgcolor="#FFFFFF"
             type="circle" x="1121" y="382" width="8" height="8"/>
    </entry>
    <entry id="52" name="ko:K02677 ko:K19662 ko:K19663" type="ortholog"
        link="https://www.kegg.jp/dbget-bin/www_bget?K02677+K19662+K19663">
        <graphics name="K02677..." fgcolor="#000000" bgcolor="#BFBFFF"
             type="rectangle" x="1121" y="428" width="46" height="17"/>
    </entry>
    <entry id="54" name="cpd:C01330 cpd:C00076" type="compound"
        link="https://www.kegg.jp/dbget-bin/www_bget?C01330+C00076">
        <graphics name="C01330..." fgcolor="#000000" bgcolor="#FFFFFF"
             type="circle" x="737" y="667" width="8" height="8"/>
    </entry>
    <entry id="56" name="ko:K00623" type="ortholog"
        link="https://www.kegg.jp/dbget-bin/www_bget?K00623">
        <graphics name="K00623" fgcolor="#000000" bgcolor="#BFBFFF"
             type="rectangle" x="193" y="549" width="46" height="17"/>
    </entry>
    <entry id="57" name="ko:K14387" type="ortholog"
        link="https://www.kegg.jp/dbget-bin/www_bget?K14387">
        <graphics name="K14387" fgcolor="#000000" bgcolor="#BFBFFF"
             type="rectangle" x="631" y="719" width="46" height="17"/>
    </entry>
    <entry id="58" name="cpd:C00114" type="compound"
        link="https://www.kegg.jp/dbget-bin/www_bget?C00114">
        <graphics name="C00114" fgcolor="#000000" bgcolor="#FFFFFF"
             type="circle" x="674" y="718" width="8" height="8"/>
    </entry>
    <entry id="65" name="ko:K04344 ko:K04849" type="ortholog"
        link="https://www.kegg.jp/dbget-bin/www_bget?K04344+K04849">
        <graphics name="K04344..." fgcolor="#000000" bgcolor="#BFBFFF"
             type="rectangle" x="631" y="392" width="46" height="17"/>
    </entry>
    <entry id="66" name="cpd:C00076" type="compound"
        link="https://www.kegg.jp/dbget-bin/www_bget?C00076">
        <graphics name="C00076" fgcolor="#000000" bgcolor="#FFFFFF"
             type="circle" x="675" y="391" width="8" height="8"/>
    </entry>
    <entry id="105" name="ko:K04630 ko:K04534 ko:K04536 ko:K04537 ko:K07825 ko:K04538 ko:K04539 ko:K07826 ko:K04540 ko:K04541 ko:K04542 ko:K04543 ko:K04544 ko:K04545 ko:K04546 ko:K04347 ko:K04547 ko:K04548 ko:K04549" type="ortholog"
        link="https://www.kegg.jp/dbget-bin/www_bget?K04630+K04534+K04536+K04537+K07825+K04538+K04539+K07826+K04540+K04541+K04542+K04543+K04544+K04545+K04546+K04347+K04547+K04548+K04549">
        <graphics name="K04630..." fgcolor="#000000" bgcolor="#BFBFFF"
             type="rectangle" x="893" y="584" width="46" height="17"/>
    </entry>
    <entry id="107" name="cpd:C01996" type="compound"
        link="https://www.kegg.jp/dbget-bin/www_bget?C01996">
        <graphics name="C01996" fgcolor="#000000" bgcolor="#FFFFFF"
             type="circle" x="644" y="505" width="8" height="8"/>
    </entry>
    <entry id="108" name="ko:K04133" type="ortholog"
        link="https://www.kegg.jp/dbget-bin/www_bget?K04133">
        <graphics name="K04133" fgcolor="#000000" bgcolor="#BFBFFF"
             type="rectangle" x="781" y="357" width="46" height="17"/>
    </entry>
    <entry id="109" name="ko:K04131" type="ortholog"
        link="https://www.kegg.jp/dbget-bin/www_bget?K04131">
        <graphics name="K04131" fgcolor="#000000" bgcolor="#BFBFFF"
             type="rectangle" x="781" y="396" width="46" height="17"/>
    </entry>
    <entry id="114" name="cpd:C00114" type="compound"
        link="https://www.kegg.jp/dbget-bin/www_bget?C00114">
        <graphics name="C00114" fgcolor="#000000" bgcolor="#FFFFFF"
             type="circle" x="248" y="624" width="8" height="8"/>
    </entry>
    <entry id="115" name="ko:K04132" type="ortholog"
        link="https://www.kegg.jp/dbget-bin/www_bget?K04132">
        <graphics name="K04132" fgcolor="#000000" bgcolor="#BFBFFF"
             type="rectangle" x="560" y="244" width="46" height="17"/>
    </entry>
    <entry id="117" name="cpd:C00033" type="compound"
        link="https://www.kegg.jp/dbget-bin/www_bget?C00033">
        <graphics name="C00033" fgcolor="#000000" bgcolor="#FFFFFF"
             type="circle" x="716" y="719" width="8" height="8"/>
    </entry>
    <entry id="118" name="cpd:C00010" type="compound"
        link="https://www.kegg.jp/dbget-bin/www_bget?C00010">
        <graphics name="C00010" fgcolor="#000000" bgcolor="#FFFFFF"
             type="circle" x="197" y="452" width="8" height="8"/>
    </entry>
    <entry id="122" name="cpd:C00114" type="compound"
        link="https://www.kegg.jp/dbget-bin/www_bget?C00114">
        <graphics name="C00114" fgcolor="#000000" bgcolor="#FFFFFF"
             type="circle" x="299" y="559" width="8" height="8"/>
    </entry>
    <entry id="123" name="cpd:C00033" type="compound"
        link="https://www.kegg.jp/dbget-bin/www_bget?C00033">
        <graphics name="C00033" fgcolor="#000000" bgcolor="#FFFFFF"
             type="circle" x="349" y="558" width="8" height="8"/>
    </entry>
    <entry id="124" name="ko:K01049" type="ortholog"
        link="https://www.kegg.jp/dbget-bin/www_bget?K01049">
        <graphics name="K01049" fgcolor="#000000" bgcolor="#BFBFFF"
             type="rectangle" x="261" y="526" width="46" height="17"/>
    </entry>
    <entry id="125" name="ko:K04926 ko:K04927 ko:K04928 ko:K04929 ko:K04930 ko:K04996 ko:K05005 ko:K04998 ko:K05007" type="ortholog"
        link="https://www.kegg.jp/dbget-bin/www_bget?K04926+K04927+K04928+K04929+K04930+K04996+K05005+K04998+K05007">
        <graphics name="K04926..." fgcolor="#000000" bgcolor="#BFBFFF"
             type="rectangle" x="781" y="476" width="46" height="17"/>
    </entry>
    <entry id="126" name="cpd:C00238" type="compound"
        link="https://www.kegg.jp/dbget-bin/www_bget?C00238">
        <graphics name="C00238" fgcolor="#000000" bgcolor="#FFFFFF"
             type="circle" x="828" y="475" width="8" height="8"/>
    </entry>
    <entry id="128" name="path:ko00564" type="map"
        link="https://www.kegg.jp/dbget-bin/www_bget?ko00564">
        <graphics name="Glycerophospholipid metabolism" fgcolor="#000000" bgcolor="#FFFFFF"
             type="roundrectangle" x="353" y="626" width="123" height="34"/>
    </entry>
    <entry id="129" name="path:ko04721" type="map"
        link="https://www.kegg.jp/dbget-bin/www_bget?ko04721">
        <graphics name="Synaptic vesicle cycle" fgcolor="#000000" bgcolor="#FFFFFF"
             type="roundrectangle" x="462" y="489" width="123" height="34"/>
    </entry>
    <entry id="134" name="ko:K04371" type="ortholog"
        link="https://www.kegg.jp/dbget-bin/www_bget?K04371">
        <graphics name="K04371" fgcolor="#000000" bgcolor="#BFBFFF"
             type="rectangle" x="1107" y="620" width="46" height="17"/>
    </entry>
    <entry id="135" name="ko:K05870 ko:K04374 ko:K09048 ko:K09047" type="ortholog"
        link="https://www.kegg.jp/dbget-bin/www_bget?K05870+K04374+K09048+K09047">
        <graphics name="K05870..." fgcolor="#000000" bgcolor="#BFBFFF"
             type="rectangle" x="1189" y="620" width="46" height="17"/>
    </entry>
    <entry id="137" name="ko:K04515 ko:K05869" type="ortholog"
        link="https://www.kegg.jp/dbget-bin/www_bget?K04515+K05869">
        <graphics name="K04515..." fgcolor="#000000" bgcolor="#BFBFFF"
             type="rectangle" x="1013" y="651" width="46" height="17"/>
    </entry>
    <entry id="142" name="ko:K04630 ko:K04534 ko:K04536 ko:K04537 ko:K07825 ko:K04538 ko:K04539 ko:K07826 ko:K04540 ko:K04541 ko:K04542 ko:K04543 ko:K04544 ko:K04545 ko:K04546 ko:K04347 ko:K04547 ko:K04548 ko:K04549" type="ortholog"
        link="https://www.kegg.jp/dbget-bin/www_bget?K04630+K04534+K04536+K04537+K07825+K04538+K04539+K07826+K04540+K04541+K04542+K04543+K04544+K04545+K04546+K04347+K04547+K04548+K04549">
        <graphics name="K04630..." fgcolor="#000000" bgcolor="#BFBFFF"
             type="rectangle" x="561" y="322" width="46" height="17"/>
    </entry>
    <entry id="147" name="ko:K04130" type="ortholog"
        link="https://www.kegg.jp/dbget-bin/www_bget?K04130">
        <graphics name="K04130" fgcolor="#000000" bgcolor="#BFBFFF"
             type="rectangle" x="506" y="244" width="46" height="17"/>
    </entry>
    <entry id="149" name="path:ko04020" type="map"
        link="https://www.kegg.jp/dbget-bin/www_bget?ko04020">
        <graphics name="Calcium signaling pathway" fgcolor="#000000" bgcolor="#FFFFFF"
             type="roundrectangle" x="956" y="340" width="123" height="34"/>
    </entry>
    <entry id="150" name="ko:K00922 ko:K02649" type="ortholog"
        link="https://www.kegg.jp/dbget-bin/www_bget?K00922+K02649">
        <graphics name="K00922..." fgcolor="#000000" bgcolor="#BFBFFF"
             type="rectangle" x="919" y="745" width="46" height="17"/>
    </entry>
    <entry id="151" name="ko:K04456" type="ortholog"
        link="https://www.kegg.jp/dbget-bin/www_bget?K04456">
        <graphics name="K04456" fgcolor="#000000" bgcolor="#BFBFFF"
             type="rectangle" x="995" y="745" width="46" height="17"/>
    </entry>
    <entry id="152" name="ko:K02161" type="ortholog"
        link="https://www.kegg.jp/dbget-bin/www_bget?K02161">
        <graphics name="K02161" fgcolor="#000000" bgcolor="#BFBFFF"
             type="rectangle" x="1070" y="745" width="46" height="17"/>
    </entry>
    <entry id="159" name="ko:K04850 ko:K04851 ko:K04853 ko:K04857" type="ortholog"
        link="https://www.kegg.jp/dbget-bin/www_bget?K04850+K04851+K04853+K04857">
        <graphics name="K04850..." fgcolor="#000000" bgcolor="#BFBFFF"
             type="rectangle" x="781" y="752" width="46" height="17"/>
    </entry>
    <entry id="160" name="cpd:C00076" type="compound"
        link="https://www.kegg.jp/dbget-bin/www_bget?C00076">
        <graphics name="C00076" fgcolor="#000000" bgcolor="#FFFFFF"
             type="circle" x="735" y="753" width="8" height="8"/>
    </entry>
    <entry id="162" name="ko:K04809" type="ortholog"
        link="https://www.kegg.jp/dbget-bin/www_bget?K04809">
        <graphics name="K04809" fgcolor="#000000" bgcolor="#BFBFFF"
             type="rectangle" x="697" y="156" width="46" height="17"/>
    </entry>
    <entry id="164" name="ko:K04129 ko:K04131 ko:K04133" type="ortholog"
        link="https://www.kegg.jp/dbget-bin/www_bget?K04129+K04131+K04133">
        <graphics name="K04129..." fgcolor="#000000" bgcolor="#BFBFFF"
             type="rectangle" x="756" y="156" width="46" height="17"/>
    </entry>
    <entry id="167" name="cpd:C00076" type="compound"
        link="https://www.kegg.jp/dbget-bin/www_bget?C00076">
        <graphics name="C00076" fgcolor="#000000" bgcolor="#FFFFFF"
             type="circle" x="927" y="83" width="8" height="8"/>
    </entry>
    <entry id="168" name="cpd:C00076" type="compound"
        link="https://www.kegg.jp/dbget-bin/www_bget?C00076">
        <graphics name="C00076" fgcolor="#000000" bgcolor="#FFFFFF"
             type="circle" x="698" y="203" width="8" height="8"/>
    </entry>
    <entry id="175" name="ko:K21289 ko:K21290" type="ortholog"
        link="https://www.kegg.jp/dbget-bin/www_bget?K21289+K21290">
        <graphics name="K21289..." fgcolor="#000000" bgcolor="#BFBFFF"
             type="rectangle" x="975" y="564" width="46" height="17"/>
    </entry>
    <entry id="176" name="ko:K02833 ko:K07827 ko:K07828" type="ortholog"
        link="https://www.kegg.jp/dbget-bin/www_bget?K02833+K07827+K07828">
        <graphics name="K02833..." fgcolor="#000000" bgcolor="#BFBFFF"
             type="rectangle" x="1050" y="564" width="46" height="17"/>
    </entry>
    <entry id="177" name="ko:K04368" type="ortholog"
        link="https://www.kegg.jp/dbget-bin/www_bget?K04368">
        <graphics name="K04368" fgcolor="#000000" bgcolor="#BFBFFF"
             type="rectangle" x="1119" y="564" width="46" height="17"/>
    </entry>
    <entry id="178" name="ko:K04371" type="ortholog"
        link="https://www.kegg.jp/dbget-bin/www_bget?K04371">
        <graphics name="K04371" fgcolor="#000000" bgcolor="#BFBFFF"
             type="rectangle" x="1192" y="564" width="46" height="17"/>
    </entry>
    <entry id="179" name="ko:K04379" type="ortholog"
        link="https://www.kegg.jp/dbget-bin/www_bget?K04379">
        <graphics name="K04379" fgcolor="#000000" bgcolor="#BFBFFF"
             type="rectangle" x="1265" y="564" width="46" height="17"/>
    </entry>
    <entry id="189" name="ko:K04447" type="ortholog"
        link="https://www.kegg.jp/dbget-bin/www_bget?K04447">
        <graphics name="K04447" fgcolor="#000000" bgcolor="#BFBFFF"
             type="rectangle" x="853" y="718" width="46" height="17"/>
    </entry>
    <entry id="193" name="ko:K05703" type="ortholog"
        link="https://www.kegg.jp/dbget-bin/www_bget?K05703">
        <graphics name="K05703" fgcolor="#000000" bgcolor="#BFBFFF"
             type="rectangle" x="908" y="709" width="46" height="17"/>
    </entry>
    <entry id="195" name="ko:K04997 ko:K05000" type="ortholog"
        link="https://www.kegg.jp/dbget-bin/www_bget?K04997+K05000">
        <graphics name="K04997..." fgcolor="#000000" bgcolor="#BFBFFF"
             type="rectangle" x="781" y="517" width="46" height="17"/>
    </entry>
    <entry id="196" name="cpd:C00238" type="compound"
        link="https://www.kegg.jp/dbget-bin/www_bget?C00238">
        <graphics name="C00238" fgcolor="#000000" bgcolor="#FFFFFF"
             type="circle" x="828" y="518" width="8" height="8"/>
    </entry>
    <entry id="197" name="cpd:C04637" type="compound"
        link="https://www.kegg.jp/dbget-bin/www_bget?C04637">
        <graphics name="C04637" fgcolor="#000000" bgcolor="#FFFFFF"
             type="circle" x="947" y="402" width="8" height="8"/>
    </entry>
    <entry id="198" name="path:ko04010" type="map"
        link="https://www.kegg.jp/dbget-bin/www_bget?ko04010">
        <graphics name="MAPK signaling pathway" fgcolor="#000000" bgcolor="#FFFFFF"
             type="roundrectangle" x="1188" y="523" width="110" height="34"/>
    </entry>
    <relation entry1="107" entry2="147" type="PCrel">
        <subtype name="activation" value="--&gt;"/>
    </relation>
    <relation entry1="107" entry2="115" type="PCrel">
        <subtype name="activation" value="--&gt;"/>
    </relation>
    <relation entry1="147" entry2="142" type="PPrel">
        <subtype name="activation" value="--&gt;"/>
    </relation>
    <relation entry1="115" entry2="142" type="PPrel">
        <subtype name="activation" value="--&gt;"/>
    </relation>
    <relation entry1="107" entry2="162" type="PCrel">
        <subtype name="activation" value="--&gt;"/>
    </relation>
    <relation entry1="107" entry2="164" type="PCrel">
        <subtype name="activation" value="--&gt;"/>
    </relation>
    <relation entry1="107" entry2="108" type="PCrel">
        <subtype name="activation" value="--&gt;"/>
    </relation>
    <relation entry1="107" entry2="109" type="PCrel">
        <subtype name="activation" value="--&gt;"/>
    </relation>
    <relation entry1="107" entry2="25" type="PCrel">
        <subtype name="activation" value="--&gt;"/>
    </relation>
    <relation entry1="107" entry2="26" type="PCrel">
        <subtype name="activation" value="--&gt;"/>
    </relation>
    <relation entry1="107" entry2="27" type="PCrel">
        <subtype name="activation" value="--&gt;"/>
    </relation>
    <relation entry1="107" entry2="24" type="PCrel">
        <subtype name="activation" value="--&gt;"/>
    </relation>
    <relation entry1="108" entry2="38" type="PPrel">
        <subtype name="activation" value="--&gt;"/>
    </relation>
    <relation entry1="109" entry2="38" type="PPrel">
        <subtype name="activation" value="--&gt;"/>
    </relation>
    <relation entry1="25" entry2="38" type="PPrel">
        <subtype name="activation" value="--&gt;"/>
    </relation>
    <relation entry1="38" entry2="39" type="PPrel">
        <subtype name="activation" value="--&gt;"/>
    </relation>
    <relation entry1="39" entry2="45" type="PCrel">
        <subtype name="activation" value="--&gt;"/>
    </relation>
    <relation entry1="39" entry2="46" type="PCrel">
        <subtype name="activation" value="--&gt;"/>
    </relation>
    <relation entry1="45" entry2="49" type="PCrel">
        <subtype name="activation" value="--&gt;"/>
    </relation>
    <relation entry1="51" entry2="52" type="PCrel">
        <subtype name="activation" value="--&gt;"/>
    </relation>
    <relation entry1="46" entry2="52" type="PCrel">
        <subtype name="activation" value="--&gt;"/>
    </relation>
    <relation entry1="26" entry2="105" type="PPrel">
        <subtype name="activation" value="--&gt;"/>
    </relation>
    <relation entry1="27" entry2="105" type="PPrel">
        <subtype name="activation" value="--&gt;"/>
    </relation>
    <relation entry1="105" entry2="195" type="PPrel">
        <subtype name="activation" value="--&gt;"/>
    </relation>
    <relation entry1="105" entry2="175" type="PPrel">
        <subtype name="activation" value="--&gt;"/>
    </relation>
    <relation entry1="178" entry2="179" type="PPrel">
        <subtype name="activation" value="--&gt;"/>
    </relation>
    <relation entry1="36" entry2="40" type="PCrel">
        <subtype name="activation" value="--&gt;"/>
    </relation>
    <relation entry1="40" entry2="37" type="PCrel">
        <subtype name="activation" value="--&gt;"/>
    </relation>
    <relation entry1="37" entry2="54" type="PCrel">
        <subtype name="activation" value="--&gt;"/>
    </relation>
    <relation entry1="37" entry2="36" type="PPrel">
        <subtype name="activation" value="--&gt;"/>
    </relation>
    <relation entry1="54" entry2="137" type="PCrel">
        <subtype name="activation" value="--&gt;"/>
    </relation>
    <relation entry1="54" entry2="193" type="PCrel">
        <subtype name="activation" value="--&gt;"/>
    </relation>
    <relation entry1="193" entry2="150" type="PPrel">
        <subtype name="activation" value="--&gt;"/>
    </relation>
    <relation entry1="24" entry2="189" type="PPrel">
        <subtype name="activation" value="--&gt;"/>
    </relation>
    <relation entry1="189" entry2="150" type="PPrel">
        <subtype name="activation" value="--&gt;"/>
    </relation>
    <relation entry1="151" entry2="152" type="PPrel">
        <subtype name="activation" value="--&gt;"/>
    </relation>
    <relation entry1="37" entry2="134" type="PPrel">
        <subtype name="activation" value="--&gt;"/>
        <subtype name="indirect effect" value="..&gt;"/>
    </relation>
    <relation entry1="134" entry2="135" type="PPrel">
        <subtype name="activation" value="--&gt;"/>
        <subtype name="indirect effect" value="..&gt;"/>
    </relation>
    <relation entry1="142" entry2="65" type="PPrel">
        <subtype name="inhibition" value="--|"/>
    </relation>
    <relation entry1="105" entry2="36" type="PPrel">
        <subtype name="inhibition" value="--|"/>
    </relation>
    <relation entry1="137" entry2="134" type="PPrel">
        <subtype name="activation" value="--&gt;"/>
        <subtype name="indirect effect" value="..&gt;"/>
    </relation>
    <relation entry1="150" entry2="151" type="PPrel">
        <subtype name="activation" value="--&gt;"/>
        <subtype name="phosphorylation" value="+p"/>
    </relation>
    <relation entry1="175" entry2="176" type="PPrel">
        <subtype name="activation" value="--&gt;"/>
        <subtype name="indirect effect" value="..&gt;"/>
    </relation>
    <relation entry1="176" entry2="177" type="PPrel">
        <subtype name="activation" value="--&gt;"/>
        <subtype name="indirect effect" value="..&gt;"/>
    </relation>
    <relation entry1="177" entry2="178" type="PPrel">
        <subtype name="activation" value="--&gt;"/>
        <subtype name="phosphorylation" value="+p"/>
    </relation>
</pathway>
