<?xml version="1.0"?>
<!DOCTYPE pathway SYSTEM "https://www.kegg.jp/kegg/xml/KGML_v0.7.2_.dtd">
<!-- Creation date: Jul 5, 2019 15:44:39 +0900 (GMT+9) -->
<pathway name="path:ko04922" org="ko" number="04922"
         title="Glucagon signaling pathway"
         image="https://www.kegg.jp/kegg/pathway/ko/ko04922.png"
         link="https://www.kegg.jp/kegg-bin/show_pathway?ko04922">
    <entry id="9" name="path:ko04922" type="map"
        link="https://www.kegg.jp/dbget-bin/www_bget?ko04922">
        <graphics name="TITLE:Glucagon signaling pathway" fgcolor="#000000" bgcolor="#FFFFFF"
             type="roundrectangle" x="183" y="58" width="285" height="25"/>
    </entry>
    <entry id="10" name="ko:K07299 ko:K07593" type="ortholog"
        link="https://www.kegg.jp/dbget-bin/www_bget?K07299+K07593">
        <graphics name="K07299..." fgcolor="#000000" bgcolor="#BFBFFF"
             type="rectangle" x="178" y="607" width="46" height="17"/>
    </entry>
    <entry id="11" name="cpd:C00031" type="compound"
        link="https://www.kegg.jp/dbget-bin/www_bget?C00031">
        <graphics name="C00031" fgcolor="#000000" bgcolor="#FFFFFF"
             type="circle" x="113" y="607" width="8" height="8"/>
    </entry>
    <entry id="12" name="cpd:C00668 cpd:C01172" type="compound"
        link="https://www.kegg.jp/dbget-bin/www_bget?C00668+C01172">
        <graphics name="C00668..." fgcolor="#000000" bgcolor="#FFFFFF"
             type="circle" x="310" y="607" width="8" height="8"/>
    </entry>
    <entry id="13" name="cpd:C00022" type="compound"
        link="https://www.kegg.jp/dbget-bin/www_bget?C00022">
        <graphics name="C00022" fgcolor="#000000" bgcolor="#FFFFFF"
             type="circle" x="784" y="607" width="8" height="8"/>
    </entry>
    <entry id="14" name="cpd:C00031" type="compound"
        link="https://www.kegg.jp/dbget-bin/www_bget?C00031">
        <graphics name="C00031" fgcolor="#000000" bgcolor="#FFFFFF"
             type="circle" x="231" y="607" width="8" height="8"/>
    </entry>
    <entry id="18" name="path:ko00020" type="map"
        link="https://www.kegg.jp/dbget-bin/www_bget?ko00020">
        <graphics name="Citrate cycle (TCA cycle)" fgcolor="#000000" bgcolor="#FFFFFF"
             type="roundrectangle" x="1084" y="596" width="112" height="34"/>
    </entry>
    <entry id="19" name="cpd:C00158" type="compound"
        link="https://www.kegg.jp/dbget-bin/www_bget?C00158">
        <graphics name="C00158" fgcolor="#000000" bgcolor="#FFFFFF"
             type="circle" x="997" y="548" width="8" height="8"/>
    </entry>
    <entry id="20" name="cpd:C00311" type="compound"
        link="https://www.kegg.jp/dbget-bin/www_bget?C00311">
        <graphics name="C00311" fgcolor="#000000" bgcolor="#FFFFFF"
             type="circle" x="1076" y="500" width="8" height="8"/>
    </entry>
    <entry id="21" name="cpd:C00026" type="compound"
        link="https://www.kegg.jp/dbget-bin/www_bget?C00026">
        <graphics name="C00026" fgcolor="#000000" bgcolor="#FFFFFF"
             type="circle" x="1150" y="530" width="8" height="8"/>
    </entry>
    <entry id="22" name="cpd:C00042" type="compound"
        link="https://www.kegg.jp/dbget-bin/www_bget?C00042">
        <graphics name="C00042" fgcolor="#000000" bgcolor="#FFFFFF"
             type="circle" x="1171" y="585" width="8" height="8"/>
    </entry>
    <entry id="23" name="cpd:C00122" type="compound"
        link="https://www.kegg.jp/dbget-bin/www_bget?C00122">
        <graphics name="C00122" fgcolor="#000000" bgcolor="#FFFFFF"
             type="circle" x="1154" y="646" width="8" height="8"/>
    </entry>
    <entry id="24" name="cpd:C00149" type="compound"
        link="https://www.kegg.jp/dbget-bin/www_bget?C00149">
        <graphics name="C00149" fgcolor="#000000" bgcolor="#FFFFFF"
             type="circle" x="1086" y="687" width="8" height="8"/>
    </entry>
    <entry id="25" name="cpd:C00036" type="compound"
        link="https://www.kegg.jp/dbget-bin/www_bget?C00036">
        <graphics name="C00036" fgcolor="#000000" bgcolor="#FFFFFF"
             type="circle" x="1008" y="653" width="8" height="8"/>
    </entry>
    <entry id="33" name="ko:K00161 ko:K00162" type="ortholog"
        link="https://www.kegg.jp/dbget-bin/www_bget?K00161+K00162">
        <graphics name="K00161..." fgcolor="#000000" bgcolor="#BFBFFF"
             type="rectangle" x="903" y="624" width="46" height="17"/>
    </entry>
    <entry id="34" name="path:ko00010" type="map"
        link="https://www.kegg.jp/dbget-bin/www_bget?ko00010">
        <graphics name="Glycolysis / Gluconeogenesis" fgcolor="#000000" bgcolor="#FFFFFF"
             type="roundrectangle" x="288" y="680" width="112" height="34"/>
    </entry>
    <entry id="35" name="ko:K00873" type="ortholog"
        link="https://www.kegg.jp/dbget-bin/www_bget?K00873">
        <graphics name="K00873" fgcolor="#000000" bgcolor="#BFBFFF"
             type="rectangle" x="743" y="633" width="46" height="17"/>
    </entry>
    <entry id="36" name="ko:K12407" type="ortholog"
        link="https://www.kegg.jp/dbget-bin/www_bget?K12407">
        <graphics name="K12407" fgcolor="#000000" bgcolor="#BFBFFF"
             type="rectangle" x="265" y="635" width="46" height="17"/>
    </entry>
    <entry id="37" name="cpd:C00085" type="compound"
        link="https://www.kegg.jp/dbget-bin/www_bget?C00085">
        <graphics name="C00085" fgcolor="#000000" bgcolor="#FFFFFF"
             type="circle" x="381" y="607" width="8" height="8"/>
    </entry>
    <entry id="39" name="cpd:C00074" type="compound"
        link="https://www.kegg.jp/dbget-bin/www_bget?C00074">
        <graphics name="C00074" fgcolor="#000000" bgcolor="#FFFFFF"
             type="circle" x="698" y="607" width="8" height="8"/>
    </entry>
    <entry id="40" name="cpd:C00197" type="compound"
        link="https://www.kegg.jp/dbget-bin/www_bget?C00197">
        <graphics name="C00197" fgcolor="#000000" bgcolor="#FFFFFF"
             type="circle" x="551" y="607" width="8" height="8"/>
    </entry>
    <entry id="43" name="cpd:C00631" type="compound"
        link="https://www.kegg.jp/dbget-bin/www_bget?C00631">
        <graphics name="C00631" fgcolor="#000000" bgcolor="#FFFFFF"
             type="circle" x="621" y="607" width="8" height="8"/>
    </entry>
    <entry id="44" name="cpd:C00354" type="compound"
        link="https://www.kegg.jp/dbget-bin/www_bget?C00354">
        <graphics name="C00354" fgcolor="#000000" bgcolor="#FFFFFF"
             type="circle" x="482" y="607" width="8" height="8"/>
    </entry>
    <entry id="47" name="ko:K00850" type="ortholog"
        link="https://www.kegg.jp/dbget-bin/www_bget?K00850">
        <graphics name="K00850" fgcolor="#000000" bgcolor="#BFBFFF"
             type="rectangle" x="427" y="633" width="46" height="17"/>
    </entry>
    <entry id="48" name="ko:K01834" type="ortholog"
        link="https://www.kegg.jp/dbget-bin/www_bget?K01834">
        <graphics name="K01834" fgcolor="#000000" bgcolor="#BFBFFF"
             type="rectangle" x="580" y="636" width="46" height="17"/>
    </entry>
    <entry id="49" name="path:ko00190" type="map"
        link="https://www.kegg.jp/dbget-bin/www_bget?ko00190">
        <graphics name="Oxidative phosphorylation" fgcolor="#000000" bgcolor="#FFFFFF"
             type="roundrectangle" x="966" y="697" width="112" height="34"/>
    </entry>
    <entry id="52" name="cpd:C00024" type="compound"
        link="https://www.kegg.jp/dbget-bin/www_bget?C00024">
        <graphics name="C00024" fgcolor="#000000" bgcolor="#FFFFFF"
             type="circle" x="947" y="608" width="8" height="8"/>
    </entry>
    <entry id="53" name="ko:K05259" type="ortholog"
        link="https://www.kegg.jp/dbget-bin/www_bget?K05259">
        <graphics name="K05259" fgcolor="#000000" bgcolor="#BFBFFF"
             type="rectangle" x="83" y="182" width="46" height="17"/>
    </entry>
    <entry id="54" name="ko:K04583" type="ortholog"
        link="https://www.kegg.jp/dbget-bin/www_bget?K04583">
        <graphics name="K04583" fgcolor="#000000" bgcolor="#BFBFFF"
             type="rectangle" x="176" y="182" width="46" height="17"/>
    </entry>
    <entry id="55" name="ko:K04632" type="ortholog"
        link="https://www.kegg.jp/dbget-bin/www_bget?K04632">
        <graphics name="K04632" fgcolor="#000000" bgcolor="#BFBFFF"
             type="rectangle" x="270" y="182" width="46" height="17"/>
    </entry>
    <entry id="56" name="ko:K08042" type="ortholog"
        link="https://www.kegg.jp/dbget-bin/www_bget?K08042">
        <graphics name="K08042" fgcolor="#000000" bgcolor="#BFBFFF"
             type="rectangle" x="363" y="182" width="46" height="17"/>
    </entry>
    <entry id="57" name="ko:K04345" type="ortholog"
        link="https://www.kegg.jp/dbget-bin/www_bget?K04345">
        <graphics name="K04345" fgcolor="#000000" bgcolor="#BFBFFF"
             type="rectangle" x="590" y="182" width="46" height="17"/>
    </entry>
    <entry id="63" name="cpd:C00575" type="compound"
        link="https://www.kegg.jp/dbget-bin/www_bget?C00575">
        <graphics name="C00575" fgcolor="#000000" bgcolor="#FFFFFF"
             type="circle" x="441" y="182" width="8" height="8"/>
    </entry>
    <entry id="64" name="cpd:C00103" type="compound"
        link="https://www.kegg.jp/dbget-bin/www_bget?C00103">
        <graphics name="C00103" fgcolor="#000000" bgcolor="#FFFFFF"
             type="circle" x="309" y="406" width="8" height="8"/>
    </entry>
    <entry id="65" name="cpd:C00182" type="compound"
        link="https://www.kegg.jp/dbget-bin/www_bget?C00182">
        <graphics name="C00182" fgcolor="#000000" bgcolor="#FFFFFF"
             type="circle" x="524" y="406" width="8" height="8"/>
    </entry>
    <entry id="68" name="ko:K00693" type="ortholog"
        link="https://www.kegg.jp/dbget-bin/www_bget?K00693">
        <graphics name="K00693" fgcolor="#000000" bgcolor="#BFBFFF"
             type="rectangle" x="437" y="385" width="46" height="17"/>
    </entry>
    <entry id="69" name="ko:K00688" type="ortholog"
        link="https://www.kegg.jp/dbget-bin/www_bget?K00688">
        <graphics name="K00688" fgcolor="#000000" bgcolor="#BFBFFF"
             type="rectangle" x="437" y="428" width="46" height="17"/>
    </entry>
    <entry id="72" name="ko:K04634" type="ortholog"
        link="https://www.kegg.jp/dbget-bin/www_bget?K04634">
        <graphics name="K04634" fgcolor="#000000" bgcolor="#BFBFFF"
             type="rectangle" x="270" y="260" width="46" height="17"/>
    </entry>
    <entry id="73" name="ko:K05858" type="ortholog"
        link="https://www.kegg.jp/dbget-bin/www_bget?K05858">
        <graphics name="K05858" fgcolor="#000000" bgcolor="#BFBFFF"
             type="rectangle" x="359" y="260" width="46" height="17"/>
    </entry>
    <entry id="74" name="cpd:C01245" type="compound"
        link="https://www.kegg.jp/dbget-bin/www_bget?C01245">
        <graphics name="C01245" fgcolor="#000000" bgcolor="#FFFFFF"
             type="circle" x="426" y="260" width="8" height="8"/>
    </entry>
    <entry id="77" name="cpd:C00076" type="compound"
        link="https://www.kegg.jp/dbget-bin/www_bget?C00076">
        <graphics name="C00076" fgcolor="#000000" bgcolor="#FFFFFF"
             type="circle" x="488" y="258" width="8" height="8"/>
    </entry>
    <entry id="78" name="ko:K05870 ko:K04450 ko:K04374 ko:K09048 ko:K09047" type="ortholog"
        link="https://www.kegg.jp/dbget-bin/www_bget?K05870+K04450+K04374+K09048+K09047">
        <graphics name="K05870..." fgcolor="#000000" bgcolor="#BFBFFF"
             type="rectangle" x="719" y="124" width="46" height="17"/>
    </entry>
    <entry id="79" name="ko:K17491 ko:K15423" type="ortholog"
        link="https://www.kegg.jp/dbget-bin/www_bget?K17491+K15423">
        <graphics name="K17491..." fgcolor="#000000" bgcolor="#BFBFFF"
             type="rectangle" x="719" y="185" width="46" height="17"/>
    </entry>
    <entry id="80" name="ko:K16333" type="ortholog"
        link="https://www.kegg.jp/dbget-bin/www_bget?K16333">
        <graphics name="K16333" fgcolor="#000000" bgcolor="#BFBFFF"
             type="rectangle" x="834" y="185" width="46" height="17"/>
    </entry>
    <entry id="81" name="ko:K16311" type="ortholog"
        link="https://www.kegg.jp/dbget-bin/www_bget?K16311">
        <graphics name="K16311" fgcolor="#000000" bgcolor="#BFBFFF"
             type="rectangle" x="719" y="235" width="46" height="17"/>
    </entry>
    <entry id="87" name="ko:K05870 ko:K04450 ko:K04374 ko:K09048 ko:K09047" type="ortholog"
        link="https://www.kegg.jp/dbget-bin/www_bget?K05870+K04450+K04374+K09048+K09047">
        <graphics name="K05870..." fgcolor="#000000" bgcolor="#BFBFFF"
             type="rectangle" x="1021" y="125" width="46" height="17"/>
    </entry>
    <entry id="88" name="ko:K16333" type="ortholog"
        link="https://www.kegg.jp/dbget-bin/www_bget?K16333">
        <graphics name="K16333" fgcolor="#000000" bgcolor="#BFBFFF"
             type="rectangle" x="1021" y="142" width="46" height="17"/>
    </entry>
    <entry id="89" name="ko:K04498" type="ortholog"
        link="https://www.kegg.jp/dbget-bin/www_bget?K04498">
        <graphics name="K04498" fgcolor="#000000" bgcolor="#BFBFFF"
             type="rectangle" x="1021" y="159" width="46" height="17"/>
    </entry>
    <entry id="90" name="ko:K07202" type="ortholog"
        link="https://www.kegg.jp/dbget-bin/www_bget?K07202">
        <graphics name="K07202" fgcolor="#000000" bgcolor="#BFBFFF"
             type="rectangle" x="1173" y="129" width="46" height="17"/>
    </entry>
    <entry id="91" name="ko:K01596" type="ortholog"
        link="https://www.kegg.jp/dbget-bin/www_bget?K01596">
        <graphics name="K01596" fgcolor="#000000" bgcolor="#BFBFFF"
             type="rectangle" x="1172" y="279" width="46" height="17"/>
    </entry>
    <entry id="92" name="ko:K01084" type="ortholog"
        link="https://www.kegg.jp/dbget-bin/www_bget?K01084">
        <graphics name="K01084" fgcolor="#000000" bgcolor="#BFBFFF"
             type="rectangle" x="1172" y="253" width="46" height="17"/>
    </entry>
    <entry id="93" name="ko:K07201" type="ortholog"
        link="https://www.kegg.jp/dbget-bin/www_bget?K07201">
        <graphics name="K07201" fgcolor="#000000" bgcolor="#BFBFFF"
             type="rectangle" x="1021" y="303" width="46" height="17"/>
    </entry>
    <entry id="94" name="ko:K11434" type="ortholog"
        link="https://www.kegg.jp/dbget-bin/www_bget?K11434">
        <graphics name="K11434" fgcolor="#000000" bgcolor="#BFBFFF"
             type="rectangle" x="1004" y="343" width="46" height="17"/>
    </entry>
    <entry id="101" name="ko:K07202" type="ortholog"
        link="https://www.kegg.jp/dbget-bin/www_bget?K07202">
        <graphics name="K07202" fgcolor="#000000" bgcolor="#BFBFFF"
             type="rectangle" x="1021" y="286" width="46" height="17"/>
    </entry>
    <entry id="107" name="ko:K19008" type="ortholog"
        link="https://www.kegg.jp/dbget-bin/www_bget?K19008">
        <graphics name="K19008" fgcolor="#000000" bgcolor="#BFBFFF"
             type="rectangle" x="1173" y="152" width="46" height="17"/>
    </entry>
    <entry id="110" name="path:ko04910" type="map"
        link="https://www.kegg.jp/dbget-bin/www_bget?ko04910">
        <graphics name="Insulin signaling pathway" fgcolor="#000000" bgcolor="#FFFFFF"
             type="roundrectangle" x="284" y="126" width="112" height="34"/>
    </entry>
    <entry id="111" name="ko:K04456" type="ortholog"
        link="https://www.kegg.jp/dbget-bin/www_bget?K04456">
        <graphics name="K04456" fgcolor="#000000" bgcolor="#BFBFFF"
             type="rectangle" x="405" y="128" width="46" height="17"/>
    </entry>
    <entry id="112" name="ko:K13296" type="ortholog"
        link="https://www.kegg.jp/dbget-bin/www_bget?K13296">
        <graphics name="K13296" fgcolor="#000000" bgcolor="#BFBFFF"
             type="rectangle" x="493" y="128" width="46" height="17"/>
    </entry>
    <entry id="119" name="ko:K08765 ko:K19523 ko:K19524" type="ortholog"
        link="https://www.kegg.jp/dbget-bin/www_bget?K08765+K19523+K19524">
        <graphics name="K08765..." fgcolor="#000000" bgcolor="#BFBFFF"
             type="rectangle" x="1172" y="305" width="46" height="17"/>
    </entry>
    <entry id="120" name="ko:K08765 ko:K19523 ko:K19524" type="ortholog"
        link="https://www.kegg.jp/dbget-bin/www_bget?K08765+K19523+K19524">
        <graphics name="K08765..." fgcolor="#000000" bgcolor="#BFBFFF"
             type="rectangle" x="944" y="466" width="46" height="17"/>
    </entry>
    <entry id="131" name="ko:K07190 ko:K00871" type="ortholog"
        link="https://www.kegg.jp/dbget-bin/www_bget?K07190+K00871">
        <graphics name="K07190..." fgcolor="#000000" bgcolor="#BFBFFF"
             type="rectangle" x="522" y="452" width="46" height="17"/>
    </entry>
    <entry id="132" name="ko:K02183" type="ortholog"
        link="https://www.kegg.jp/dbget-bin/www_bget?K02183">
        <graphics name="K02183" fgcolor="#000000" bgcolor="#BFBFFF"
             type="rectangle" x="522" y="469" width="46" height="17"/>
    </entry>
    <entry id="136" name="ko:K01084" type="ortholog"
        link="https://www.kegg.jp/dbget-bin/www_bget?K01084">
        <graphics name="K01084" fgcolor="#000000" bgcolor="#BFBFFF"
             type="rectangle" x="265" y="585" width="46" height="17"/>
    </entry>
    <entry id="138" name="path:ko04024" type="map"
        link="https://www.kegg.jp/dbget-bin/www_bget?ko04024">
        <graphics name="cAMP signaling pathway" fgcolor="#000000" bgcolor="#FFFFFF"
             type="roundrectangle" x="365" y="214" width="112" height="34"/>
    </entry>
    <entry id="139" name="ko:K04348 ko:K06268" type="ortholog"
        link="https://www.kegg.jp/dbget-bin/www_bget?K04348+K06268">
        <graphics name="K04348..." fgcolor="#000000" bgcolor="#BFBFFF"
             type="rectangle" x="719" y="259" width="46" height="17"/>
    </entry>
    <entry id="142" name="ko:K03841" type="ortholog"
        link="https://www.kegg.jp/dbget-bin/www_bget?K03841">
        <graphics name="K03841" fgcolor="#000000" bgcolor="#BFBFFF"
             type="rectangle" x="430" y="586" width="46" height="17"/>
    </entry>
    <entry id="143" name="cpd:C00665" type="compound"
        link="https://www.kegg.jp/dbget-bin/www_bget?C00665">
        <graphics name="C00665" fgcolor="#000000" bgcolor="#FFFFFF"
             type="circle" x="564" y="490" width="8" height="8"/>
    </entry>
    <entry id="149" name="ko:K19028" type="ortholog"
        link="https://www.kegg.jp/dbget-bin/www_bget?K19028">
        <graphics name="K19028" fgcolor="#000000" bgcolor="#BFBFFF"
             type="rectangle" x="613" y="429" width="46" height="17"/>
    </entry>
    <entry id="153" name="cpd:C00149" type="compound"
        link="https://www.kegg.jp/dbget-bin/www_bget?C00149">
        <graphics name="C00149" fgcolor="#000000" bgcolor="#FFFFFF"
             type="circle" x="1086" y="756" width="8" height="8"/>
    </entry>
    <entry id="154" name="cpd:C00036" type="compound"
        link="https://www.kegg.jp/dbget-bin/www_bget?C00036">
        <graphics name="C00036" fgcolor="#000000" bgcolor="#FFFFFF"
             type="circle" x="1011" y="756" width="8" height="8"/>
    </entry>
    <entry id="158" name="ko:K01596" type="ortholog"
        link="https://www.kegg.jp/dbget-bin/www_bget?K01596">
        <graphics name="K01596" fgcolor="#000000" bgcolor="#BFBFFF"
             type="rectangle" x="765" y="740" width="46" height="17"/>
    </entry>
    <entry id="159" name="path:ko04020" type="map"
        link="https://www.kegg.jp/dbget-bin/www_bget?ko04020">
        <graphics name="Calcium signaling pathway" fgcolor="#000000" bgcolor="#FFFFFF"
             type="roundrectangle" x="365" y="302" width="112" height="34"/>
    </entry>
    <entry id="161" name="cpd:C00158" type="compound"
        link="https://www.kegg.jp/dbget-bin/www_bget?C00158">
        <graphics name="C00158" fgcolor="#000000" bgcolor="#FFFFFF"
             type="circle" x="795" y="547" width="8" height="8"/>
    </entry>
    <entry id="162" name="cpd:C00024" type="compound"
        link="https://www.kegg.jp/dbget-bin/www_bget?C00024">
        <graphics name="C00024" fgcolor="#000000" bgcolor="#FFFFFF"
             type="circle" x="821" y="489" width="8" height="8"/>
    </entry>
    <entry id="163" name="cpd:C00083" type="compound"
        link="https://www.kegg.jp/dbget-bin/www_bget?C00083">
        <graphics name="C00083" fgcolor="#000000" bgcolor="#FFFFFF"
             type="circle" x="843" y="432" width="8" height="8"/>
    </entry>
    <entry id="168" name="ko:K11262 ko:K01946" type="ortholog"
        link="https://www.kegg.jp/dbget-bin/www_bget?K11262+K01946">
        <graphics name="K11262..." fgcolor="#000000" bgcolor="#BFBFFF"
             type="rectangle" x="799" y="457" width="46" height="17"/>
    </entry>
    <entry id="169" name="cpd:C00040" type="compound"
        link="https://www.kegg.jp/dbget-bin/www_bget?C00040">
        <graphics name="C00040" fgcolor="#000000" bgcolor="#FFFFFF"
             type="circle" x="945" y="511" width="8" height="8"/>
    </entry>
    <entry id="171" name="ko:K07198 ko:K07199 ko:K07200" type="ortholog"
        link="https://www.kegg.jp/dbget-bin/www_bget?K07198+K07199+K07200">
        <graphics name="K07198..." fgcolor="#000000" bgcolor="#BFBFFF"
             type="rectangle" x="693" y="393" width="46" height="17"/>
    </entry>
    <entry id="175" name="cpd:C00186" type="compound"
        link="https://www.kegg.jp/dbget-bin/www_bget?C00186">
        <graphics name="C00186" fgcolor="#000000" bgcolor="#FFFFFF"
             type="circle" x="831" y="697" width="8" height="8"/>
    </entry>
    <entry id="178" name="ko:K04515" type="ortholog"
        link="https://www.kegg.jp/dbget-bin/www_bget?K04515">
        <graphics name="K04515" fgcolor="#000000" bgcolor="#BFBFFF"
             type="rectangle" x="723" y="330" width="46" height="17"/>
    </entry>
    <entry id="179" name="ko:K07201" type="ortholog"
        link="https://www.kegg.jp/dbget-bin/www_bget?K07201">
        <graphics name="K07201" fgcolor="#000000" bgcolor="#BFBFFF"
             type="rectangle" x="834" y="330" width="46" height="17"/>
    </entry>
    <entry id="185" name="ko:K04958 ko:K04959 ko:K04960" type="ortholog"
        link="https://www.kegg.jp/dbget-bin/www_bget?K04958+K04959+K04960">
        <graphics name="K04958..." fgcolor="#000000" bgcolor="#BFBFFF"
             type="rectangle" x="489" y="289" width="46" height="17"/>
    </entry>
    <entry id="188" name="path:ko04068" type="map"
        link="https://www.kegg.jp/dbget-bin/www_bget?ko04068">
        <graphics name="FoxO signaling pathway" fgcolor="#000000" bgcolor="#FFFFFF"
             type="roundrectangle" x="840" y="296" width="112" height="34"/>
    </entry>
    <entry id="189" name="ko:K00016" type="ortholog"
        link="https://www.kegg.jp/dbget-bin/www_bget?K00016">
        <graphics name="K00016" fgcolor="#000000" bgcolor="#BFBFFF"
             type="rectangle" x="841" y="646" width="46" height="17"/>
    </entry>
    <entry id="190" name="ko:K11411" type="ortholog"
        link="https://www.kegg.jp/dbget-bin/www_bget?K11411">
        <graphics name="K11411" fgcolor="#000000" bgcolor="#BFBFFF"
             type="rectangle" x="1135" y="221" width="46" height="17"/>
    </entry>
    <entry id="191" name="ko:K11411" type="ortholog"
        link="https://www.kegg.jp/dbget-bin/www_bget?K11411">
        <graphics name="K11411" fgcolor="#000000" bgcolor="#BFBFFF"
             type="rectangle" x="941" y="317" width="46" height="17"/>
    </entry>
    <entry id="192" name="ko:K07202" type="ortholog"
        link="https://www.kegg.jp/dbget-bin/www_bget?K07202">
        <graphics name="K07202" fgcolor="#000000" bgcolor="#BFBFFF"
             type="rectangle" x="1021" y="234" width="46" height="17"/>
    </entry>
    <entry id="193" name="ko:K07294" type="ortholog"
        link="https://www.kegg.jp/dbget-bin/www_bget?K07294">
        <graphics name="K07294" fgcolor="#000000" bgcolor="#BFBFFF"
             type="rectangle" x="1021" y="251" width="46" height="17"/>
    </entry>
    <entry id="199" name="path:ko00061" type="map"
        link="https://www.kegg.jp/dbget-bin/www_bget?ko00061">
        <graphics name="Fatty acid biosynthesis" fgcolor="#000000" bgcolor="#FFFFFF"
             type="roundrectangle" x="801" y="394" width="93" height="34"/>
    </entry>
    <entry id="200" name="undefined" type="group">
        <graphics fgcolor="#000000" bgcolor="#FFFFFF"
             type="rectangle" x="522" y="460" width="46" height="34"/>
        <component id="131"/>
        <component id="132"/>
    </entry>
    <entry id="201" name="undefined" type="group">
        <graphics fgcolor="#000000" bgcolor="#FFFFFF"
             type="rectangle" x="1021" y="142" width="46" height="51"/>
        <component id="87"/>
        <component id="88"/>
        <component id="89"/>
    </entry>
    <entry id="202" name="undefined" type="group">
        <graphics fgcolor="#000000" bgcolor="#FFFFFF"
             type="rectangle" x="1021" y="242" width="46" height="34"/>
        <component id="192"/>
        <component id="193"/>
    </entry>
    <entry id="203" name="undefined" type="group">
        <graphics fgcolor="#000000" bgcolor="#FFFFFF"
             type="rectangle" x="1021" y="294" width="46" height="34"/>
        <component id="101"/>
        <component id="93"/>
    </entry>
    <relation entry1="111" entry2="112" type="PPrel">
        <subtype name="activation" value="--&gt;"/>
    </relation>
    <relation entry1="53" entry2="54" type="PPrel">
        <subtype name="activation" value="--&gt;"/>
    </relation>
    <relation entry1="54" entry2="55" type="PPrel">
        <subtype name="activation" value="--&gt;"/>
    </relation>
    <relation entry1="55" entry2="56" type="PPrel">
        <subtype name="activation" value="--&gt;"/>
    </relation>
    <relation entry1="56" entry2="63" type="PCrel">
        <subtype name="activation" value="--&gt;"/>
    </relation>
    <relation entry1="63" entry2="57" type="PCrel">
        <subtype name="activation" value="--&gt;"/>
    </relation>
    <relation entry1="57" entry2="78" type="PPrel">
        <subtype name="activation" value="--&gt;"/>
        <subtype name="phosphorylation" value="+p"/>
    </relation>
    <relation entry1="57" entry2="185" type="PPrel">
        <subtype name="activation" value="--&gt;"/>
        <subtype name="phosphorylation" value="+p"/>
    </relation>
    <relation entry1="57" entry2="149" type="PPrel">
        <subtype name="activation" value="--&gt;"/>
        <subtype name="phosphorylation" value="+p"/>
    </relation>
    <relation entry1="57" entry2="200" type="PPrel">
        <subtype name="activation" value="--&gt;"/>
        <subtype name="phosphorylation" value="+p"/>
    </relation>
    <relation entry1="200" entry2="69" type="PPrel">
        <subtype name="activation" value="--&gt;"/>
        <subtype name="phosphorylation" value="+p"/>
    </relation>
    <relation entry1="57" entry2="81" type="PPrel">
        <subtype name="inhibition" value="--|"/>
        <subtype name="phosphorylation" value="+p"/>
    </relation>
    <relation entry1="81" entry2="80" type="PPrel">
        <subtype name="inhibition" value="--|"/>
        <subtype name="phosphorylation" value="+p"/>
    </relation>
    <relation entry1="171" entry2="168" type="PPrel">
        <subtype name="inhibition" value="--|"/>
        <subtype name="phosphorylation" value="+p"/>
    </relation>
    <relation entry1="112" entry2="63" type="PCrel">
        <subtype name="inhibition" value="--|"/>
    </relation>
    <relation entry1="163" entry2="120" type="PCrel">
        <subtype name="inhibition" value="--|"/>
    </relation>
    <relation entry1="79" entry2="80" type="PPrel">
        <subtype name="inhibition" value="--|"/>
        <subtype name="dephosphorylation" value="-p"/>
    </relation>
    <relation entry1="57" entry2="79" type="PPrel">
        <subtype name="activation" value="--&gt;"/>
        <subtype name="indirect effect" value="..&gt;"/>
    </relation>
    <relation entry1="57" entry2="171" type="PPrel">
        <subtype name="activation" value="--&gt;"/>
        <subtype name="indirect effect" value="..&gt;"/>
    </relation>
    <relation entry1="201" entry2="90" type="GErel">
        <subtype name="expression" value="--&gt;"/>
    </relation>
    <relation entry1="201" entry2="107" type="GErel">
        <subtype name="expression" value="--&gt;"/>
    </relation>
    <relation entry1="202" entry2="92" type="GErel">
        <subtype name="expression" value="--&gt;"/>
    </relation>
    <relation entry1="202" entry2="91" type="GErel">
        <subtype name="expression" value="--&gt;"/>
    </relation>
    <relation entry1="202" entry2="119" type="GErel">
        <subtype name="expression" value="--&gt;"/>
    </relation>
    <relation entry1="203" entry2="92" type="GErel">
        <subtype name="expression" value="--&gt;"/>
    </relation>
    <relation entry1="203" entry2="91" type="GErel">
        <subtype name="expression" value="--&gt;"/>
    </relation>
    <relation entry1="203" entry2="119" type="GErel">
        <subtype name="expression" value="--&gt;"/>
    </relation>
    <relation entry1="107" entry2="80" type="PPrel">
        <subtype name="inhibition" value="--|"/>
        <subtype name="phosphorylation" value="+p"/>
    </relation>
    <relation entry1="94" entry2="93" type="PPrel">
        <subtype name="activation" value="--&gt;"/>
    </relation>
    <relation entry1="143" entry2="47" type="PCrel">
        <subtype name="activation" value="--&gt;"/>
    </relation>
    <relation entry1="143" entry2="142" type="PCrel">
        <subtype name="inhibition" value="--|"/>
    </relation>
    <relation entry1="77" entry2="178" type="PCrel">
        <subtype name="activation" value="--&gt;"/>
    </relation>
    <relation entry1="178" entry2="179" type="PPrel">
        <subtype name="activation" value="--&gt;"/>
        <subtype name="phosphorylation" value="+p"/>
        <subtype name="indirect effect" value="..&gt;"/>
    </relation>
    <relation entry1="57" entry2="68" type="PPrel">
        <subtype name="inhibition" value="--|"/>
        <subtype name="phosphorylation" value="+p"/>
    </relation>
    <relation entry1="57" entry2="35" type="PPrel">
        <subtype name="inhibition" value="--|"/>
        <subtype name="phosphorylation" value="+p"/>
    </relation>
    <relation entry1="54" entry2="72" type="PPrel">
        <subtype name="activation" value="--&gt;"/>
    </relation>
    <relation entry1="72" entry2="73" type="PPrel">
        <subtype name="activation" value="--&gt;"/>
    </relation>
    <relation entry1="73" entry2="74" type="PCrel">
        <subtype name="activation" value="--&gt;"/>
    </relation>
    <relation entry1="74" entry2="185" type="PCrel">
        <subtype name="activation" value="--&gt;"/>
    </relation>
    <relation entry1="201" entry2="92" type="GErel">
        <subtype name="expression" value="--&gt;"/>
    </relation>
    <relation entry1="201" entry2="91" type="GErel">
        <subtype name="expression" value="--&gt;"/>
    </relation>
    <relation entry1="201" entry2="119" type="GErel">
        <subtype name="expression" value="--&gt;"/>
    </relation>
    <relation entry1="78" entry2="87" type="PPrel">
        <subtype name="state change" value="..."/>
    </relation>
    <relation entry1="80" entry2="88" type="PPrel">
        <subtype name="state change" value="..."/>
    </relation>
    <relation entry1="90" entry2="192" type="PPrel">
        <subtype name="state change" value="..."/>
    </relation>
    <relation entry1="90" entry2="101" type="PPrel">
        <subtype name="state change" value="..."/>
    </relation>
    <relation entry1="179" entry2="93" type="PPrel">
        <subtype name="state change" value="..."/>
    </relation>
    <relation entry1="77" entry2="139" type="PCrel">
        <subtype name="activation" value="--&gt;"/>
    </relation>
    <relation entry1="139" entry2="80" type="PPrel">
        <subtype name="activation" value="--&gt;"/>
        <subtype name="dephosphorylation" value="-p"/>
    </relation>
</pathway>
