<?xml version="1.0"?>
<!DOCTYPE pathway SYSTEM "https://www.kegg.jp/kegg/xml/KGML_v0.7.2_.dtd">
<!-- Creation date: Aug 4, 2022 13:32:24 +0900 (GMT+9) -->
<pathway name="path:ko04935" org="ko" number="04935"
         title="Growth hormone synthesis, secretion and action"
         image="https://www.kegg.jp/kegg/pathway/ko/ko04935.png"
         link="https://www.kegg.jp/kegg-bin/show_pathway?ko04935">
    <entry id="12" name="path:ko04935" type="map"
        link="https://www.kegg.jp/dbget-bin/www_bget?ko04935">
        <graphics name="TITLE:Growth hormone synthesis, secretion and action" fgcolor="#000000" bgcolor="#FFFFFF"
             type="roundrectangle" x="262" y="58" width="444" height="25"/>
    </entry>
    <entry id="14" name="ko:K04958 ko:K04959 ko:K04960" type="ortholog"
        link="https://www.kegg.jp/dbget-bin/www_bget?K04958+K04959+K04960">
        <graphics name="K04958..." fgcolor="#000000" bgcolor="#BFBFFF"
             type="rectangle" x="514" y="681" width="46" height="17"/>
    </entry>
    <entry id="15" name="cpd:C00076" type="compound"
        link="https://www.kegg.jp/dbget-bin/www_bget?C00076">
        <graphics name="C00076" fgcolor="#000000" bgcolor="#FFFFFF"
             type="circle" x="514" y="648" width="8" height="8"/>
    </entry>
    <entry id="16" name="ko:K01116 ko:K05859" type="ortholog"
        link="https://www.kegg.jp/dbget-bin/www_bget?K01116+K05859">
        <graphics name="K01116..." fgcolor="#000000" bgcolor="#BFBFFF"
             type="rectangle" x="377" y="640" width="46" height="17"/>
    </entry>
    <entry id="17" name="cpd:C01245" type="compound"
        link="https://www.kegg.jp/dbget-bin/www_bget?C01245">
        <graphics name="C01245" fgcolor="#000000" bgcolor="#FFFFFF"
             type="circle" x="454" y="658" width="8" height="8"/>
    </entry>
    <entry id="20" name="path:ko04020" type="map"
        link="https://www.kegg.jp/dbget-bin/www_bget?ko04020">
        <graphics name="Calcium signaling pathway" fgcolor="#000000" bgcolor="#FFFFFF"
             type="roundrectangle" x="639" y="664" width="125" height="34"/>
    </entry>
    <entry id="33" name="cpd:C00076" type="compound"
        link="https://www.kegg.jp/dbget-bin/www_bget?C00076">
        <graphics name="C00076" fgcolor="#000000" bgcolor="#FFFFFF"
             type="circle" x="140" y="337" width="8" height="8"/>
    </entry>
    <entry id="42" name="ko:K04958 ko:K04959 ko:K04960" type="ortholog"
        link="https://www.kegg.jp/dbget-bin/www_bget?K04958+K04959+K04960">
        <graphics name="K04958..." fgcolor="#000000" bgcolor="#BFBFFF"
             type="rectangle" x="674" y="338" width="46" height="17"/>
    </entry>
    <entry id="43" name="cpd:C00076" type="compound"
        link="https://www.kegg.jp/dbget-bin/www_bget?C00076">
        <graphics name="C00076" fgcolor="#000000" bgcolor="#FFFFFF"
             type="circle" x="624" y="337" width="8" height="8"/>
    </entry>
    <entry id="44" name="ko:K05858" type="ortholog"
        link="https://www.kegg.jp/dbget-bin/www_bget?K05858">
        <graphics name="K05858" fgcolor="#000000" bgcolor="#BFBFFF"
             type="rectangle" x="562" y="267" width="46" height="17"/>
    </entry>
    <entry id="45" name="cpd:C01245" type="compound"
        link="https://www.kegg.jp/dbget-bin/www_bget?C01245">
        <graphics name="C01245" fgcolor="#000000" bgcolor="#FFFFFF"
             type="circle" x="623" y="303" width="8" height="8"/>
    </entry>
    <entry id="47" name="ko:K04634 ko:K04635" type="ortholog"
        link="https://www.kegg.jp/dbget-bin/www_bget?K04634+K04635">
        <graphics name="K04634..." fgcolor="#000000" bgcolor="#BFBFFF"
             type="rectangle" x="307" y="269" width="46" height="17"/>
    </entry>
    <entry id="48" name="path:ko04020" type="map"
        link="https://www.kegg.jp/dbget-bin/www_bget?ko04020">
        <graphics name="Calcium signaling pathway" fgcolor="#000000" bgcolor="#FFFFFF"
             type="roundrectangle" x="511" y="372" width="125" height="34"/>
    </entry>
    <entry id="63" name="ko:K08041 ko:K08042 ko:K08043 ko:K08044 ko:K08045 ko:K08046 ko:K08047 ko:K08048 ko:K08049 ko:K11265" type="ortholog"
        link="https://www.kegg.jp/dbget-bin/www_bget?K08041+K08042+K08043+K08044+K08045+K08046+K08047+K08048+K08049+K11265">
        <graphics name="K08041..." fgcolor="#000000" bgcolor="#BFBFFF"
             type="rectangle" x="409" y="183" width="46" height="17"/>
    </entry>
    <entry id="64" name="cpd:C00575" type="compound"
        link="https://www.kegg.jp/dbget-bin/www_bget?C00575">
        <graphics name="C00575" fgcolor="#000000" bgcolor="#FFFFFF"
             type="circle" x="486" y="182" width="8" height="8"/>
    </entry>
    <entry id="88" name="ko:K04366" type="ortholog"
        link="https://www.kegg.jp/dbget-bin/www_bget?K04366">
        <graphics name="K04366" fgcolor="#000000" bgcolor="#BFBFFF"
             type="rectangle" x="631" y="748" width="46" height="17"/>
    </entry>
    <entry id="89" name="ko:K04368 ko:K04369" type="ortholog"
        link="https://www.kegg.jp/dbget-bin/www_bget?K04368+K04369">
        <graphics name="K04368..." fgcolor="#000000" bgcolor="#BFBFFF"
             type="rectangle" x="713" y="748" width="46" height="17"/>
    </entry>
    <entry id="90" name="ko:K04371" type="ortholog"
        link="https://www.kegg.jp/dbget-bin/www_bget?K04371">
        <graphics name="K04371" fgcolor="#000000" bgcolor="#BFBFFF"
             type="rectangle" x="797" y="748" width="46" height="17"/>
    </entry>
    <entry id="91" name="ko:K02677 ko:K19662 ko:K19663" type="ortholog"
        link="https://www.kegg.jp/dbget-bin/www_bget?K02677+K19662+K19663">
        <graphics name="K02677..." fgcolor="#000000" bgcolor="#BFBFFF"
             type="rectangle" x="596" y="623" width="46" height="17"/>
    </entry>
    <entry id="104" name="ko:K04857 ko:K04850 ko:K04851 ko:K04853" type="ortholog"
        link="https://www.kegg.jp/dbget-bin/www_bget?K04857+K04850+K04851+K04853">
        <graphics name="K04857..." fgcolor="#000000" bgcolor="#BFBFFF"
             type="rectangle" x="1089" y="595" width="46" height="17"/>
    </entry>
    <entry id="122" name="cpd:C00165" type="compound"
        link="https://www.kegg.jp/dbget-bin/www_bget?C00165">
        <graphics name="C00165" fgcolor="#000000" bgcolor="#FFFFFF"
             type="circle" x="454" y="615" width="8" height="8"/>
    </entry>
    <entry id="154" name="cpd:C00076" type="compound"
        link="https://www.kegg.jp/dbget-bin/www_bget?C00076">
        <graphics name="C00076" fgcolor="#000000" bgcolor="#FFFFFF"
             type="circle" x="1129" y="593" width="8" height="8"/>
    </entry>
    <entry id="214" name="ko:K04584" type="ortholog"
        link="https://www.kegg.jp/dbget-bin/www_bget?K04584">
        <graphics name="K04584" fgcolor="#000000" bgcolor="#BFBFFF"
             type="rectangle" x="205" y="183" width="46" height="17"/>
    </entry>
    <entry id="215" name="ko:K05260" type="ortholog"
        link="https://www.kegg.jp/dbget-bin/www_bget?K05260">
        <graphics name="K05260" fgcolor="#000000" bgcolor="#BFBFFF"
             type="rectangle" x="107" y="183" width="46" height="17"/>
    </entry>
    <entry id="216" name="ko:K05438" type="ortholog"
        link="https://www.kegg.jp/dbget-bin/www_bget?K05438">
        <graphics name="K05438" fgcolor="#000000" bgcolor="#BFBFFF"
             type="rectangle" x="829" y="256" width="46" height="17"/>
    </entry>
    <entry id="217" name="ko:K05438" type="ortholog"
        link="https://www.kegg.jp/dbget-bin/www_bget?K05438">
        <graphics name="K05438" fgcolor="#000000" bgcolor="#BFBFFF"
             type="rectangle" x="613" y="432" width="46" height="17"/>
    </entry>
    <entry id="218" name="ko:K05438" type="ortholog"
        link="https://www.kegg.jp/dbget-bin/www_bget?K05438">
        <graphics name="K05438" fgcolor="#000000" bgcolor="#BFBFFF"
             type="rectangle" x="260" y="432" width="46" height="17"/>
    </entry>
    <entry id="219" name="ko:K04345" type="ortholog"
        link="https://www.kegg.jp/dbget-bin/www_bget?K04345">
        <graphics name="K04345" fgcolor="#000000" bgcolor="#BFBFFF"
             type="rectangle" x="562" y="183" width="46" height="17"/>
    </entry>
    <entry id="220" name="ko:K05080" type="ortholog"
        link="https://www.kegg.jp/dbget-bin/www_bget?K05080">
        <graphics name="K05080" fgcolor="#000000" bgcolor="#BFBFFF"
             type="rectangle" x="205" y="824" width="46" height="17"/>
    </entry>
    <entry id="221" name="ko:K05438" type="ortholog"
        link="https://www.kegg.jp/dbget-bin/www_bget?K05438">
        <graphics name="K05438" fgcolor="#000000" bgcolor="#BFBFFF"
             type="rectangle" x="107" y="824" width="46" height="17"/>
    </entry>
    <entry id="222" name="ko:K04632" type="ortholog"
        link="https://www.kegg.jp/dbget-bin/www_bget?K04632">
        <graphics name="K04632" fgcolor="#000000" bgcolor="#BFBFFF"
             type="rectangle" x="306" y="183" width="46" height="17"/>
    </entry>
    <entry id="223" name="ko:K04857 ko:K04850 ko:K04851 ko:K04853" type="ortholog"
        link="https://www.kegg.jp/dbget-bin/www_bget?K04857+K04850+K04851+K04853">
        <graphics name="K04857..." fgcolor="#000000" bgcolor="#BFBFFF"
             type="rectangle" x="205" y="338" width="46" height="17"/>
    </entry>
    <entry id="227" name="ko:K05870 ko:K04450 ko:K04374 ko:K09048 ko:K09047 ko:K09049" type="ortholog"
        link="https://www.kegg.jp/dbget-bin/www_bget?K05870+K04450+K04374+K09048+K09047+K09049">
        <graphics name="K05870..." fgcolor="#000000" bgcolor="#BFBFFF"
             type="rectangle" x="829" y="183" width="46" height="17"/>
    </entry>
    <entry id="228" name="ko:K09363" type="ortholog"
        link="https://www.kegg.jp/dbget-bin/www_bget?K09363">
        <graphics name="K09363" fgcolor="#000000" bgcolor="#BFBFFF"
             type="rectangle" x="981" y="173" width="46" height="17"/>
    </entry>
    <entry id="231" name="cpd:C00165" type="compound"
        link="https://www.kegg.jp/dbget-bin/www_bget?C00165">
        <graphics name="C00165" fgcolor="#000000" bgcolor="#FFFFFF"
             type="circle" x="622" y="266" width="8" height="8"/>
    </entry>
    <entry id="233" name="ko:K02677 ko:K19662 ko:K19663" type="ortholog"
        link="https://www.kegg.jp/dbget-bin/www_bget?K02677+K19662+K19663">
        <graphics name="K02677..." fgcolor="#000000" bgcolor="#BFBFFF"
             type="rectangle" x="694" y="267" width="46" height="17"/>
    </entry>
    <entry id="235" name="ko:K05254" type="ortholog"
        link="https://www.kegg.jp/dbget-bin/www_bget?K05254">
        <graphics name="K05254" fgcolor="#000000" bgcolor="#BFBFFF"
             type="rectangle" x="107" y="269" width="46" height="17"/>
    </entry>
    <entry id="236" name="ko:K02833 ko:K07827 ko:K07828" type="ortholog"
        link="https://www.kegg.jp/dbget-bin/www_bget?K02833+K07827+K07828">
        <graphics name="K02833..." fgcolor="#000000" bgcolor="#BFBFFF"
             type="rectangle" x="547" y="748" width="46" height="17"/>
    </entry>
    <entry id="237" name="ko:K04447" type="ortholog"
        link="https://www.kegg.jp/dbget-bin/www_bget?K04447">
        <graphics name="K04447" fgcolor="#000000" bgcolor="#BFBFFF"
             type="rectangle" x="294" y="824" width="46" height="17"/>
    </entry>
    <entry id="238" name="ko:K16172 ko:K07187 ko:K17445 ko:K17446" type="ortholog"
        link="https://www.kegg.jp/dbget-bin/www_bget?K16172+K07187+K17445+K17446">
        <graphics name="K16172..." fgcolor="#000000" bgcolor="#BFBFFF"
             type="rectangle" x="414" y="863" width="46" height="17"/>
    </entry>
    <entry id="239" name="ko:K02649 ko:K00922" type="ortholog"
        link="https://www.kegg.jp/dbget-bin/www_bget?K02649+K00922">
        <graphics name="K02649..." fgcolor="#000000" bgcolor="#BFBFFF"
             type="rectangle" x="499" y="863" width="46" height="17"/>
    </entry>
    <entry id="240" name="ko:K04456" type="ortholog"
        link="https://www.kegg.jp/dbget-bin/www_bget?K04456">
        <graphics name="K04456" fgcolor="#000000" bgcolor="#BFBFFF"
             type="rectangle" x="584" y="863" width="46" height="17"/>
    </entry>
    <entry id="241" name="ko:K07203" type="ortholog"
        link="https://www.kegg.jp/dbget-bin/www_bget?K07203">
        <graphics name="K07203" fgcolor="#000000" bgcolor="#BFBFFF"
             type="rectangle" x="677" y="843" width="46" height="17"/>
    </entry>
    <entry id="242" name="ko:K03083" type="ortholog"
        link="https://www.kegg.jp/dbget-bin/www_bget?K03083">
        <graphics name="K03083" fgcolor="#000000" bgcolor="#BFBFFF"
             type="rectangle" x="677" y="881" width="46" height="17"/>
    </entry>
    <entry id="246" name="ko:K05459" type="ortholog"
        link="https://www.kegg.jp/dbget-bin/www_bget?K05459">
        <graphics name="K05459" fgcolor="#000000" bgcolor="#BFBFFF"
             type="rectangle" x="964" y="802" width="46" height="17"/>
    </entry>
    <entry id="247" name="ko:K04694 ko:K04695 ko:K04696" type="ortholog"
        link="https://www.kegg.jp/dbget-bin/www_bget?K04694+K04695+K04696">
        <graphics name="K04694..." fgcolor="#000000" bgcolor="#BFBFFF"
             type="rectangle" x="964" y="825" width="46" height="17"/>
    </entry>
    <entry id="248" name="ko:K04379" type="ortholog"
        link="https://www.kegg.jp/dbget-bin/www_bget?K04379">
        <graphics name="K04379" fgcolor="#000000" bgcolor="#BFBFFF"
             type="rectangle" x="964" y="848" width="46" height="17"/>
    </entry>
    <entry id="249" name="ko:K09028" type="ortholog"
        link="https://www.kegg.jp/dbget-bin/www_bget?K09028">
        <graphics name="K09028" fgcolor="#000000" bgcolor="#BFBFFF"
             type="rectangle" x="1016" y="802" width="46" height="17"/>
    </entry>
    <entry id="253" name="ko:K05725" type="ortholog"
        link="https://www.kegg.jp/dbget-bin/www_bget?K05725">
        <graphics name="K05725" fgcolor="#000000" bgcolor="#BFBFFF"
             type="rectangle" x="414" y="912" width="46" height="17"/>
    </entry>
    <entry id="254" name="ko:K05726" type="ortholog"
        link="https://www.kegg.jp/dbget-bin/www_bget?K05726">
        <graphics name="K05726" fgcolor="#000000" bgcolor="#BFBFFF"
             type="rectangle" x="499" y="900" width="46" height="17"/>
    </entry>
    <entry id="255" name="ko:K04438" type="ortholog"
        link="https://www.kegg.jp/dbget-bin/www_bget?K04438">
        <graphics name="K04438" fgcolor="#000000" bgcolor="#BFBFFF"
             type="rectangle" x="499" y="924" width="46" height="17"/>
    </entry>
    <entry id="256" name="ko:K04416" type="ortholog"
        link="https://www.kegg.jp/dbget-bin/www_bget?K04416">
        <graphics name="K04416" fgcolor="#000000" bgcolor="#BFBFFF"
             type="rectangle" x="584" y="913" width="46" height="17"/>
    </entry>
    <entry id="257" name="ko:K04441" type="ortholog"
        link="https://www.kegg.jp/dbget-bin/www_bget?K04441">
        <graphics name="K04441" fgcolor="#000000" bgcolor="#BFBFFF"
             type="rectangle" x="765" y="930" width="46" height="17"/>
    </entry>
    <entry id="264" name="ko:K11220 ko:K04692 ko:K11223 ko:K11224" type="ortholog"
        link="https://www.kegg.jp/dbget-bin/www_bget?K11220+K04692+K11223+K11224">
        <graphics name="K11220..." fgcolor="#000000" bgcolor="#BFBFFF"
             type="rectangle" x="677" y="796" width="46" height="17"/>
    </entry>
    <entry id="271" name="ko:K04284" type="ortholog"
        link="https://www.kegg.jp/dbget-bin/www_bget?K04284">
        <graphics name="K04284" fgcolor="#000000" bgcolor="#BFBFFF"
             type="rectangle" x="205" y="269" width="46" height="17"/>
    </entry>
    <entry id="274" name="ko:K05237" type="ortholog"
        link="https://www.kegg.jp/dbget-bin/www_bget?K05237">
        <graphics name="K05237" fgcolor="#000000" bgcolor="#BFBFFF"
             type="rectangle" x="107" y="218" width="46" height="17"/>
    </entry>
    <entry id="275" name="ko:K04217 ko:K04218 ko:K04219 ko:K04221" type="ortholog"
        link="https://www.kegg.jp/dbget-bin/www_bget?K04217+K04218+K04219+K04221">
        <graphics name="K04217..." fgcolor="#000000" bgcolor="#BFBFFF"
             type="rectangle" x="205" y="218" width="46" height="17"/>
    </entry>
    <entry id="276" name="ko:K04630" type="ortholog"
        link="https://www.kegg.jp/dbget-bin/www_bget?K04630">
        <graphics name="K04630" fgcolor="#000000" bgcolor="#BFBFFF"
             type="rectangle" x="305" y="218" width="46" height="17"/>
    </entry>
    <entry id="281" name="path:ko04630" type="map"
        link="https://www.kegg.jp/dbget-bin/www_bget?ko04630">
        <graphics name="JAK-STAT signaling pathway" fgcolor="#000000" bgcolor="#FFFFFF"
             type="roundrectangle" x="487" y="826" width="125" height="34"/>
    </entry>
    <entry id="282" name="ko:K06279 ko:K17447 ko:K17448 ko:K17449" type="ortholog"
        link="https://www.kegg.jp/dbget-bin/www_bget?K06279+K17447+K17448+K17449">
        <graphics name="K06279..." fgcolor="#000000" bgcolor="#BFBFFF"
             type="rectangle" x="344" y="790" width="46" height="17"/>
    </entry>
    <entry id="283" name="ko:K04364" type="ortholog"
        link="https://www.kegg.jp/dbget-bin/www_bget?K04364">
        <graphics name="K04364" fgcolor="#000000" bgcolor="#BFBFFF"
             type="rectangle" x="377" y="748" width="46" height="17"/>
    </entry>
    <entry id="284" name="ko:K03099" type="ortholog"
        link="https://www.kegg.jp/dbget-bin/www_bget?K03099">
        <graphics name="K03099" fgcolor="#000000" bgcolor="#BFBFFF"
             type="rectangle" x="463" y="748" width="46" height="17"/>
    </entry>
    <entry id="290" name="path:ko04024" type="map"
        link="https://www.kegg.jp/dbget-bin/www_bget?ko04024">
        <graphics name="cAMP signaling pathway" fgcolor="#000000" bgcolor="#FFFFFF"
             type="roundrectangle" x="660" y="210" width="125" height="34"/>
    </entry>
    <entry id="291" name="path:ko04010" type="map"
        link="https://www.kegg.jp/dbget-bin/www_bget?ko04010">
        <graphics name="MAPK signaling pathway" fgcolor="#000000" bgcolor="#FFFFFF"
             type="roundrectangle" x="639" y="710" width="125" height="34"/>
    </entry>
    <entry id="295" name="ko:K04379" type="ortholog"
        link="https://www.kegg.jp/dbget-bin/www_bget?K04379">
        <graphics name="K04379" fgcolor="#000000" bgcolor="#BFBFFF"
             type="rectangle" x="981" y="196" width="46" height="17"/>
    </entry>
    <entry id="296" name="ko:K04432 ko:K04430 ko:K04433" type="ortholog"
        link="https://www.kegg.jp/dbget-bin/www_bget?K04432+K04430+K04433">
        <graphics name="K04432..." fgcolor="#000000" bgcolor="#BFBFFF"
             type="rectangle" x="677" y="914" width="46" height="17"/>
    </entry>
    <entry id="298" name="ko:K04440" type="ortholog"
        link="https://www.kegg.jp/dbget-bin/www_bget?K04440">
        <graphics name="K04440" fgcolor="#000000" bgcolor="#BFBFFF"
             type="rectangle" x="765" y="900" width="46" height="17"/>
    </entry>
    <entry id="301" name="ko:K04498" type="ortholog"
        link="https://www.kegg.jp/dbget-bin/www_bget?K04498">
        <graphics name="K04498" fgcolor="#000000" bgcolor="#BFBFFF"
             type="rectangle" x="811" y="200" width="46" height="17"/>
    </entry>
    <entry id="302" name="ko:K17256" type="ortholog"
        link="https://www.kegg.jp/dbget-bin/www_bget?K17256">
        <graphics name="K17256" fgcolor="#000000" bgcolor="#BFBFFF"
             type="rectangle" x="1016" y="825" width="46" height="17"/>
    </entry>
    <entry id="303" name="ko:K10138" type="ortholog"
        link="https://www.kegg.jp/dbget-bin/www_bget?K10138">
        <graphics name="K10138" fgcolor="#000000" bgcolor="#BFBFFF"
             type="rectangle" x="1016" y="848" width="46" height="17"/>
    </entry>
    <entry id="306" name="ko:K25968" type="ortholog"
        link="https://www.kegg.jp/dbget-bin/www_bget?K25968">
        <graphics name="K25968" fgcolor="#000000" bgcolor="#BFBFFF"
             type="rectangle" x="205" y="286" width="46" height="17"/>
    </entry>
    <relation entry1="215" entry2="214" type="PPrel">
        <subtype name="activation" value="--&gt;"/>
    </relation>
    <relation entry1="214" entry2="222" type="PPrel">
        <subtype name="activation" value="--&gt;"/>
    </relation>
    <relation entry1="222" entry2="63" type="PPrel">
        <subtype name="activation" value="--&gt;"/>
    </relation>
    <relation entry1="63" entry2="64" type="PCrel">
        <subtype name="activation" value="--&gt;"/>
    </relation>
    <relation entry1="64" entry2="219" type="PCrel">
        <subtype name="activation" value="--&gt;"/>
    </relation>
    <relation entry1="274" entry2="275" type="PPrel">
        <subtype name="activation" value="--&gt;"/>
    </relation>
    <relation entry1="275" entry2="276" type="PPrel">
        <subtype name="activation" value="--&gt;"/>
    </relation>
    <relation entry1="235" entry2="271" type="PPrel">
        <subtype name="activation" value="--&gt;"/>
    </relation>
    <relation entry1="271" entry2="47" type="PPrel">
        <subtype name="activation" value="--&gt;"/>
    </relation>
    <relation entry1="47" entry2="44" type="PPrel">
        <subtype name="activation" value="--&gt;"/>
    </relation>
    <relation entry1="44" entry2="231" type="PCrel">
        <subtype name="activation" value="--&gt;"/>
    </relation>
    <relation entry1="231" entry2="233" type="PCrel">
        <subtype name="activation" value="--&gt;"/>
    </relation>
    <relation entry1="44" entry2="45" type="PCrel">
        <subtype name="activation" value="--&gt;"/>
    </relation>
    <relation entry1="45" entry2="42" type="PCrel">
        <subtype name="activation" value="--&gt;"/>
    </relation>
    <relation entry1="221" entry2="220" type="PPrel">
        <subtype name="activation" value="--&gt;"/>
    </relation>
    <relation entry1="220" entry2="237" type="PPrel">
        <subtype name="activation" value="--&gt;"/>
    </relation>
    <relation entry1="237" entry2="16" type="PPrel">
        <subtype name="activation" value="--&gt;"/>
    </relation>
    <relation entry1="16" entry2="122" type="PCrel">
        <subtype name="activation" value="--&gt;"/>
    </relation>
    <relation entry1="122" entry2="91" type="PCrel">
        <subtype name="activation" value="--&gt;"/>
    </relation>
    <relation entry1="16" entry2="17" type="PCrel">
        <subtype name="activation" value="--&gt;"/>
    </relation>
    <relation entry1="15" entry2="91" type="PCrel">
        <subtype name="activation" value="--&gt;"/>
    </relation>
    <relation entry1="17" entry2="14" type="PCrel">
        <subtype name="activation" value="--&gt;"/>
    </relation>
    <relation entry1="91" entry2="104" type="PPrel">
        <subtype name="activation" value="--&gt;"/>
    </relation>
    <relation entry1="237" entry2="282" type="PPrel">
        <subtype name="activation" value="--&gt;"/>
    </relation>
    <relation entry1="282" entry2="283" type="PPrel">
        <subtype name="activation" value="--&gt;"/>
    </relation>
    <relation entry1="283" entry2="284" type="PPrel">
        <subtype name="activation" value="--&gt;"/>
    </relation>
    <relation entry1="284" entry2="236" type="PPrel">
        <subtype name="activation" value="--&gt;"/>
    </relation>
    <relation entry1="236" entry2="88" type="PPrel">
        <subtype name="activation" value="--&gt;"/>
    </relation>
    <relation entry1="237" entry2="264" type="PPrel">
        <subtype name="activation" value="--&gt;"/>
    </relation>
    <relation entry1="237" entry2="238" type="PPrel">
        <subtype name="activation" value="--&gt;"/>
    </relation>
    <relation entry1="238" entry2="239" type="PPrel">
        <subtype name="activation" value="--&gt;"/>
    </relation>
    <relation entry1="239" entry2="240" type="PPrel">
        <subtype name="activation" value="--&gt;"/>
    </relation>
    <relation entry1="237" entry2="253" type="PPrel">
        <subtype name="activation" value="--&gt;"/>
    </relation>
    <relation entry1="253" entry2="254" type="PPrel">
        <subtype name="activation" value="--&gt;"/>
    </relation>
    <relation entry1="253" entry2="255" type="PPrel">
        <subtype name="activation" value="--&gt;"/>
    </relation>
    <relation entry1="254" entry2="256" type="PPrel">
        <subtype name="activation" value="--&gt;"/>
    </relation>
    <relation entry1="255" entry2="256" type="PPrel">
        <subtype name="activation" value="--&gt;"/>
    </relation>
    <relation entry1="219" entry2="227" type="PPrel">
        <subtype name="activation" value="--&gt;"/>
        <subtype name="phosphorylation" value="+p"/>
    </relation>
    <relation entry1="88" entry2="89" type="PPrel">
        <subtype name="activation" value="--&gt;"/>
        <subtype name="phosphorylation" value="+p"/>
    </relation>
    <relation entry1="89" entry2="90" type="PPrel">
        <subtype name="activation" value="--&gt;"/>
        <subtype name="phosphorylation" value="+p"/>
    </relation>
    <relation entry1="256" entry2="296" type="PPrel">
        <subtype name="activation" value="--&gt;"/>
        <subtype name="phosphorylation" value="+p"/>
    </relation>
    <relation entry1="296" entry2="298" type="PPrel">
        <subtype name="activation" value="--&gt;"/>
        <subtype name="phosphorylation" value="+p"/>
    </relation>
    <relation entry1="296" entry2="257" type="PPrel">
        <subtype name="activation" value="--&gt;"/>
        <subtype name="phosphorylation" value="+p"/>
    </relation>
    <relation entry1="227" entry2="228" type="GErel">
        <subtype name="expression" value="--&gt;"/>
    </relation>
    <relation entry1="227" entry2="295" type="GErel">
        <subtype name="expression" value="--&gt;"/>
    </relation>
    <relation entry1="295" entry2="216" type="GErel">
        <subtype name="expression" value="--&gt;"/>
    </relation>
    <relation entry1="228" entry2="216" type="GErel">
        <subtype name="expression" value="--&gt;"/>
    </relation>
    <relation entry1="90" entry2="246" type="GErel">
        <subtype name="expression" value="--&gt;"/>
    </relation>
    <relation entry1="90" entry2="249" type="GErel">
        <subtype name="expression" value="--&gt;"/>
    </relation>
    <relation entry1="90" entry2="247" type="GErel">
        <subtype name="expression" value="--&gt;"/>
    </relation>
    <relation entry1="90" entry2="302" type="GErel">
        <subtype name="expression" value="--&gt;"/>
    </relation>
    <relation entry1="90" entry2="248" type="GErel">
        <subtype name="expression" value="--&gt;"/>
    </relation>
    <relation entry1="90" entry2="303" type="GErel">
        <subtype name="expression" value="--&gt;"/>
    </relation>
    <relation entry1="264" entry2="246" type="GErel">
        <subtype name="expression" value="--&gt;"/>
    </relation>
    <relation entry1="264" entry2="249" type="GErel">
        <subtype name="expression" value="--&gt;"/>
    </relation>
    <relation entry1="264" entry2="247" type="GErel">
        <subtype name="expression" value="--&gt;"/>
    </relation>
    <relation entry1="264" entry2="302" type="GErel">
        <subtype name="expression" value="--&gt;"/>
    </relation>
    <relation entry1="264" entry2="248" type="GErel">
        <subtype name="expression" value="--&gt;"/>
    </relation>
    <relation entry1="264" entry2="303" type="GErel">
        <subtype name="expression" value="--&gt;"/>
    </relation>
    <relation entry1="241" entry2="246" type="GErel">
        <subtype name="expression" value="--&gt;"/>
    </relation>
    <relation entry1="241" entry2="249" type="GErel">
        <subtype name="expression" value="--&gt;"/>
    </relation>
    <relation entry1="241" entry2="247" type="GErel">
        <subtype name="expression" value="--&gt;"/>
    </relation>
    <relation entry1="241" entry2="302" type="GErel">
        <subtype name="expression" value="--&gt;"/>
    </relation>
    <relation entry1="241" entry2="248" type="GErel">
        <subtype name="expression" value="--&gt;"/>
    </relation>
    <relation entry1="241" entry2="303" type="GErel">
        <subtype name="expression" value="--&gt;"/>
    </relation>
    <relation entry1="276" entry2="63" type="PPrel">
        <subtype name="inhibition" value="--|"/>
    </relation>
    <relation entry1="240" entry2="242" type="PPrel">
        <subtype name="inhibition" value="--|"/>
    </relation>
    <relation entry1="242" entry2="246" type="GErel">
        <subtype name="repression" value="--|"/>
    </relation>
    <relation entry1="242" entry2="249" type="GErel">
        <subtype name="repression" value="--|"/>
    </relation>
    <relation entry1="242" entry2="247" type="GErel">
        <subtype name="repression" value="--|"/>
    </relation>
    <relation entry1="242" entry2="302" type="GErel">
        <subtype name="repression" value="--|"/>
    </relation>
    <relation entry1="242" entry2="248" type="GErel">
        <subtype name="repression" value="--|"/>
    </relation>
    <relation entry1="242" entry2="303" type="GErel">
        <subtype name="repression" value="--|"/>
    </relation>
    <relation entry1="219" entry2="223" type="PPrel">
        <subtype name="activation" value="--&gt;"/>
        <subtype name="indirect effect" value="..&gt;"/>
    </relation>
    <relation entry1="240" entry2="241" type="PPrel">
        <subtype name="activation" value="--&gt;"/>
        <subtype name="indirect effect" value="..&gt;"/>
    </relation>
    <relation entry1="271" entry2="306" type="PPrel">
        <subtype name="binding/association" value="---"/>
    </relation>
</pathway>
