<?xml version="1.0"?>
<!DOCTYPE pathway SYSTEM "https://www.kegg.jp/kegg/xml/KGML_v0.7.2_.dtd">
<!-- Creation date: Jan 23, 2020 14:25:21 +0900 (GMT+9) -->
<pathway name="path:ko04913" org="ko" number="04913"
         title="Ovarian steroidogenesis"
         image="https://www.kegg.jp/kegg/pathway/ko/ko04913.png"
         link="https://www.kegg.jp/kegg-bin/show_pathway?ko04913">
    <entry id="6" name="path:ko04913" type="map"
        link="https://www.kegg.jp/dbget-bin/www_bget?ko04913">
        <graphics name="TITLE:Ovarian steroidogenesis" fgcolor="#000000" bgcolor="#FFFFFF"
             type="roundrectangle" x="159" y="58" width="238" height="25"/>
    </entry>
    <entry id="8" name="path:ko00140" type="map"
        link="https://www.kegg.jp/dbget-bin/www_bget?ko00140">
        <graphics name="Steroid hormone biosynthesis" fgcolor="#000000" bgcolor="#FFFFFF"
             type="roundrectangle" x="357" y="497" width="123" height="34"/>
    </entry>
    <entry id="12" name="cpd:C00187" type="compound"
        link="https://www.kegg.jp/dbget-bin/www_bget?C00187">
        <graphics name="C00187" fgcolor="#000000" bgcolor="#FFFFFF"
             type="circle" x="348" y="409" width="8" height="8"/>
    </entry>
    <entry id="13" name="cpd:C01953" type="compound"
        link="https://www.kegg.jp/dbget-bin/www_bget?C01953">
        <graphics name="C01953" fgcolor="#000000" bgcolor="#FFFFFF"
             type="circle" x="459" y="409" width="8" height="8"/>
    </entry>
    <entry id="14" name="cpd:C05138" type="compound"
        link="https://www.kegg.jp/dbget-bin/www_bget?C05138">
        <graphics name="C05138" fgcolor="#000000" bgcolor="#FFFFFF"
             type="circle" x="575" y="409" width="8" height="8"/>
    </entry>
    <entry id="15" name="cpd:C01227" type="compound"
        link="https://www.kegg.jp/dbget-bin/www_bget?C01227">
        <graphics name="C01227" fgcolor="#000000" bgcolor="#FFFFFF"
             type="circle" x="687" y="409" width="8" height="8"/>
    </entry>
    <entry id="16" name="cpd:C04295" type="compound"
        link="https://www.kegg.jp/dbget-bin/www_bget?C04295">
        <graphics name="C04295" fgcolor="#000000" bgcolor="#FFFFFF"
             type="circle" x="798" y="409" width="8" height="8"/>
    </entry>
    <entry id="17" name="cpd:C00535" type="compound"
        link="https://www.kegg.jp/dbget-bin/www_bget?C00535">
        <graphics name="C00535" fgcolor="#000000" bgcolor="#FFFFFF"
             type="circle" x="798" y="489" width="8" height="8"/>
    </entry>
    <entry id="18" name="cpd:C00410" type="compound"
        link="https://www.kegg.jp/dbget-bin/www_bget?C00410">
        <graphics name="C00410" fgcolor="#000000" bgcolor="#FFFFFF"
             type="circle" x="459" y="489" width="8" height="8"/>
    </entry>
    <entry id="19" name="cpd:C01176" type="compound"
        link="https://www.kegg.jp/dbget-bin/www_bget?C01176">
        <graphics name="C01176" fgcolor="#000000" bgcolor="#FFFFFF"
             type="circle" x="575" y="489" width="8" height="8"/>
    </entry>
    <entry id="20" name="cpd:C00280" type="compound"
        link="https://www.kegg.jp/dbget-bin/www_bget?C00280">
        <graphics name="C00280" fgcolor="#000000" bgcolor="#FFFFFF"
             type="circle" x="687" y="489" width="8" height="8"/>
    </entry>
    <entry id="32" name="ko:K00070" type="ortholog"
        link="https://www.kegg.jp/dbget-bin/www_bget?K00070">
        <graphics name="K00070" fgcolor="#000000" bgcolor="#BFBFFF"
             type="rectangle" x="488" y="455" width="46" height="17"/>
    </entry>
    <entry id="33" name="ko:K00070" type="ortholog"
        link="https://www.kegg.jp/dbget-bin/www_bget?K00070">
        <graphics name="K00070" fgcolor="#000000" bgcolor="#BFBFFF"
             type="rectangle" x="603" y="455" width="46" height="17"/>
    </entry>
    <entry id="34" name="ko:K00070" type="ortholog"
        link="https://www.kegg.jp/dbget-bin/www_bget?K00070">
        <graphics name="K00070" fgcolor="#000000" bgcolor="#BFBFFF"
             type="rectangle" x="716" y="455" width="46" height="17"/>
    </entry>
    <entry id="35" name="ko:K00070" type="ortholog"
        link="https://www.kegg.jp/dbget-bin/www_bget?K00070">
        <graphics name="K00070" fgcolor="#000000" bgcolor="#BFBFFF"
             type="rectangle" x="827" y="455" width="46" height="17"/>
    </entry>
    <entry id="36" name="ko:K13368 ko:K04119" type="ortholog"
        link="https://www.kegg.jp/dbget-bin/www_bget?K13368+K04119">
        <graphics name="K13368..." fgcolor="#000000" bgcolor="#BFBFFF"
             type="rectangle" x="735" y="527" width="46" height="17"/>
    </entry>
    <entry id="37" name="ko:K04248" type="ortholog"
        link="https://www.kegg.jp/dbget-bin/www_bget?K04248">
        <graphics name="K04248" fgcolor="#000000" bgcolor="#BFBFFF"
             type="rectangle" x="216" y="245" width="46" height="17"/>
    </entry>
    <entry id="38" name="ko:K08522 ko:K08521" type="ortholog"
        link="https://www.kegg.jp/dbget-bin/www_bget?K08522+K08521">
        <graphics name="K08522..." fgcolor="#000000" bgcolor="#BFBFFF"
             type="rectangle" x="131" y="245" width="46" height="17"/>
    </entry>
    <entry id="39" name="ko:K16931" type="ortholog"
        link="https://www.kegg.jp/dbget-bin/www_bget?K16931">
        <graphics name="K16931" fgcolor="#000000" bgcolor="#BFBFFF"
             type="rectangle" x="399" y="367" width="46" height="17"/>
    </entry>
    <entry id="40" name="ko:K00498" type="ortholog"
        link="https://www.kegg.jp/dbget-bin/www_bget?K00498">
        <graphics name="K00498" fgcolor="#000000" bgcolor="#BFBFFF"
             type="rectangle" x="398" y="390" width="46" height="17"/>
    </entry>
    <entry id="41" name="ko:K00512" type="ortholog"
        link="https://www.kegg.jp/dbget-bin/www_bget?K00512">
        <graphics name="K00512" fgcolor="#000000" bgcolor="#BFBFFF"
             type="rectangle" x="512" y="396" width="46" height="17"/>
    </entry>
    <entry id="42" name="ko:K00512" type="ortholog"
        link="https://www.kegg.jp/dbget-bin/www_bget?K00512">
        <graphics name="K00512" fgcolor="#000000" bgcolor="#BFBFFF"
             type="rectangle" x="631" y="396" width="46" height="17"/>
    </entry>
    <entry id="43" name="ko:K04632" type="ortholog"
        link="https://www.kegg.jp/dbget-bin/www_bget?K04632">
        <graphics name="K04632" fgcolor="#000000" bgcolor="#BFBFFF"
             type="rectangle" x="301" y="245" width="46" height="17"/>
    </entry>
    <entry id="44" name="ko:K08041 ko:K08042 ko:K08043 ko:K08044 ko:K08045 ko:K08046 ko:K08047 ko:K08048 ko:K08049" type="ortholog"
        link="https://www.kegg.jp/dbget-bin/www_bget?K08041+K08042+K08043+K08044+K08045+K08046+K08047+K08048+K08049">
        <graphics name="K08041..." fgcolor="#000000" bgcolor="#BFBFFF"
             type="rectangle" x="389" y="245" width="46" height="17"/>
    </entry>
    <entry id="48" name="ko:K08522 ko:K05250" type="ortholog"
        link="https://www.kegg.jp/dbget-bin/www_bget?K08522+K05250">
        <graphics name="K08522..." fgcolor="#000000" bgcolor="#BFBFFF"
             type="rectangle" x="131" y="895" width="46" height="17"/>
    </entry>
    <entry id="49" name="ko:K04247" type="ortholog"
        link="https://www.kegg.jp/dbget-bin/www_bget?K04247">
        <graphics name="K04247" fgcolor="#000000" bgcolor="#BFBFFF"
             type="rectangle" x="216" y="895" width="46" height="17"/>
    </entry>
    <entry id="50" name="ko:K04632" type="ortholog"
        link="https://www.kegg.jp/dbget-bin/www_bget?K04632">
        <graphics name="K04632" fgcolor="#000000" bgcolor="#BFBFFF"
             type="rectangle" x="299" y="895" width="46" height="17"/>
    </entry>
    <entry id="51" name="ko:K08041 ko:K08042 ko:K08043 ko:K08044 ko:K08045 ko:K08046 ko:K08047 ko:K08048 ko:K08049" type="ortholog"
        link="https://www.kegg.jp/dbget-bin/www_bget?K08041+K08042+K08043+K08044+K08045+K08046+K08047+K08048+K08049">
        <graphics name="K08041..." fgcolor="#000000" bgcolor="#BFBFFF"
             type="rectangle" x="385" y="895" width="46" height="17"/>
    </entry>
    <entry id="55" name="cpd:C00280" type="compound"
        link="https://www.kegg.jp/dbget-bin/www_bget?C00280">
        <graphics name="C00280" fgcolor="#000000" bgcolor="#FFFFFF"
             type="circle" x="462" y="752" width="8" height="8"/>
    </entry>
    <entry id="56" name="cpd:C00535" type="compound"
        link="https://www.kegg.jp/dbget-bin/www_bget?C00535">
        <graphics name="C00535" fgcolor="#000000" bgcolor="#FFFFFF"
             type="circle" x="578" y="752" width="8" height="8"/>
    </entry>
    <entry id="57" name="cpd:C00951" type="compound"
        link="https://www.kegg.jp/dbget-bin/www_bget?C00951">
        <graphics name="C00951" fgcolor="#000000" bgcolor="#FFFFFF"
             type="circle" x="742" y="752" width="8" height="8"/>
    </entry>
    <entry id="58" name="cpd:C00468" type="compound"
        link="https://www.kegg.jp/dbget-bin/www_bget?C00468">
        <graphics name="C00468" fgcolor="#000000" bgcolor="#FFFFFF"
             type="circle" x="463" y="827" width="8" height="8"/>
    </entry>
    <entry id="59" name="cpd:C14209" type="compound"
        link="https://www.kegg.jp/dbget-bin/www_bget?C14209">
        <graphics name="C14209" fgcolor="#000000" bgcolor="#FFFFFF"
             type="circle" x="858" y="724" width="8" height="8"/>
    </entry>
    <entry id="60" name="cpd:C05301" type="compound"
        link="https://www.kegg.jp/dbget-bin/www_bget?C05301">
        <graphics name="C05301" fgcolor="#000000" bgcolor="#FFFFFF"
             type="circle" x="858" y="780" width="8" height="8"/>
    </entry>
    <entry id="62" name="ko:K13368 ko:K04119" type="ortholog"
        link="https://www.kegg.jp/dbget-bin/www_bget?K13368+K04119">
        <graphics name="K13368..." fgcolor="#000000" bgcolor="#BFBFFF"
             type="rectangle" x="519" y="736" width="46" height="17"/>
    </entry>
    <entry id="64" name="ko:K07434" type="ortholog"
        link="https://www.kegg.jp/dbget-bin/www_bget?K07434">
        <graphics name="K07434" fgcolor="#000000" bgcolor="#BFBFFF"
             type="rectangle" x="490" y="791" width="46" height="17"/>
    </entry>
    <entry id="66" name="ko:K07434" type="ortholog"
        link="https://www.kegg.jp/dbget-bin/www_bget?K07434">
        <graphics name="K07434" fgcolor="#000000" bgcolor="#BFBFFF"
             type="rectangle" x="633" y="736" width="46" height="17"/>
    </entry>
    <entry id="69" name="ko:K07410" type="ortholog"
        link="https://www.kegg.jp/dbget-bin/www_bget?K07410">
        <graphics name="K07410" fgcolor="#000000" bgcolor="#BFBFFF"
             type="rectangle" x="788" y="717" width="46" height="17"/>
    </entry>
    <entry id="70" name="ko:K07408" type="ortholog"
        link="https://www.kegg.jp/dbget-bin/www_bget?K07408">
        <graphics name="K07408" fgcolor="#000000" bgcolor="#BFBFFF"
             type="rectangle" x="790" y="797" width="46" height="17"/>
    </entry>
    <entry id="72" name="ko:K00044 ko:K13373" type="ortholog"
        link="https://www.kegg.jp/dbget-bin/www_bget?K00044+K13373">
        <graphics name="K00044..." fgcolor="#000000" bgcolor="#BFBFFF"
             type="rectangle" x="663" y="797" width="46" height="17"/>
    </entry>
    <entry id="75" name="cpd:C00575" type="compound"
        link="https://www.kegg.jp/dbget-bin/www_bget?C00575">
        <graphics name="C00575" fgcolor="#000000" bgcolor="#FFFFFF"
             type="circle" x="451" y="245" width="8" height="8"/>
    </entry>
    <entry id="76" name="cpd:C00575" type="compound"
        link="https://www.kegg.jp/dbget-bin/www_bget?C00575">
        <graphics name="C00575" fgcolor="#000000" bgcolor="#FFFFFF"
             type="circle" x="451" y="894" width="8" height="8"/>
    </entry>
    <entry id="79" name="ko:K00044 ko:K04119" type="ortholog"
        link="https://www.kegg.jp/dbget-bin/www_bget?K00044+K04119">
        <graphics name="K00044..." fgcolor="#000000" bgcolor="#BFBFFF"
             type="rectangle" x="740" y="396" width="46" height="17"/>
    </entry>
    <entry id="80" name="ko:K04345" type="ortholog"
        link="https://www.kegg.jp/dbget-bin/www_bget?K04345">
        <graphics name="K04345" fgcolor="#000000" bgcolor="#BFBFFF"
             type="rectangle" x="517" y="245" width="46" height="17"/>
    </entry>
    <entry id="84" name="ko:K01068" type="ortholog"
        link="https://www.kegg.jp/dbget-bin/www_bget?K01068">
        <graphics name="K01068" fgcolor="#000000" bgcolor="#BFBFFF"
             type="rectangle" x="575" y="206" width="46" height="17"/>
    </entry>
    <entry id="99" name="ko:K04526" type="ortholog"
        link="https://www.kegg.jp/dbget-bin/www_bget?K04526">
        <graphics name="K04526" fgcolor="#000000" bgcolor="#BFBFFF"
             type="rectangle" x="131" y="302" width="46" height="17"/>
    </entry>
    <entry id="100" name="ko:K04527" type="ortholog"
        link="https://www.kegg.jp/dbget-bin/www_bget?K04527">
        <graphics name="K04527" fgcolor="#000000" bgcolor="#BFBFFF"
             type="rectangle" x="216" y="302" width="46" height="17"/>
    </entry>
    <entry id="101" name="ko:K05459" type="ortholog"
        link="https://www.kegg.jp/dbget-bin/www_bget?K05459">
        <graphics name="K05459" fgcolor="#000000" bgcolor="#BFBFFF"
             type="rectangle" x="131" y="327" width="46" height="17"/>
    </entry>
    <entry id="102" name="ko:K05087" type="ortholog"
        link="https://www.kegg.jp/dbget-bin/www_bget?K05087">
        <graphics name="K05087" fgcolor="#000000" bgcolor="#BFBFFF"
             type="rectangle" x="216" y="329" width="46" height="17"/>
    </entry>
    <entry id="103" name="ko:K04526" type="ortholog"
        link="https://www.kegg.jp/dbget-bin/www_bget?K04526">
        <graphics name="K04526" fgcolor="#000000" bgcolor="#BFBFFF"
             type="rectangle" x="131" y="771" width="46" height="17"/>
    </entry>
    <entry id="104" name="ko:K04527" type="ortholog"
        link="https://www.kegg.jp/dbget-bin/www_bget?K04527">
        <graphics name="K04527" fgcolor="#000000" bgcolor="#BFBFFF"
             type="rectangle" x="216" y="771" width="46" height="17"/>
    </entry>
    <entry id="105" name="ko:K05459" type="ortholog"
        link="https://www.kegg.jp/dbget-bin/www_bget?K05459">
        <graphics name="K05459" fgcolor="#000000" bgcolor="#BFBFFF"
             type="rectangle" x="131" y="799" width="46" height="17"/>
    </entry>
    <entry id="106" name="ko:K05087" type="ortholog"
        link="https://www.kegg.jp/dbget-bin/www_bget?K05087">
        <graphics name="K05087" fgcolor="#000000" bgcolor="#BFBFFF"
             type="rectangle" x="216" y="800" width="46" height="17"/>
    </entry>
    <entry id="112" name="ko:K12473" type="ortholog"
        link="https://www.kegg.jp/dbget-bin/www_bget?K12473">
        <graphics name="K12473" fgcolor="#000000" bgcolor="#BFBFFF"
             type="rectangle" x="216" y="410" width="46" height="17"/>
    </entry>
    <entry id="115" name="path:ko04910" type="map"
        link="https://www.kegg.jp/dbget-bin/www_bget?ko04910">
        <graphics name="Insulin signaling pathway" fgcolor="#000000" bgcolor="#FFFFFF"
             type="roundrectangle" x="359" y="289" width="123" height="34"/>
    </entry>
    <entry id="116" name="path:ko04910" type="map"
        link="https://www.kegg.jp/dbget-bin/www_bget?ko04910">
        <graphics name="Insulin signaling pathway" fgcolor="#000000" bgcolor="#FFFFFF"
             type="roundrectangle" x="346" y="789" width="123" height="34"/>
    </entry>
    <entry id="117" name="path:ko00140" type="map"
        link="https://www.kegg.jp/dbget-bin/www_bget?ko00140">
        <graphics name="Steroid hormone biosynthesis" fgcolor="#000000" bgcolor="#FFFFFF"
             type="roundrectangle" x="387" y="742" width="123" height="34"/>
    </entry>
    <entry id="121" name="cpd:C02249" type="compound"
        link="https://www.kegg.jp/dbget-bin/www_bget?C02249">
        <graphics name="C02249" fgcolor="#000000" bgcolor="#FFFFFF"
             type="circle" x="539" y="191" width="8" height="8"/>
    </entry>
    <entry id="122" name="cpd:C00219" type="compound"
        link="https://www.kegg.jp/dbget-bin/www_bget?C00219">
        <graphics name="C00219" fgcolor="#000000" bgcolor="#FFFFFF"
             type="circle" x="618" y="192" width="8" height="8"/>
    </entry>
    <entry id="123" name="ko:K00461" type="ortholog"
        link="https://www.kegg.jp/dbget-bin/www_bget?K00461">
        <graphics name="K00461" fgcolor="#000000" bgcolor="#BFBFFF"
             type="rectangle" x="738" y="172" width="46" height="17"/>
    </entry>
    <entry id="124" name="ko:K07418" type="ortholog"
        link="https://www.kegg.jp/dbget-bin/www_bget?K07418">
        <graphics name="K07418" fgcolor="#000000" bgcolor="#BFBFFF"
             type="rectangle" x="738" y="208" width="46" height="17"/>
    </entry>
    <entry id="125" name="ko:K11987" type="ortholog"
        link="https://www.kegg.jp/dbget-bin/www_bget?K11987">
        <graphics name="K11987" fgcolor="#000000" bgcolor="#BFBFFF"
             type="rectangle" x="738" y="244" width="46" height="17"/>
    </entry>
    <entry id="126" name="cpd:C05356 cpd:C05966 cpd:C14777" type="compound"
        link="https://www.kegg.jp/dbget-bin/www_bget?C05356+C05966+C14777">
        <graphics name="C05356..." fgcolor="#000000" bgcolor="#FFFFFF"
             type="circle" x="897" y="159" width="8" height="8"/>
    </entry>
    <entry id="128" name="ko:K16342" type="ortholog"
        link="https://www.kegg.jp/dbget-bin/www_bget?K16342">
        <graphics name="K16342" fgcolor="#000000" bgcolor="#BFBFFF"
             type="rectangle" x="493" y="165" width="46" height="17"/>
    </entry>
    <entry id="130" name="cpd:C00219" type="compound"
        link="https://www.kegg.jp/dbget-bin/www_bget?C00219">
        <graphics name="C00219" fgcolor="#000000" bgcolor="#FFFFFF"
             type="circle" x="541" y="148" width="8" height="8"/>
    </entry>
    <entry id="132" name="cpd:C14768 cpd:C14769 cpd:C14770" type="compound"
        link="https://www.kegg.jp/dbget-bin/www_bget?C14768+C14769+C14770">
        <graphics name="C14768..." fgcolor="#000000" bgcolor="#FFFFFF"
             type="circle" x="869" y="193" width="8" height="8"/>
    </entry>
    <entry id="133" name="cpd:C00639" type="compound"
        link="https://www.kegg.jp/dbget-bin/www_bget?C00639">
        <graphics name="C00639" fgcolor="#000000" bgcolor="#FFFFFF"
             type="circle" x="806" y="229" width="8" height="8"/>
    </entry>
    <entry id="139" name="path:ko04912" type="map"
        link="https://www.kegg.jp/dbget-bin/www_bget?ko04912">
        <graphics name="GnRH signaling pathway" fgcolor="#000000" bgcolor="#FFFFFF"
             type="roundrectangle" x="108" y="185" width="123" height="34"/>
    </entry>
    <entry id="142" name="path:ko04912" type="map"
        link="https://www.kegg.jp/dbget-bin/www_bget?ko04912">
        <graphics name="GnRH signaling pathway" fgcolor="#000000" bgcolor="#FFFFFF"
             type="roundrectangle" x="106" y="836" width="123" height="34"/>
    </entry>
    <entry id="143" name="ko:K05498" type="ortholog"
        link="https://www.kegg.jp/dbget-bin/www_bget?K05498">
        <graphics name="K05498" fgcolor="#000000" bgcolor="#BFBFFF"
             type="rectangle" x="131" y="933" width="46" height="17"/>
    </entry>
    <entry id="144" name="ko:K16620" type="ortholog"
        link="https://www.kegg.jp/dbget-bin/www_bget?K16620">
        <graphics name="K16620" fgcolor="#000000" bgcolor="#BFBFFF"
             type="rectangle" x="131" y="964" width="46" height="17"/>
    </entry>
    <entry id="150" name="path:ko04350" type="map"
        link="https://www.kegg.jp/dbget-bin/www_bget?ko04350">
        <graphics name="TGF-beta signaling pathway" fgcolor="#000000" bgcolor="#FFFFFF"
             type="roundrectangle" x="417" y="958" width="123" height="34"/>
    </entry>
    <entry id="154" name="ko:K00512" type="ortholog"
        link="https://www.kegg.jp/dbget-bin/www_bget?K00512">
        <graphics name="K00512" fgcolor="#000000" bgcolor="#BFBFFF"
             type="rectangle" x="512" y="527" width="46" height="17"/>
    </entry>
    <entry id="155" name="ko:K00512" type="ortholog"
        link="https://www.kegg.jp/dbget-bin/www_bget?K00512">
        <graphics name="K00512" fgcolor="#000000" bgcolor="#BFBFFF"
             type="rectangle" x="634" y="527" width="46" height="17"/>
    </entry>
    <entry id="157" name="ko:K04345" type="ortholog"
        link="https://www.kegg.jp/dbget-bin/www_bget?K04345">
        <graphics name="K04345" fgcolor="#000000" bgcolor="#BFBFFF"
             type="rectangle" x="517" y="895" width="46" height="17"/>
    </entry>
    <entry id="161" name="ko:K13885" type="ortholog"
        link="https://www.kegg.jp/dbget-bin/www_bget?K13885">
        <graphics name="K13885" fgcolor="#000000" bgcolor="#BFBFFF"
             type="rectangle" x="216" y="456" width="46" height="17"/>
    </entry>
    <entry id="163" name="cpd:C02530" type="compound"
        link="https://www.kegg.jp/dbget-bin/www_bget?C02530">
        <graphics name="C02530" fgcolor="#000000" bgcolor="#FFFFFF"
             type="circle" x="291" y="458" width="8" height="8"/>
    </entry>
    <relation entry1="38" entry2="37" type="PPrel">
        <subtype name="activation" value="--&gt;"/>
    </relation>
    <relation entry1="37" entry2="43" type="PPrel">
        <subtype name="activation" value="--&gt;"/>
    </relation>
    <relation entry1="43" entry2="44" type="PPrel">
        <subtype name="activation" value="--&gt;"/>
    </relation>
    <relation entry1="44" entry2="75" type="PCrel">
        <subtype name="activation" value="--&gt;"/>
    </relation>
    <relation entry1="75" entry2="80" type="PCrel">
        <subtype name="activation" value="--&gt;"/>
    </relation>
    <relation entry1="43" entry2="128" type="PPrel">
        <subtype name="activation" value="--&gt;"/>
    </relation>
    <relation entry1="75" entry2="128" type="PCrel">
        <subtype name="activation" value="--&gt;"/>
    </relation>
    <relation entry1="75" entry2="84" type="PCrel">
        <subtype name="activation" value="--&gt;"/>
    </relation>
    <relation entry1="99" entry2="100" type="PPrel">
        <subtype name="activation" value="--&gt;"/>
    </relation>
    <relation entry1="101" entry2="102" type="PPrel">
        <subtype name="activation" value="--&gt;"/>
    </relation>
    <relation entry1="80" entry2="39" type="GErel">
        <subtype name="expression" value="--&gt;"/>
        <subtype name="indirect effect" value="..&gt;"/>
    </relation>
    <relation entry1="80" entry2="41" type="GErel">
        <subtype name="expression" value="--&gt;"/>
        <subtype name="indirect effect" value="..&gt;"/>
    </relation>
    <relation entry1="80" entry2="32" type="GErel">
        <subtype name="expression" value="--&gt;"/>
        <subtype name="indirect effect" value="..&gt;"/>
    </relation>
    <relation entry1="80" entry2="42" type="GErel">
        <subtype name="expression" value="--&gt;"/>
        <subtype name="indirect effect" value="..&gt;"/>
    </relation>
    <relation entry1="103" entry2="104" type="PPrel">
        <subtype name="activation" value="--&gt;"/>
    </relation>
    <relation entry1="105" entry2="106" type="PPrel">
        <subtype name="activation" value="--&gt;"/>
    </relation>
    <relation entry1="48" entry2="49" type="PPrel">
        <subtype name="activation" value="--&gt;"/>
    </relation>
    <relation entry1="49" entry2="50" type="PPrel">
        <subtype name="activation" value="--&gt;"/>
    </relation>
    <relation entry1="50" entry2="51" type="PPrel">
        <subtype name="activation" value="--&gt;"/>
    </relation>
    <relation entry1="51" entry2="76" type="PCrel">
        <subtype name="activation" value="--&gt;"/>
    </relation>
    <relation entry1="76" entry2="157" type="PCrel">
        <subtype name="activation" value="--&gt;"/>
    </relation>
    <relation entry1="157" entry2="64" type="GErel">
        <subtype name="expression" value="--&gt;"/>
        <subtype name="indirect effect" value="..&gt;"/>
    </relation>
    <relation entry1="157" entry2="62" type="GErel">
        <subtype name="expression" value="--&gt;"/>
        <subtype name="indirect effect" value="..&gt;"/>
    </relation>
    <relation entry1="157" entry2="66" type="GErel">
        <subtype name="expression" value="--&gt;"/>
        <subtype name="indirect effect" value="..&gt;"/>
    </relation>
    <relation entry1="157" entry2="72" type="GErel">
        <subtype name="expression" value="--&gt;"/>
        <subtype name="indirect effect" value="..&gt;"/>
    </relation>
</pathway>
