<?xml version="1.0"?>
<!DOCTYPE pathway SYSTEM "https://www.kegg.jp/kegg/xml/KGML_v0.7.2_.dtd">
<!-- Creation date: Jul 31, 2019 09:39:51 +0900 (GMT+9) -->
<pathway name="path:ko04929" org="ko" number="04929"
         title="GnRH secretion"
         image="https://www.kegg.jp/kegg/pathway/ko/ko04929.png"
         link="https://www.kegg.jp/kegg-bin/show_pathway?ko04929">
    <entry id="15" name="path:ko04929" type="map"
        link="https://www.kegg.jp/dbget-bin/www_bget?ko04929">
        <graphics name="TITLE:GnRH secretion" fgcolor="#000000" bgcolor="#FFFFFF"
             type="roundrectangle" x="120" y="58" width="159" height="25"/>
    </entry>
    <entry id="18" name="ko:K04634 ko:K04635" type="ortholog"
        link="https://www.kegg.jp/dbget-bin/www_bget?K04634+K04635">
        <graphics name="K04634..." fgcolor="#000000" bgcolor="#BFBFFF"
             type="rectangle" x="559" y="270" width="46" height="17"/>
    </entry>
    <entry id="19" name="ko:K05858" type="ortholog"
        link="https://www.kegg.jp/dbget-bin/www_bget?K05858">
        <graphics name="K05858" fgcolor="#000000" bgcolor="#BFBFFF"
             type="rectangle" x="662" y="270" width="46" height="17"/>
    </entry>
    <entry id="21" name="cpd:C01245" type="compound"
        link="https://www.kegg.jp/dbget-bin/www_bget?C01245">
        <graphics name="C01245" fgcolor="#000000" bgcolor="#FFFFFF"
             type="circle" x="732" y="310" width="8" height="8"/>
    </entry>
    <entry id="22" name="cpd:C00165" type="compound"
        link="https://www.kegg.jp/dbget-bin/www_bget?C00165">
        <graphics name="C00165" fgcolor="#000000" bgcolor="#FFFFFF"
             type="circle" x="732" y="259" width="8" height="8"/>
    </entry>
    <entry id="25" name="ko:K04958 ko:K04959 ko:K04960" type="ortholog"
        link="https://www.kegg.jp/dbget-bin/www_bget?K04958+K04959+K04960">
        <graphics name="K04958..." fgcolor="#000000" bgcolor="#BFBFFF"
             type="rectangle" x="847" y="341" width="46" height="17"/>
    </entry>
    <entry id="27" name="cpd:C00076" type="compound"
        link="https://www.kegg.jp/dbget-bin/www_bget?C00076">
        <graphics name="C00076" fgcolor="#000000" bgcolor="#FFFFFF"
             type="circle" x="846" y="305" width="8" height="8"/>
    </entry>
    <entry id="28" name="ko:K02677 ko:K19662 ko:K19663" type="ortholog"
        link="https://www.kegg.jp/dbget-bin/www_bget?K02677+K19662+K19663">
        <graphics name="K02677..." fgcolor="#000000" bgcolor="#BFBFFF"
             type="rectangle" x="847" y="261" width="46" height="17"/>
    </entry>
    <entry id="32" name="path:ko04020" type="map"
        link="https://www.kegg.jp/dbget-bin/www_bget?ko04020">
        <graphics name="Calcium signaling pathway" fgcolor="#000000" bgcolor="#FFFFFF"
             type="roundrectangle" x="603" y="229" width="123" height="34"/>
    </entry>
    <entry id="33" name="ko:K02649 ko:K00922" type="ortholog"
        link="https://www.kegg.jp/dbget-bin/www_bget?K02649+K00922">
        <graphics name="K02649..." fgcolor="#000000" bgcolor="#BFBFFF"
             type="rectangle" x="668" y="502" width="46" height="17"/>
    </entry>
    <entry id="34" name="ko:K04456" type="ortholog"
        link="https://www.kegg.jp/dbget-bin/www_bget?K04456">
        <graphics name="K04456" fgcolor="#000000" bgcolor="#BFBFFF"
             type="rectangle" x="739" y="502" width="46" height="17"/>
    </entry>
    <entry id="36" name="ko:K04854 ko:K04855 ko:K04856" type="ortholog"
        link="https://www.kegg.jp/dbget-bin/www_bget?K04854+K04855+K04856">
        <graphics name="K04854..." fgcolor="#000000" bgcolor="#BFBFFF"
             type="rectangle" x="659" y="104" width="46" height="17"/>
    </entry>
    <entry id="37" name="cpd:C00076" type="compound"
        link="https://www.kegg.jp/dbget-bin/www_bget?C00076">
        <graphics name="C00076" fgcolor="#000000" bgcolor="#FFFFFF"
             type="circle" x="658" y="61" width="8" height="8"/>
    </entry>
    <entry id="38" name="ko:K02833 ko:K07827 ko:K07828" type="ortholog"
        link="https://www.kegg.jp/dbget-bin/www_bget?K02833+K07827+K07828">
        <graphics name="K02833..." fgcolor="#000000" bgcolor="#BFBFFF"
             type="rectangle" x="595" y="459" width="46" height="17"/>
    </entry>
    <entry id="39" name="ko:K04368 ko:K04369" type="ortholog"
        link="https://www.kegg.jp/dbget-bin/www_bget?K04368+K04369">
        <graphics name="K04368..." fgcolor="#000000" bgcolor="#BFBFFF"
             type="rectangle" x="739" y="459" width="46" height="17"/>
    </entry>
    <entry id="40" name="ko:K04371" type="ortholog"
        link="https://www.kegg.jp/dbget-bin/www_bget?K04371">
        <graphics name="K04371" fgcolor="#000000" bgcolor="#BFBFFF"
             type="rectangle" x="812" y="459" width="46" height="17"/>
    </entry>
    <entry id="44" name="ko:K05004 ko:K04997 ko:K05000 ko:K05002 ko:K04999" type="ortholog"
        link="https://www.kegg.jp/dbget-bin/www_bget?K05004+K04997+K05000+K05002+K04999">
        <graphics name="K05004..." fgcolor="#000000" bgcolor="#BFBFFF"
             type="rectangle" x="790" y="104" width="46" height="17"/>
    </entry>
    <entry id="45" name="cpd:C00238" type="compound"
        link="https://www.kegg.jp/dbget-bin/www_bget?C00238">
        <graphics name="C00238" fgcolor="#000000" bgcolor="#FFFFFF"
             type="circle" x="789" y="154" width="8" height="8"/>
    </entry>
    <entry id="46" name="cpd:C04637" type="compound"
        link="https://www.kegg.jp/dbget-bin/www_bget?C04637">
        <graphics name="C04637" fgcolor="#000000" bgcolor="#FFFFFF"
             type="circle" x="622" y="286" width="8" height="8"/>
    </entry>
    <entry id="47" name="path:ko04010" type="map"
        link="https://www.kegg.jp/dbget-bin/www_bget?ko04010">
        <graphics name="MAPK signaling pathway" fgcolor="#000000" bgcolor="#FFFFFF"
             type="roundrectangle" x="586" y="408" width="110" height="34"/>
    </entry>
    <entry id="48" name="ko:K08374" type="ortholog"
        link="https://www.kegg.jp/dbget-bin/www_bget?K08374">
        <graphics name="K08374" fgcolor="#000000" bgcolor="#BFBFFF"
             type="rectangle" x="455" y="270" width="46" height="17"/>
    </entry>
    <entry id="49" name="ko:K04439" type="ortholog"
        link="https://www.kegg.jp/dbget-bin/www_bget?K04439">
        <graphics name="K04439" fgcolor="#000000" bgcolor="#BFBFFF"
             type="rectangle" x="616" y="327" width="46" height="17"/>
    </entry>
    <entry id="50" name="ko:K04439" type="ortholog"
        link="https://www.kegg.jp/dbget-bin/www_bget?K04439">
        <graphics name="K04439" fgcolor="#000000" bgcolor="#BFBFFF"
             type="rectangle" x="616" y="352" width="46" height="17"/>
    </entry>
    <entry id="51" name="ko:K23140" type="ortholog"
        link="https://www.kegg.jp/dbget-bin/www_bget?K23140">
        <graphics name="K23140" fgcolor="#000000" bgcolor="#BFBFFF"
             type="rectangle" x="377" y="270" width="46" height="17"/>
    </entry>
    <entry id="53" name="ko:K04964 ko:K04967 ko:K04968" type="ortholog"
        link="https://www.kegg.jp/dbget-bin/www_bget?K04964+K04967+K04968">
        <graphics name="K04964..." fgcolor="#000000" bgcolor="#BFBFFF"
             type="rectangle" x="714" y="104" width="46" height="17"/>
    </entry>
    <entry id="56" name="path:ko04912" type="map"
        link="https://www.kegg.jp/dbget-bin/www_bget?ko04912">
        <graphics name="GnRH signaling pathway" fgcolor="#000000" bgcolor="#FFFFFF"
             type="roundrectangle" x="1429" y="766" width="110" height="34"/>
    </entry>
    <entry id="57" name="cpd:C00951" type="compound"
        link="https://www.kegg.jp/dbget-bin/www_bget?C00951">
        <graphics name="C00951" fgcolor="#000000" bgcolor="#FFFFFF"
             type="circle" x="90" y="303" width="8" height="8"/>
    </entry>
    <entry id="59" name="cpd:C00076 cpd:C01330" type="compound"
        link="https://www.kegg.jp/dbget-bin/www_bget?C00076+C01330">
        <graphics name="C00076..." fgcolor="#000000" bgcolor="#FFFFFF"
             type="circle" x="715" y="61" width="8" height="8"/>
    </entry>
    <entry id="84" name="ko:K05252" type="ortholog"
        link="https://www.kegg.jp/dbget-bin/www_bget?K05252">
        <graphics name="K05252" fgcolor="#000000" bgcolor="#BFBFFF"
             type="rectangle" x="1091" y="477" width="46" height="17"/>
    </entry>
    <entry id="85" name="ko:K05252" type="ortholog"
        link="https://www.kegg.jp/dbget-bin/www_bget?K05252">
        <graphics name="K05252" fgcolor="#000000" bgcolor="#BFBFFF"
             type="rectangle" x="1384" y="477" width="46" height="17"/>
    </entry>
    <entry id="87" name="ko:K05252" type="ortholog"
        link="https://www.kegg.jp/dbget-bin/www_bget?K05252">
        <graphics name="K05252" fgcolor="#000000" bgcolor="#BFBFFF"
             type="rectangle" x="972" y="477" width="46" height="17"/>
    </entry>
    <entry id="97" name="ko:K23140" type="ortholog"
        link="https://www.kegg.jp/dbget-bin/www_bget?K23140">
        <graphics name="K23140" fgcolor="#000000" bgcolor="#BFBFFF"
             type="rectangle" x="241" y="215" width="46" height="17"/>
    </entry>
    <entry id="98" name="ko:K23140" type="ortholog"
        link="https://www.kegg.jp/dbget-bin/www_bget?K23140">
        <graphics name="K23140" fgcolor="#000000" bgcolor="#BFBFFF"
             type="rectangle" x="241" y="414" width="46" height="17"/>
    </entry>
    <entry id="103" name="path:ko04913" type="map"
        link="https://www.kegg.jp/dbget-bin/www_bget?ko04913">
        <graphics name="Ovarian steroidogenesis" fgcolor="#000000" bgcolor="#FFFFFF"
             type="roundrectangle" x="101" y="770" width="141" height="25"/>
    </entry>
    <entry id="107" name="path:ko04151" type="map"
        link="https://www.kegg.jp/dbget-bin/www_bget?ko04151">
        <graphics name="PI3K-Akt signaling pathway" fgcolor="#000000" bgcolor="#FFFFFF"
             type="roundrectangle" x="589" y="533" width="121" height="34"/>
    </entry>
    <entry id="109" name="ko:K04615" type="ortholog"
        link="https://www.kegg.jp/dbget-bin/www_bget?K04615">
        <graphics name="K04615" fgcolor="#000000" bgcolor="#BFBFFF"
             type="rectangle" x="850" y="104" width="46" height="17"/>
    </entry>
    <entry id="110" name="ko:K04954 ko:K04955 ko:K04956" type="ortholog"
        link="https://www.kegg.jp/dbget-bin/www_bget?K04954+K04955+K04956">
        <graphics name="K04954..." fgcolor="#000000" bgcolor="#BFBFFF"
             type="rectangle" x="455" y="191" width="46" height="17"/>
    </entry>
    <entry id="111" name="cpd:C00238" type="compound"
        link="https://www.kegg.jp/dbget-bin/www_bget?C00238">
        <graphics name="C00238" fgcolor="#000000" bgcolor="#FFFFFF"
             type="circle" x="506" y="187" width="8" height="8"/>
    </entry>
    <entry id="112" name="cpd:C01330" type="compound"
        link="https://www.kegg.jp/dbget-bin/www_bget?C01330">
        <graphics name="C01330" fgcolor="#000000" bgcolor="#FFFFFF"
             type="circle" x="404" y="195" width="8" height="8"/>
    </entry>
    <entry id="113" name="ko:K06250 ko:K08522" type="ortholog"
        link="https://www.kegg.jp/dbget-bin/www_bget?K06250+K08522">
        <graphics name="K06250..." fgcolor="#000000" bgcolor="#BFBFFF"
             type="rectangle" x="760" y="749" width="46" height="17"/>
    </entry>
    <entry id="114" name="ko:K08521 ko:K08522" type="ortholog"
        link="https://www.kegg.jp/dbget-bin/www_bget?K08521+K08522">
        <graphics name="K08521..." fgcolor="#000000" bgcolor="#BFBFFF"
             type="rectangle" x="760" y="727" width="46" height="17"/>
    </entry>
    <entry id="125" name="cpd:C00951" type="compound"
        link="https://www.kegg.jp/dbget-bin/www_bget?C00951">
        <graphics name="C00951" fgcolor="#000000" bgcolor="#FFFFFF"
             type="circle" x="373" y="569" width="8" height="8"/>
    </entry>
    <entry id="126" name="ko:K04246" type="ortholog"
        link="https://www.kegg.jp/dbget-bin/www_bget?K04246">
        <graphics name="K04246" fgcolor="#000000" bgcolor="#BFBFFF"
             type="rectangle" x="457" y="615" width="46" height="17"/>
    </entry>
    <entry id="127" name="ko:K08551" type="ortholog"
        link="https://www.kegg.jp/dbget-bin/www_bget?K08551">
        <graphics name="K08551" fgcolor="#000000" bgcolor="#BFBFFF"
             type="rectangle" x="671" y="568" width="46" height="17"/>
    </entry>
    <entry id="134" name="ko:K04854" type="ortholog"
        link="https://www.kegg.jp/dbget-bin/www_bget?K04854">
        <graphics name="K04854" fgcolor="#000000" bgcolor="#BFBFFF"
             type="rectangle" x="972" y="570" width="46" height="17"/>
    </entry>
    <entry id="135" name="ko:K04855" type="ortholog"
        link="https://www.kegg.jp/dbget-bin/www_bget?K04855">
        <graphics name="K04855" fgcolor="#000000" bgcolor="#BFBFFF"
             type="rectangle" x="972" y="592" width="46" height="17"/>
    </entry>
    <entry id="136" name="ko:K04856" type="ortholog"
        link="https://www.kegg.jp/dbget-bin/www_bget?K04856">
        <graphics name="K04856" fgcolor="#000000" bgcolor="#BFBFFF"
             type="rectangle" x="972" y="614" width="46" height="17"/>
    </entry>
    <entry id="137" name="path:ko04915" type="map"
        link="https://www.kegg.jp/dbget-bin/www_bget?ko04915">
        <graphics name="Estrogen signaling pathway" fgcolor="#000000" bgcolor="#FFFFFF"
             type="roundrectangle" x="761" y="632" width="110" height="34"/>
    </entry>
    <entry id="139" name="ko:K04942 ko:K04943 ko:K04944 ko:K04945" type="ortholog"
        link="https://www.kegg.jp/dbget-bin/www_bget?K04942+K04943+K04944+K04945">
        <graphics name="K04942..." fgcolor="#000000" bgcolor="#BFBFFF"
             type="rectangle" x="985" y="104" width="46" height="17"/>
    </entry>
    <entry id="140" name="cpd:C00238" type="compound"
        link="https://www.kegg.jp/dbget-bin/www_bget?C00238">
        <graphics name="C00238" fgcolor="#000000" bgcolor="#FFFFFF"
             type="circle" x="986" y="155" width="8" height="8"/>
    </entry>
    <entry id="148" name="cpd:C00535" type="compound"
        link="https://www.kegg.jp/dbget-bin/www_bget?C00535">
        <graphics name="C00535" fgcolor="#000000" bgcolor="#FFFFFF"
             type="circle" x="149" y="424" width="8" height="8"/>
    </entry>
    <entry id="152" name="ko:K04857 ko:K04850 ko:K04851 ko:K04853" type="ortholog"
        link="https://www.kegg.jp/dbget-bin/www_bget?K04857+K04850+K04851+K04853">
        <graphics name="K04857..." fgcolor="#000000" bgcolor="#BFBFFF"
             type="rectangle" x="1149" y="104" width="46" height="17"/>
    </entry>
    <entry id="153" name="cpd:C00076" type="compound"
        link="https://www.kegg.jp/dbget-bin/www_bget?C00076">
        <graphics name="C00076" fgcolor="#000000" bgcolor="#FFFFFF"
             type="circle" x="1148" y="61" width="8" height="8"/>
    </entry>
    <entry id="155" name="ko:K04366" type="ortholog"
        link="https://www.kegg.jp/dbget-bin/www_bget?K04366">
        <graphics name="K04366" fgcolor="#000000" bgcolor="#BFBFFF"
             type="rectangle" x="668" y="459" width="46" height="17"/>
    </entry>
    <entry id="158" name="cpd:C00334" type="compound"
        link="https://www.kegg.jp/dbget-bin/www_bget?C00334">
        <graphics name="C00334" fgcolor="#000000" bgcolor="#FFFFFF"
             type="circle" x="849" y="58" width="8" height="8"/>
    </entry>
    <relation entry1="51" entry2="48" type="PPrel">
    </relation>
    <relation entry1="48" entry2="18" type="PPrel">
    </relation>
    <relation entry1="18" entry2="19" type="PPrel">
    </relation>
    <relation entry1="19" entry2="22" type="PCrel">
    </relation>
    <relation entry1="22" entry2="28" type="PCrel">
    </relation>
    <relation entry1="19" entry2="21" type="PCrel">
    </relation>
    <relation entry1="21" entry2="25" type="PCrel">
    </relation>
    <relation entry1="25" entry2="27" type="PCrel">
    </relation>
    <relation entry1="27" entry2="28" type="PCrel">
    </relation>
    <relation entry1="22" entry2="53" type="PCrel">
    </relation>
    <relation entry1="36" entry2="53" type="PPrel">
    </relation>
    <relation entry1="109" entry2="44" type="PPrel">
    </relation>
    <relation entry1="38" entry2="155" type="PPrel">
    </relation>
    <relation entry1="125" entry2="127" type="PCrel">
    </relation>
    <relation entry1="125" entry2="126" type="PCrel">
    </relation>
    <relation entry1="57" entry2="97" type="PCrel">
    </relation>
    <relation entry1="28" entry2="38" type="PPrel">
    </relation>
    <relation entry1="48" entry2="33" type="PPrel">
    </relation>
    <relation entry1="40" entry2="87" type="PPrel">
    </relation>
    <relation entry1="34" entry2="87" type="PPrel">
    </relation>
    <relation entry1="155" entry2="39" type="PPrel">
    </relation>
    <relation entry1="39" entry2="40" type="PPrel">
    </relation>
    <relation entry1="33" entry2="34" type="PPrel">
    </relation>
    <relation entry1="22" entry2="44" type="PCrel">
    </relation>
    <relation entry1="28" entry2="139" type="PPrel">
    </relation>
    <relation entry1="49" entry2="40" type="PPrel">
    </relation>
    <relation entry1="48" entry2="49" type="PPrel">
    </relation>
    <relation entry1="48" entry2="50" type="PPrel">
    </relation>
    <relation entry1="50" entry2="40" type="PPrel">
    </relation>
    <relation entry1="127" entry2="134" type="PPrel">
    </relation>
    <relation entry1="127" entry2="135" type="PPrel">
    </relation>
    <relation entry1="127" entry2="136" type="PPrel">
    </relation>
    <relation entry1="97" entry2="51" type="PPrel">
    </relation>
    <relation entry1="98" entry2="51" type="PPrel">
    </relation>
    <relation entry1="87" entry2="84" type="PPrel">
    </relation>
    <relation entry1="148" entry2="98" type="PCrel">
    </relation>
    <relation entry1="57" entry2="98" type="PCrel">
    </relation>
</pathway>
