<?xml version="1.0"?>
<!DOCTYPE pathway SYSTEM "https://www.kegg.jp/kegg/xml/KGML_v0.7.2_.dtd">
<!-- Creation date: Feb 3, 2021 14:15:33 +0900 (GMT+9) -->
<pathway name="path:ko05170" org="ko" number="05170"
         title="Human immunodeficiency virus 1 infection"
         image="https://www.kegg.jp/kegg/pathway/ko/ko05170.png"
         link="https://www.kegg.jp/kegg-bin/show_pathway?ko05170">
    <entry id="6" name="cpd:C05981" type="compound"
        link="https://www.kegg.jp/dbget-bin/www_bget?C05981">
        <graphics name="C05981" fgcolor="#000000" bgcolor="#FFFFFF"
             type="circle" x="592" y="298" width="8" height="8"/>
    </entry>
    <entry id="7" name="ko:K04688" type="ortholog"
        link="https://www.kegg.jp/dbget-bin/www_bget?K04688">
        <graphics name="K04688" fgcolor="#000000" bgcolor="#BFBFFF"
             type="rectangle" x="884" y="245" width="46" height="17"/>
    </entry>
    <entry id="8" name="ko:K07203" type="ortholog"
        link="https://www.kegg.jp/dbget-bin/www_bget?K07203">
        <graphics name="K07203" fgcolor="#000000" bgcolor="#BFBFFF"
             type="rectangle" x="791" y="245" width="46" height="17"/>
    </entry>
    <entry id="9" name="ko:K04456" type="ortholog"
        link="https://www.kegg.jp/dbget-bin/www_bget?K04456">
        <graphics name="K04456" fgcolor="#000000" bgcolor="#BFBFFF"
             type="rectangle" x="666" y="299" width="46" height="17"/>
    </entry>
    <entry id="10" name="ko:K00922 ko:K02649" type="ortholog"
        link="https://www.kegg.jp/dbget-bin/www_bget?K00922+K02649">
        <graphics name="K00922..." fgcolor="#000000" bgcolor="#BFBFFF"
             type="rectangle" x="503" y="299" width="46" height="17"/>
    </entry>
    <entry id="11" name="path:ko05170" type="map"
        link="https://www.kegg.jp/dbget-bin/www_bget?ko05170">
        <graphics name="TITLE:Human immunodeficiency virus 1 infection" fgcolor="#000000" bgcolor="#FFFFFF"
             type="roundrectangle" x="234" y="58" width="388" height="25"/>
    </entry>
    <entry id="15" name="ko:K02580 ko:K04735" type="ortholog"
        link="https://www.kegg.jp/dbget-bin/www_bget?K02580+K04735">
        <graphics name="K02580..." fgcolor="#000000" bgcolor="#BFBFFF"
             type="rectangle" x="791" y="317" width="46" height="17"/>
    </entry>
    <entry id="17" name="path:ko04064" type="map"
        link="https://www.kegg.jp/dbget-bin/www_bget?ko04064">
        <graphics name="NF-kappa B signaling pathway" fgcolor="#000000" bgcolor="#FFFFFF"
             type="roundrectangle" x="823" y="286" width="110" height="34"/>
    </entry>
    <entry id="18" name="ko:K02833 ko:K07827 ko:K07828" type="ortholog"
        link="https://www.kegg.jp/dbget-bin/www_bget?K02833+K07827+K07828">
        <graphics name="K02833..." fgcolor="#000000" bgcolor="#BFBFFF"
             type="rectangle" x="604" y="385" width="46" height="17"/>
    </entry>
    <entry id="19" name="path:ko04151" type="map"
        link="https://www.kegg.jp/dbget-bin/www_bget?ko04151">
        <graphics name="PI3K-Akt signaling pathway" fgcolor="#000000" bgcolor="#FFFFFF"
             type="roundrectangle" x="676" y="242" width="124" height="34"/>
    </entry>
    <entry id="20" name="ko:K04366" type="ortholog"
        link="https://www.kegg.jp/dbget-bin/www_bget?K04366">
        <graphics name="K04366" fgcolor="#000000" bgcolor="#BFBFFF"
             type="rectangle" x="697" y="385" width="46" height="17"/>
    </entry>
    <entry id="21" name="ko:K04368 ko:K04369" type="ortholog"
        link="https://www.kegg.jp/dbget-bin/www_bget?K04368+K04369">
        <graphics name="K04368..." fgcolor="#000000" bgcolor="#BFBFFF"
             type="rectangle" x="791" y="385" width="46" height="17"/>
    </entry>
    <entry id="22" name="ko:K04371" type="ortholog"
        link="https://www.kegg.jp/dbget-bin/www_bget?K04371">
        <graphics name="K04371" fgcolor="#000000" bgcolor="#BFBFFF"
             type="rectangle" x="884" y="385" width="46" height="17"/>
    </entry>
    <entry id="23" name="ko:K02373" type="ortholog"
        link="https://www.kegg.jp/dbget-bin/www_bget?K02373">
        <graphics name="K02373" fgcolor="#000000" bgcolor="#BFBFFF"
             type="rectangle" x="408" y="1084" width="46" height="17"/>
    </entry>
    <entry id="24" name="ko:K04398" type="ortholog"
        link="https://www.kegg.jp/dbget-bin/www_bget?K04398">
        <graphics name="K04398" fgcolor="#000000" bgcolor="#BFBFFF"
             type="rectangle" x="484" y="1076" width="46" height="17"/>
    </entry>
    <entry id="28" name="ko:K04390" type="ortholog"
        link="https://www.kegg.jp/dbget-bin/www_bget?K04390">
        <graphics name="K04390" fgcolor="#000000" bgcolor="#BFBFFF"
             type="rectangle" x="294" y="1076" width="46" height="17"/>
    </entry>
    <entry id="33" name="ko:K06751" type="ortholog"
        link="https://www.kegg.jp/dbget-bin/www_bget?K06751">
        <graphics name="K06751" fgcolor="#000000" bgcolor="#BFBFFF"
             type="rectangle" x="741" y="1366" width="46" height="17"/>
    </entry>
    <entry id="34" name="ko:K06751" type="ortholog"
        link="https://www.kegg.jp/dbget-bin/www_bget?K06751">
        <graphics name="K06751" fgcolor="#000000" bgcolor="#BFBFFF"
             type="rectangle" x="294" y="1366" width="46" height="17"/>
    </entry>
    <entry id="36" name="path:ko04612" type="map"
        link="https://www.kegg.jp/dbget-bin/www_bget?ko04612">
        <graphics name="Antigen processing and presentation" fgcolor="#000000" bgcolor="#FFFFFF"
             type="roundrectangle" x="405" y="1329" width="114" height="34"/>
    </entry>
    <entry id="39" name="ko:K03171" type="ortholog"
        link="https://www.kegg.jp/dbget-bin/www_bget?K03171">
        <graphics name="K03171" fgcolor="#000000" bgcolor="#BFBFFF"
             type="rectangle" x="408" y="1067" width="46" height="17"/>
    </entry>
    <entry id="40" name="path:ko04150" type="map"
        link="https://www.kegg.jp/dbget-bin/www_bget?ko04150">
        <graphics name="mTOR signaling pathway" fgcolor="#000000" bgcolor="#FFFFFF"
             type="roundrectangle" x="837" y="218" width="153" height="25"/>
    </entry>
    <entry id="45" name="ko:K04467 ko:K07209 ko:K07210" type="ortholog"
        link="https://www.kegg.jp/dbget-bin/www_bget?K04467+K07209+K07210">
        <graphics name="K04467..." fgcolor="#000000" bgcolor="#BFBFFF"
             type="rectangle" x="828" y="923" width="46" height="17"/>
    </entry>
    <entry id="46" name="path:ko04210" type="map"
        link="https://www.kegg.jp/dbget-bin/www_bget?ko04210">
        <graphics name="Apoptosis" fgcolor="#000000" bgcolor="#FFFFFF"
             type="roundrectangle" x="827" y="1173" width="109" height="25"/>
    </entry>
    <entry id="47" name="path:ko04010" type="map"
        link="https://www.kegg.jp/dbget-bin/www_bget?ko04010">
        <graphics name="MAPK signaling pathway" fgcolor="#000000" bgcolor="#FFFFFF"
             type="roundrectangle" x="645" y="351" width="108" height="34"/>
    </entry>
    <entry id="51" name="ko:K02159" type="ortholog"
        link="https://www.kegg.jp/dbget-bin/www_bget?K02159">
        <graphics name="K02159" fgcolor="#000000" bgcolor="#BFBFFF"
             type="rectangle" x="638" y="1131" width="46" height="17"/>
    </entry>
    <entry id="52" name="ko:K14021" type="ortholog"
        link="https://www.kegg.jp/dbget-bin/www_bget?K14021">
        <graphics name="K14021" fgcolor="#000000" bgcolor="#BFBFFF"
             type="rectangle" x="638" y="1153" width="46" height="17"/>
    </entry>
    <entry id="53" name="ko:K08738" type="ortholog"
        link="https://www.kegg.jp/dbget-bin/www_bget?K08738">
        <graphics name="K08738" fgcolor="#000000" bgcolor="#BFBFFF"
             type="rectangle" x="779" y="1142" width="46" height="17"/>
    </entry>
    <entry id="54" name="ko:K02187" type="ortholog"
        link="https://www.kegg.jp/dbget-bin/www_bget?K02187">
        <graphics name="K02187" fgcolor="#000000" bgcolor="#BFBFFF"
             type="rectangle" x="933" y="1142" width="46" height="17"/>
    </entry>
    <entry id="55" name="ko:K03158" type="ortholog"
        link="https://www.kegg.jp/dbget-bin/www_bget?K03158">
        <graphics name="K03158" fgcolor="#000000" bgcolor="#BFBFFF"
             type="rectangle" x="294" y="940" width="46" height="17"/>
    </entry>
    <entry id="59" name="ko:K04536 ko:K04537 ko:K07825 ko:K04538 ko:K04539 ko:K07826 ko:K04540 ko:K04541 ko:K04542 ko:K04543 ko:K04544 ko:K04545 ko:K04546 ko:K04347 ko:K04547 ko:K04548 ko:K04549" type="ortholog"
        link="https://www.kegg.jp/dbget-bin/www_bget?K04536+K04537+K07825+K04538+K04539+K07826+K04540+K04541+K04542+K04543+K04544+K04545+K04546+K04347+K04547+K04548+K04549">
        <graphics name="K04536..." fgcolor="#000000" bgcolor="#BFBFFF"
             type="rectangle" x="471" y="561" width="46" height="17"/>
    </entry>
    <entry id="62" name="ko:K04399" type="ortholog"
        link="https://www.kegg.jp/dbget-bin/www_bget?K04399">
        <graphics name="K04399" fgcolor="#000000" bgcolor="#BFBFFF"
             type="rectangle" x="857" y="1142" width="46" height="17"/>
    </entry>
    <entry id="63" name="ko:K04726" type="ortholog"
        link="https://www.kegg.jp/dbget-bin/www_bget?K04726">
        <graphics name="K04726" fgcolor="#000000" bgcolor="#BFBFFF"
             type="rectangle" x="556" y="1142" width="46" height="17"/>
    </entry>
    <entry id="65" name="ko:K04446 ko:K17332 ko:K17333 ko:K17334" type="ortholog"
        link="https://www.kegg.jp/dbget-bin/www_bget?K04446+K17332+K17333+K17334">
        <graphics name="K04446..." fgcolor="#000000" bgcolor="#BFBFFF"
             type="rectangle" x="956" y="446" width="46" height="17"/>
    </entry>
    <entry id="66" name="ko:K04348 ko:K06268" type="ortholog"
        link="https://www.kegg.jp/dbget-bin/www_bget?K04348+K06268">
        <graphics name="K04348..." fgcolor="#000000" bgcolor="#BFBFFF"
             type="rectangle" x="849" y="446" width="46" height="17"/>
    </entry>
    <entry id="70" name="ko:K02183" type="ortholog"
        link="https://www.kegg.jp/dbget-bin/www_bget?K02183">
        <graphics name="K02183" fgcolor="#000000" bgcolor="#BFBFFF"
             type="rectangle" x="754" y="446" width="46" height="17"/>
    </entry>
    <entry id="72" name="ko:K04634 ko:K04635" type="ortholog"
        link="https://www.kegg.jp/dbget-bin/www_bget?K04634+K04635">
        <graphics name="K04634..." fgcolor="#000000" bgcolor="#BFBFFF"
             type="rectangle" x="404" y="370" width="46" height="17"/>
    </entry>
    <entry id="73" name="ko:K05653 ko:K05654" type="ortholog"
        link="https://www.kegg.jp/dbget-bin/www_bget?K05653+K05654">
        <graphics name="K05653..." fgcolor="#000000" bgcolor="#BFBFFF"
             type="rectangle" x="741" y="1281" width="46" height="17"/>
    </entry>
    <entry id="74" name="ko:K08058" type="ortholog"
        link="https://www.kegg.jp/dbget-bin/www_bget?K08058">
        <graphics name="K08058" fgcolor="#000000" bgcolor="#BFBFFF"
             type="rectangle" x="741" y="1298" width="46" height="17"/>
    </entry>
    <entry id="78" name="ko:K04630 ko:K04534" type="ortholog"
        link="https://www.kegg.jp/dbget-bin/www_bget?K04630+K04534">
        <graphics name="K04630..." fgcolor="#000000" bgcolor="#BFBFFF"
             type="rectangle" x="404" y="299" width="46" height="17"/>
    </entry>
    <entry id="79" name="path:ko04810" type="map"
        link="https://www.kegg.jp/dbget-bin/www_bget?ko04810">
        <graphics name="Regulation of actin cytoskeleton" fgcolor="#000000" bgcolor="#FFFFFF"
             type="roundrectangle" x="775" y="137" width="124" height="34"/>
    </entry>
    <entry id="80" name="path:ko03050" type="map"
        link="https://www.kegg.jp/dbget-bin/www_bget?ko03050">
        <graphics name="Proteasome" fgcolor="#000000" bgcolor="#FFFFFF"
             type="roundrectangle" x="907" y="1253" width="109" height="25"/>
    </entry>
    <entry id="81" name="ko:K03156" type="ortholog"
        link="https://www.kegg.jp/dbget-bin/www_bget?K03156">
        <graphics name="K03156" fgcolor="#000000" bgcolor="#BFBFFF"
             type="rectangle" x="205" y="940" width="46" height="17"/>
    </entry>
    <entry id="83" name="ko:K04189" type="ortholog"
        link="https://www.kegg.jp/dbget-bin/www_bget?K04189">
        <graphics name="K04189" fgcolor="#000000" bgcolor="#BFBFFF"
             type="rectangle" x="294" y="322" width="46" height="17"/>
    </entry>
    <entry id="84" name="ko:K05725" type="ortholog"
        link="https://www.kegg.jp/dbget-bin/www_bget?K05725">
        <graphics name="K05725" fgcolor="#000000" bgcolor="#BFBFFF"
             type="rectangle" x="666" y="173" width="46" height="17"/>
    </entry>
    <entry id="85" name="ko:K04438" type="ortholog"
        link="https://www.kegg.jp/dbget-bin/www_bget?K04438">
        <graphics name="K04438" fgcolor="#000000" bgcolor="#BFBFFF"
             type="rectangle" x="863" y="185" width="46" height="17"/>
    </entry>
    <entry id="86" name="ko:K05760" type="ortholog"
        link="https://www.kegg.jp/dbget-bin/www_bget?K05760">
        <graphics name="K05760" fgcolor="#000000" bgcolor="#BFBFFF"
             type="rectangle" x="863" y="163" width="46" height="17"/>
    </entry>
    <entry id="87" name="ko:K02677 ko:K19662 ko:K19663" type="ortholog"
        link="https://www.kegg.jp/dbget-bin/www_bget?K02677+K19662+K19663">
        <graphics name="K02677..." fgcolor="#000000" bgcolor="#BFBFFF"
             type="rectangle" x="754" y="487" width="46" height="17"/>
    </entry>
    <entry id="88" name="ko:K05871" type="ortholog"
        link="https://www.kegg.jp/dbget-bin/www_bget?K05871">
        <graphics name="K05871" fgcolor="#000000" bgcolor="#BFBFFF"
             type="rectangle" x="771" y="173" width="46" height="17"/>
    </entry>
    <entry id="90" name="cpd:C01245" type="compound"
        link="https://www.kegg.jp/dbget-bin/www_bget?C01245">
        <graphics name="C01245" fgcolor="#000000" bgcolor="#FFFFFF"
             type="circle" x="581" y="454" width="8" height="8"/>
    </entry>
    <entry id="91" name="cpd:C00165" type="compound"
        link="https://www.kegg.jp/dbget-bin/www_bget?C00165">
        <graphics name="C00165" fgcolor="#000000" bgcolor="#FFFFFF"
             type="circle" x="581" y="526" width="8" height="8"/>
    </entry>
    <entry id="94" name="cpd:C00076" type="compound"
        link="https://www.kegg.jp/dbget-bin/www_bget?C00076">
        <graphics name="C00076" fgcolor="#000000" bgcolor="#FFFFFF"
             type="circle" x="695" y="466" width="8" height="8"/>
    </entry>
    <entry id="104" name="path:ko04110" type="map"
        link="https://www.kegg.jp/dbget-bin/www_bget?ko04110">
        <graphics name="Cell cycle" fgcolor="#000000" bgcolor="#FFFFFF"
             type="roundrectangle" x="1144" y="1137" width="102" height="25"/>
    </entry>
    <entry id="105" name="ko:K02861" type="ortholog"
        link="https://www.kegg.jp/dbget-bin/www_bget?K02861">
        <graphics name="K02861" fgcolor="#000000" bgcolor="#BFBFFF"
             type="rectangle" x="503" y="931" width="46" height="17"/>
    </entry>
    <entry id="106" name="ko:K03171" type="ortholog"
        link="https://www.kegg.jp/dbget-bin/www_bget?K03171">
        <graphics name="K03171" fgcolor="#000000" bgcolor="#BFBFFF"
             type="rectangle" x="549" y="931" width="46" height="17"/>
    </entry>
    <entry id="107" name="ko:K09849" type="ortholog"
        link="https://www.kegg.jp/dbget-bin/www_bget?K09849">
        <graphics name="K09849" fgcolor="#000000" bgcolor="#BFBFFF"
             type="rectangle" x="503" y="948" width="46" height="17"/>
    </entry>
    <entry id="108" name="ko:K03173" type="ortholog"
        link="https://www.kegg.jp/dbget-bin/www_bget?K03173">
        <graphics name="K03173" fgcolor="#000000" bgcolor="#BFBFFF"
             type="rectangle" x="549" y="948" width="46" height="17"/>
    </entry>
    <entry id="110" name="path:ko04668" type="map"
        link="https://www.kegg.jp/dbget-bin/www_bget?ko04668">
        <graphics name="TNF signaling pathway" fgcolor="#000000" bgcolor="#FFFFFF"
             type="roundrectangle" x="582" y="1019" width="153" height="25"/>
    </entry>
    <entry id="111" name="ko:K08056" type="ortholog"
        link="https://www.kegg.jp/dbget-bin/www_bget?K08056">
        <graphics name="K08056" fgcolor="#000000" bgcolor="#BFBFFF"
             type="rectangle" x="707" y="1320" width="46" height="17"/>
    </entry>
    <entry id="112" name="ko:K08057" type="ortholog"
        link="https://www.kegg.jp/dbget-bin/www_bget?K08057">
        <graphics name="K08057" fgcolor="#000000" bgcolor="#BFBFFF"
             type="rectangle" x="707" y="1337" width="46" height="17"/>
    </entry>
    <entry id="115" name="ko:K08055" type="ortholog"
        link="https://www.kegg.jp/dbget-bin/www_bget?K08055">
        <graphics name="K08055" fgcolor="#000000" bgcolor="#BFBFFF"
             type="rectangle" x="706" y="1405" width="46" height="17"/>
    </entry>
    <entry id="117" name="ko:K04958 ko:K04959 ko:K04960" type="ortholog"
        link="https://www.kegg.jp/dbget-bin/www_bget?K04958+K04959+K04960">
        <graphics name="K04958..." fgcolor="#000000" bgcolor="#BFBFFF"
             type="rectangle" x="645" y="482" width="46" height="17"/>
    </entry>
    <entry id="119" name="ko:K05415" type="ortholog"
        link="https://www.kegg.jp/dbget-bin/www_bget?K05415">
        <graphics name="K05415" fgcolor="#000000" bgcolor="#BFBFFF"
             type="rectangle" x="1248" y="808" width="46" height="17"/>
    </entry>
    <entry id="120" name="ko:K05414" type="ortholog"
        link="https://www.kegg.jp/dbget-bin/www_bget?K05414">
        <graphics name="K05414" fgcolor="#000000" bgcolor="#BFBFFF"
             type="rectangle" x="1197" y="808" width="46" height="17"/>
    </entry>
    <entry id="121" name="ko:K05410" type="ortholog"
        link="https://www.kegg.jp/dbget-bin/www_bget?K05410">
        <graphics name="K05410" fgcolor="#000000" bgcolor="#BFBFFF"
             type="rectangle" x="848" y="823" width="46" height="17"/>
    </entry>
    <entry id="122" name="ko:K05411" type="ortholog"
        link="https://www.kegg.jp/dbget-bin/www_bget?K05411">
        <graphics name="K05411" fgcolor="#000000" bgcolor="#BFBFFF"
             type="rectangle" x="1002" y="823" width="46" height="17"/>
    </entry>
    <entry id="127" name="ko:K17834" type="ortholog"
        link="https://www.kegg.jp/dbget-bin/www_bget?K17834">
        <graphics name="K17834" fgcolor="#000000" bgcolor="#BFBFFF"
             type="rectangle" x="595" y="823" width="46" height="17"/>
    </entry>
    <entry id="128" name="ko:K12654" type="ortholog"
        link="https://www.kegg.jp/dbget-bin/www_bget?K12654">
        <graphics name="K12654" fgcolor="#000000" bgcolor="#BFBFFF"
             type="rectangle" x="753" y="823" width="46" height="17"/>
    </entry>
    <entry id="129" name="cpd:C20640" type="compound"
        link="https://www.kegg.jp/dbget-bin/www_bget?C20640">
        <graphics name="C20640" fgcolor="#000000" bgcolor="#FFFFFF"
             type="circle" x="679" y="822" width="8" height="8"/>
    </entry>
    <entry id="131" name="path:ko04623" type="map"
        link="https://www.kegg.jp/dbget-bin/www_bget?ko04623">
        <graphics name="Cytosolic DNA-sensing pathway" fgcolor="#000000" bgcolor="#FFFFFF"
             type="roundrectangle" x="451" y="790" width="124" height="34"/>
    </entry>
    <entry id="144" name="ko:K06454" type="ortholog"
        link="https://www.kegg.jp/dbget-bin/www_bget?K06454">
        <graphics name="K06454" fgcolor="#000000" bgcolor="#BFBFFF"
             type="rectangle" x="294" y="290" width="46" height="17"/>
    </entry>
    <entry id="145" name="ko:K04180" type="ortholog"
        link="https://www.kegg.jp/dbget-bin/www_bget?K04180">
        <graphics name="K04180" fgcolor="#000000" bgcolor="#BFBFFF"
             type="rectangle" x="294" y="343" width="46" height="17"/>
    </entry>
    <entry id="146" name="ko:K24266" type="ortholog"
        link="https://www.kegg.jp/dbget-bin/www_bget?K24266">
        <graphics name="K24266" fgcolor="#000000" bgcolor="#BFBFFF"
             type="rectangle" x="202" y="290" width="46" height="17"/>
    </entry>
    <entry id="159" name="ko:K22890" type="ortholog"
        link="https://www.kegg.jp/dbget-bin/www_bget?K22890">
        <graphics name="K22890" fgcolor="#000000" bgcolor="#BFBFFF"
             type="rectangle" x="912" y="771" width="46" height="17"/>
    </entry>
    <entry id="160" name="ko:K22892" type="ortholog"
        link="https://www.kegg.jp/dbget-bin/www_bget?K22892">
        <graphics name="K22892" fgcolor="#000000" bgcolor="#BFBFFF"
             type="rectangle" x="963" y="771" width="46" height="17"/>
    </entry>
    <entry id="161" name="ko:K22202" type="ortholog"
        link="https://www.kegg.jp/dbget-bin/www_bget?K22202">
        <graphics name="K22202" fgcolor="#000000" bgcolor="#BFBFFF"
             type="rectangle" x="1015" y="771" width="46" height="17"/>
    </entry>
    <entry id="167" name="ko:K19258" type="ortholog"
        link="https://www.kegg.jp/dbget-bin/www_bget?K19258">
        <graphics name="K19258" fgcolor="#000000" bgcolor="#BFBFFF"
             type="rectangle" x="389" y="1139" width="46" height="17"/>
    </entry>
    <entry id="168" name="ko:K22891" type="ortholog"
        link="https://www.kegg.jp/dbget-bin/www_bget?K22891">
        <graphics name="K22891" fgcolor="#000000" bgcolor="#BFBFFF"
             type="rectangle" x="389" y="1160" width="46" height="17"/>
    </entry>
    <entry id="172" name="ko:K19258" type="ortholog"
        link="https://www.kegg.jp/dbget-bin/www_bget?K19258">
        <graphics name="K19258" fgcolor="#000000" bgcolor="#BFBFFF"
             type="rectangle" x="555" y="1104" width="46" height="17"/>
    </entry>
    <entry id="174" name="ko:K22891" type="ortholog"
        link="https://www.kegg.jp/dbget-bin/www_bget?K22891">
        <graphics name="K22891" fgcolor="#000000" bgcolor="#BFBFFF"
             type="rectangle" x="514" y="988" width="46" height="17"/>
    </entry>
    <entry id="175" name="ko:K22202" type="ortholog"
        link="https://www.kegg.jp/dbget-bin/www_bget?K22202">
        <graphics name="K22202" fgcolor="#000000" bgcolor="#BFBFFF"
             type="rectangle" x="772" y="870" width="46" height="17"/>
    </entry>
    <entry id="176" name="ko:K22891" type="ortholog"
        link="https://www.kegg.jp/dbget-bin/www_bget?K22891">
        <graphics name="K22891" fgcolor="#000000" bgcolor="#BFBFFF"
             type="rectangle" x="822" y="870" width="46" height="17"/>
    </entry>
    <entry id="177" name="ko:K19258" type="ortholog"
        link="https://www.kegg.jp/dbget-bin/www_bget?K19258">
        <graphics name="K19258" fgcolor="#000000" bgcolor="#BFBFFF"
             type="rectangle" x="872" y="870" width="46" height="17"/>
    </entry>
    <entry id="180" name="ko:K04729" type="ortholog"
        link="https://www.kegg.jp/dbget-bin/www_bget?K04729">
        <graphics name="K04729" fgcolor="#000000" bgcolor="#BFBFFF"
             type="rectangle" x="379" y="675" width="46" height="17"/>
    </entry>
    <entry id="181" name="ko:K04371" type="ortholog"
        link="https://www.kegg.jp/dbget-bin/www_bget?K04371">
        <graphics name="K04371" fgcolor="#000000" bgcolor="#BFBFFF"
             type="rectangle" x="828" y="703" width="46" height="17"/>
    </entry>
    <entry id="182" name="ko:K04427" type="ortholog"
        link="https://www.kegg.jp/dbget-bin/www_bget?K04427">
        <graphics name="K04427" fgcolor="#000000" bgcolor="#BFBFFF"
             type="rectangle" x="659" y="692" width="46" height="17"/>
    </entry>
    <entry id="183" name="ko:K04441" type="ortholog"
        link="https://www.kegg.jp/dbget-bin/www_bget?K04441">
        <graphics name="K04441" fgcolor="#000000" bgcolor="#BFBFFF"
             type="rectangle" x="828" y="726" width="46" height="17"/>
    </entry>
    <entry id="184" name="ko:K04730" type="ortholog"
        link="https://www.kegg.jp/dbget-bin/www_bget?K04730">
        <graphics name="K04730" fgcolor="#000000" bgcolor="#BFBFFF"
             type="rectangle" x="471" y="684" width="46" height="17"/>
    </entry>
    <entry id="185" name="ko:K04440" type="ortholog"
        link="https://www.kegg.jp/dbget-bin/www_bget?K04440">
        <graphics name="K04440" fgcolor="#000000" bgcolor="#BFBFFF"
             type="rectangle" x="828" y="749" width="46" height="17"/>
    </entry>
    <entry id="186" name="ko:K03175" type="ortholog"
        link="https://www.kegg.jp/dbget-bin/www_bget?K03175">
        <graphics name="K03175" fgcolor="#000000" bgcolor="#BFBFFF"
             type="rectangle" x="564" y="675" width="46" height="17"/>
    </entry>
    <entry id="187" name="ko:K04403" type="ortholog"
        link="https://www.kegg.jp/dbget-bin/www_bget?K04403">
        <graphics name="K04403" fgcolor="#000000" bgcolor="#BFBFFF"
             type="rectangle" x="659" y="658" width="46" height="17"/>
    </entry>
    <entry id="188" name="ko:K04404" type="ortholog"
        link="https://www.kegg.jp/dbget-bin/www_bget?K04404">
        <graphics name="K04404" fgcolor="#000000" bgcolor="#BFBFFF"
             type="rectangle" x="659" y="675" width="46" height="17"/>
    </entry>
    <entry id="189" name="ko:K04734" type="ortholog"
        link="https://www.kegg.jp/dbget-bin/www_bget?K04734">
        <graphics name="K04734" fgcolor="#000000" bgcolor="#BFBFFF"
             type="rectangle" x="952" y="648" width="46" height="17"/>
    </entry>
    <entry id="190" name="ko:K03156" type="ortholog"
        link="https://www.kegg.jp/dbget-bin/www_bget?K03156">
        <graphics name="K03156" fgcolor="#000000" bgcolor="#BFBFFF"
             type="rectangle" x="1197" y="622" width="46" height="17"/>
    </entry>
    <entry id="191" name="ko:K10159" type="ortholog"
        link="https://www.kegg.jp/dbget-bin/www_bget?K10159">
        <graphics name="K10159" fgcolor="#000000" bgcolor="#BFBFFF"
             type="rectangle" x="294" y="654" width="46" height="17"/>
    </entry>
    <entry id="192" name="ko:K10160" type="ortholog"
        link="https://www.kegg.jp/dbget-bin/www_bget?K10160">
        <graphics name="K10160" fgcolor="#000000" bgcolor="#BFBFFF"
             type="rectangle" x="294" y="692" width="46" height="17"/>
    </entry>
    <entry id="193" name="ko:K04733" type="ortholog"
        link="https://www.kegg.jp/dbget-bin/www_bget?K04733">
        <graphics name="K04733" fgcolor="#000000" bgcolor="#BFBFFF"
             type="rectangle" x="471" y="667" width="46" height="17"/>
    </entry>
    <entry id="201" name="ko:K02580 ko:K04735" type="ortholog"
        link="https://www.kegg.jp/dbget-bin/www_bget?K02580+K04735">
        <graphics name="K02580..." fgcolor="#000000" bgcolor="#BFBFFF"
             type="rectangle" x="952" y="620" width="46" height="17"/>
    </entry>
    <entry id="202" name="ko:K04379 ko:K04448" type="ortholog"
        link="https://www.kegg.jp/dbget-bin/www_bget?K04379+K04448">
        <graphics name="K04379..." fgcolor="#000000" bgcolor="#BFBFFF"
             type="rectangle" x="952" y="724" width="46" height="17"/>
    </entry>
    <entry id="212" name="ko:K22890" type="ortholog"
        link="https://www.kegg.jp/dbget-bin/www_bget?K22890">
        <graphics name="K22890" fgcolor="#000000" bgcolor="#BFBFFF"
             type="rectangle" x="809" y="610" width="46" height="17"/>
    </entry>
    <entry id="213" name="ko:K22891" type="ortholog"
        link="https://www.kegg.jp/dbget-bin/www_bget?K22891">
        <graphics name="K22891" fgcolor="#000000" bgcolor="#BFBFFF"
             type="rectangle" x="753" y="682" width="46" height="17"/>
    </entry>
    <entry id="218" name="ko:K04390" type="ortholog"
        link="https://www.kegg.jp/dbget-bin/www_bget?K04390">
        <graphics name="K04390" fgcolor="#000000" bgcolor="#BFBFFF"
             type="rectangle" x="189" y="1280" width="46" height="17"/>
    </entry>
    <entry id="219" name="ko:K04389" type="ortholog"
        link="https://www.kegg.jp/dbget-bin/www_bget?K04389">
        <graphics name="K04389" fgcolor="#000000" bgcolor="#BFBFFF"
             type="rectangle" x="294" y="1198" width="46" height="17"/>
    </entry>
    <entry id="222" name="ko:K02087" type="ortholog"
        link="https://www.kegg.jp/dbget-bin/www_bget?K02087">
        <graphics name="K02087" fgcolor="#000000" bgcolor="#BFBFFF"
             type="rectangle" x="1221" y="1329" width="46" height="17"/>
    </entry>
    <entry id="223" name="ko:K04728 ko:K06640" type="ortholog"
        link="https://www.kegg.jp/dbget-bin/www_bget?K04728+K06640">
        <graphics name="K04728..." fgcolor="#000000" bgcolor="#BFBFFF"
             type="rectangle" x="1221" y="1161" width="46" height="17"/>
    </entry>
    <entry id="224" name="ko:K02216" type="ortholog"
        link="https://www.kegg.jp/dbget-bin/www_bget?K02216">
        <graphics name="K02216" fgcolor="#000000" bgcolor="#BFBFFF"
             type="rectangle" x="1221" y="1209" width="46" height="17"/>
    </entry>
    <entry id="225" name="ko:K05867" type="ortholog"
        link="https://www.kegg.jp/dbget-bin/www_bget?K05867">
        <graphics name="K05867" fgcolor="#000000" bgcolor="#BFBFFF"
             type="rectangle" x="1169" y="1274" width="46" height="17"/>
    </entry>
    <entry id="226" name="ko:K05868 ko:K21770 ko:K21771" type="ortholog"
        link="https://www.kegg.jp/dbget-bin/www_bget?K05868+K21770+K21771">
        <graphics name="K05868..." fgcolor="#000000" bgcolor="#BFBFFF"
             type="rectangle" x="1221" y="1312" width="46" height="17"/>
    </entry>
    <entry id="232" name="ko:K22202" type="ortholog"
        link="https://www.kegg.jp/dbget-bin/www_bget?K22202">
        <graphics name="K22202" fgcolor="#000000" bgcolor="#BFBFFF"
             type="rectangle" x="1193" y="1370" width="46" height="17"/>
    </entry>
    <entry id="233" name="ko:K22202" type="ortholog"
        link="https://www.kegg.jp/dbget-bin/www_bget?K22202">
        <graphics name="K22202" fgcolor="#000000" bgcolor="#BFBFFF"
             type="rectangle" x="1221" y="1083" width="46" height="17"/>
    </entry>
    <entry id="235" name="ko:K02158" type="ortholog"
        link="https://www.kegg.jp/dbget-bin/www_bget?K02158">
        <graphics name="K02158" fgcolor="#000000" bgcolor="#BFBFFF"
             type="rectangle" x="791" y="348" width="46" height="17"/>
    </entry>
    <entry id="239" name="ko:K04379 ko:K04448" type="ortholog"
        link="https://www.kegg.jp/dbget-bin/www_bget?K04379+K04448">
        <graphics name="K04379..." fgcolor="#000000" bgcolor="#BFBFFF"
             type="rectangle" x="884" y="317" width="46" height="17"/>
    </entry>
    <entry id="241" name="ko:K01116 ko:K05859" type="ortholog"
        link="https://www.kegg.jp/dbget-bin/www_bget?K01116+K05859">
        <graphics name="K01116..." fgcolor="#000000" bgcolor="#BFBFFF"
             type="rectangle" x="501" y="473" width="46" height="17"/>
    </entry>
    <entry id="242" name="path:ko04020" type="map"
        link="https://www.kegg.jp/dbget-bin/www_bget?ko04020">
        <graphics name="Calcium signaling pathway" fgcolor="#000000" bgcolor="#FFFFFF"
             type="roundrectangle" x="624" y="424" width="124" height="34"/>
    </entry>
    <entry id="244" name="ko:K05765" type="ortholog"
        link="https://www.kegg.jp/dbget-bin/www_bget?K05765">
        <graphics name="K05765" fgcolor="#000000" bgcolor="#BFBFFF"
             type="rectangle" x="848" y="561" width="46" height="17"/>
    </entry>
    <entry id="245" name="ko:K05743 ko:K05744" type="ortholog"
        link="https://www.kegg.jp/dbget-bin/www_bget?K05743+K05744">
        <graphics name="K05743..." fgcolor="#000000" bgcolor="#BFBFFF"
             type="rectangle" x="754" y="561" width="46" height="17"/>
    </entry>
    <entry id="246" name="ko:K04409 ko:K04410 ko:K05733 ko:K05734 ko:K05736 ko:K05735" type="ortholog"
        link="https://www.kegg.jp/dbget-bin/www_bget?K04409+K04410+K05733+K05734+K05736+K05735">
        <graphics name="K04409..." fgcolor="#000000" bgcolor="#BFBFFF"
             type="rectangle" x="659" y="561" width="46" height="17"/>
    </entry>
    <entry id="247" name="ko:K04392 ko:K07860 ko:K07861" type="ortholog"
        link="https://www.kegg.jp/dbget-bin/www_bget?K04392+K07860+K07861">
        <graphics name="K04392..." fgcolor="#000000" bgcolor="#BFBFFF"
             type="rectangle" x="564" y="561" width="46" height="17"/>
    </entry>
    <entry id="253" name="ko:K19258" type="ortholog"
        link="https://www.kegg.jp/dbget-bin/www_bget?K19258">
        <graphics name="K19258" fgcolor="#000000" bgcolor="#BFBFFF"
             type="rectangle" x="876" y="597" width="46" height="17"/>
    </entry>
    <entry id="255" name="ko:K05415" type="ortholog"
        link="https://www.kegg.jp/dbget-bin/www_bget?K05415">
        <graphics name="K05415" fgcolor="#000000" bgcolor="#BFBFFF"
             type="rectangle" x="1248" y="600" width="46" height="17"/>
    </entry>
    <entry id="256" name="ko:K05414" type="ortholog"
        link="https://www.kegg.jp/dbget-bin/www_bget?K05414">
        <graphics name="K05414" fgcolor="#000000" bgcolor="#BFBFFF"
             type="rectangle" x="1197" y="600" width="46" height="17"/>
    </entry>
    <entry id="257" name="ko:K03156" type="ortholog"
        link="https://www.kegg.jp/dbget-bin/www_bget?K03156">
        <graphics name="K03156" fgcolor="#000000" bgcolor="#BFBFFF"
             type="rectangle" x="1197" y="725" width="46" height="17"/>
    </entry>
    <entry id="258" name="path:ko04620" type="map"
        link="https://www.kegg.jp/dbget-bin/www_bget?ko04620">
        <graphics name="Toll-like receptor signaling pathway" fgcolor="#000000" bgcolor="#FFFFFF"
             type="roundrectangle" x="553" y="722" width="124" height="34"/>
    </entry>
    <entry id="259" name="ko:K18750" type="ortholog"
        link="https://www.kegg.jp/dbget-bin/www_bget?K18750">
        <graphics name="K18750" fgcolor="#000000" bgcolor="#BFBFFF"
             type="rectangle" x="1197" y="836" width="46" height="17"/>
    </entry>
    <entry id="260" name="ko:K22544" type="ortholog"
        link="https://www.kegg.jp/dbget-bin/www_bget?K22544">
        <graphics name="K22544" fgcolor="#000000" bgcolor="#BFBFFF"
             type="rectangle" x="1248" y="836" width="46" height="17"/>
    </entry>
    <entry id="261" name="ko:K10648" type="ortholog"
        link="https://www.kegg.jp/dbget-bin/www_bget?K10648">
        <graphics name="K10648" fgcolor="#000000" bgcolor="#BFBFFF"
             type="rectangle" x="1197" y="858" width="46" height="17"/>
    </entry>
    <entry id="262" name="ko:K06731" type="ortholog"
        link="https://www.kegg.jp/dbget-bin/www_bget?K06731">
        <graphics name="K06731" fgcolor="#000000" bgcolor="#BFBFFF"
             type="rectangle" x="1248" y="858" width="46" height="17"/>
    </entry>
    <entry id="265" name="ko:K04441" type="ortholog"
        link="https://www.kegg.jp/dbget-bin/www_bget?K04441">
        <graphics name="K04441" fgcolor="#000000" bgcolor="#BFBFFF"
             type="rectangle" x="828" y="956" width="46" height="17"/>
    </entry>
    <entry id="266" name="ko:K04440" type="ortholog"
        link="https://www.kegg.jp/dbget-bin/www_bget?K04440">
        <graphics name="K04440" fgcolor="#000000" bgcolor="#BFBFFF"
             type="rectangle" x="828" y="990" width="46" height="17"/>
    </entry>
    <entry id="267" name="ko:K04379 ko:K04448" type="ortholog"
        link="https://www.kegg.jp/dbget-bin/www_bget?K04379+K04448">
        <graphics name="K04379..." fgcolor="#000000" bgcolor="#BFBFFF"
             type="rectangle" x="952" y="990" width="46" height="17"/>
    </entry>
    <entry id="270" name="ko:K19258" type="ortholog"
        link="https://www.kegg.jp/dbget-bin/www_bget?K19258">
        <graphics name="K19258" fgcolor="#000000" bgcolor="#BFBFFF"
             type="rectangle" x="807" y="1050" width="46" height="17"/>
    </entry>
    <entry id="271" name="ko:K22202" type="ortholog"
        link="https://www.kegg.jp/dbget-bin/www_bget?K22202">
        <graphics name="K22202" fgcolor="#000000" bgcolor="#BFBFFF"
             type="rectangle" x="807" y="1028" width="46" height="17"/>
    </entry>
    <entry id="274" name="ko:K24266" type="ortholog"
        link="https://www.kegg.jp/dbget-bin/www_bget?K24266">
        <graphics name="K24266" fgcolor="#000000" bgcolor="#BFBFFF"
             type="rectangle" x="205" y="897" width="46" height="17"/>
    </entry>
    <entry id="276" name="ko:K04432 ko:K04433" type="ortholog"
        link="https://www.kegg.jp/dbget-bin/www_bget?K04432+K04433">
        <graphics name="K04432..." fgcolor="#000000" bgcolor="#BFBFFF"
             type="rectangle" x="735" y="956" width="46" height="17"/>
    </entry>
    <entry id="277" name="ko:K04431" type="ortholog"
        link="https://www.kegg.jp/dbget-bin/www_bget?K04431">
        <graphics name="K04431" fgcolor="#000000" bgcolor="#BFBFFF"
             type="rectangle" x="735" y="990" width="46" height="17"/>
    </entry>
    <entry id="280" name="ko:K19258" type="ortholog"
        link="https://www.kegg.jp/dbget-bin/www_bget?K19258">
        <graphics name="K19258" fgcolor="#000000" bgcolor="#BFBFFF"
             type="rectangle" x="738" y="1050" width="46" height="17"/>
    </entry>
    <entry id="281" name="ko:K22891" type="ortholog"
        link="https://www.kegg.jp/dbget-bin/www_bget?K22891">
        <graphics name="K22891" fgcolor="#000000" bgcolor="#BFBFFF"
             type="rectangle" x="738" y="1027" width="46" height="17"/>
    </entry>
    <entry id="284" name="ko:K04389" type="ortholog"
        link="https://www.kegg.jp/dbget-bin/www_bget?K04389">
        <graphics name="K04389" fgcolor="#000000" bgcolor="#BFBFFF"
             type="rectangle" x="189" y="1076" width="46" height="17"/>
    </entry>
    <entry id="285" name="ko:K04390" type="ortholog"
        link="https://www.kegg.jp/dbget-bin/www_bget?K04390">
        <graphics name="K04390" fgcolor="#000000" bgcolor="#BFBFFF"
             type="rectangle" x="189" y="1118" width="46" height="17"/>
    </entry>
    <entry id="288" name="ko:K10784 ko:K10785 ko:K06451 ko:K06452 ko:K06450 ko:K06453" type="ortholog"
        link="https://www.kegg.jp/dbget-bin/www_bget?K10784+K10785+K06451+K06452+K06450+K06453">
        <graphics name="K10784..." fgcolor="#000000" bgcolor="#BFBFFF"
             type="rectangle" x="294" y="1263" width="46" height="17"/>
    </entry>
    <entry id="289" name="ko:K22891" type="ortholog"
        link="https://www.kegg.jp/dbget-bin/www_bget?K22891">
        <graphics name="K22891" fgcolor="#000000" bgcolor="#BFBFFF"
             type="rectangle" x="254" y="1280" width="46" height="17"/>
    </entry>
    <entry id="291" name="ko:K02161" type="ortholog"
        link="https://www.kegg.jp/dbget-bin/www_bget?K02161">
        <graphics name="K02161" fgcolor="#000000" bgcolor="#BFBFFF"
             type="rectangle" x="638" y="1181" width="46" height="17"/>
    </entry>
    <entry id="292" name="ko:K04570" type="ortholog"
        link="https://www.kegg.jp/dbget-bin/www_bget?K04570">
        <graphics name="K04570" fgcolor="#000000" bgcolor="#BFBFFF"
             type="rectangle" x="638" y="1203" width="46" height="17"/>
    </entry>
    <entry id="293" name="ko:K19258" type="ortholog"
        link="https://www.kegg.jp/dbget-bin/www_bget?K19258">
        <graphics name="K19258" fgcolor="#000000" bgcolor="#BFBFFF"
             type="rectangle" x="538" y="1170" width="46" height="17"/>
    </entry>
    <entry id="294" name="ko:K22202" type="ortholog"
        link="https://www.kegg.jp/dbget-bin/www_bget?K22202">
        <graphics name="K22202" fgcolor="#000000" bgcolor="#BFBFFF"
             type="rectangle" x="538" y="1210" width="46" height="17"/>
    </entry>
    <entry id="304" name="ko:K06632" type="ortholog"
        link="https://www.kegg.jp/dbget-bin/www_bget?K06632">
        <graphics name="K06632" fgcolor="#000000" bgcolor="#BFBFFF"
             type="rectangle" x="1272" y="1275" width="46" height="17"/>
    </entry>
    <entry id="307" name="ko:K22202" type="ortholog"
        link="https://www.kegg.jp/dbget-bin/www_bget?K22202">
        <graphics name="K22202" fgcolor="#000000" bgcolor="#BFBFFF"
             type="rectangle" x="1136" y="1219" width="46" height="17"/>
    </entry>
    <entry id="309" name="ko:K10609" type="ortholog"
        link="https://www.kegg.jp/dbget-bin/www_bget?K10609">
        <graphics name="K10609" fgcolor="#000000" bgcolor="#BFBFFF"
             type="rectangle" x="1266" y="1100" width="46" height="17"/>
    </entry>
    <entry id="310" name="ko:K10610" type="ortholog"
        link="https://www.kegg.jp/dbget-bin/www_bget?K10610">
        <graphics name="K10610" fgcolor="#000000" bgcolor="#BFBFFF"
             type="rectangle" x="1221" y="1100" width="46" height="17"/>
    </entry>
    <entry id="311" name="ko:K11789" type="ortholog"
        link="https://www.kegg.jp/dbget-bin/www_bget?K11789">
        <graphics name="K11789" fgcolor="#000000" bgcolor="#BFBFFF"
             type="rectangle" x="1175" y="1100" width="46" height="17"/>
    </entry>
    <entry id="315" name="ko:K03873" type="ortholog"
        link="https://www.kegg.jp/dbget-bin/www_bget?K03873">
        <graphics name="K03873" fgcolor="#000000" bgcolor="#BFBFFF"
             type="rectangle" x="732" y="1476" width="46" height="17"/>
    </entry>
    <entry id="316" name="ko:K10612" type="ortholog"
        link="https://www.kegg.jp/dbget-bin/www_bget?K10612">
        <graphics name="K10612" fgcolor="#000000" bgcolor="#BFBFFF"
             type="rectangle" x="778" y="1476" width="46" height="17"/>
    </entry>
    <entry id="317" name="ko:K03872" type="ortholog"
        link="https://www.kegg.jp/dbget-bin/www_bget?K03872">
        <graphics name="K03872" fgcolor="#000000" bgcolor="#BFBFFF"
             type="rectangle" x="732" y="1493" width="46" height="17"/>
    </entry>
    <entry id="318" name="ko:K10611" type="ortholog"
        link="https://www.kegg.jp/dbget-bin/www_bget?K10611">
        <graphics name="K10611" fgcolor="#000000" bgcolor="#BFBFFF"
             type="rectangle" x="778" y="1493" width="46" height="17"/>
    </entry>
    <entry id="319" name="ko:K22892" type="ortholog"
        link="https://www.kegg.jp/dbget-bin/www_bget?K22892">
        <graphics name="K22892" fgcolor="#000000" bgcolor="#BFBFFF"
             type="rectangle" x="755" y="1459" width="46" height="17"/>
    </entry>
    <entry id="320" name="ko:K18750" type="ortholog"
        link="https://www.kegg.jp/dbget-bin/www_bget?K18750">
        <graphics name="K18750" fgcolor="#000000" bgcolor="#BFBFFF"
             type="rectangle" x="867" y="1485" width="46" height="17"/>
    </entry>
    <entry id="324" name="ko:K22891" type="ortholog"
        link="https://www.kegg.jp/dbget-bin/www_bget?K22891">
        <graphics name="K22891" fgcolor="#000000" bgcolor="#BFBFFF"
             type="rectangle" x="533" y="1392" width="46" height="17"/>
    </entry>
    <entry id="325" name="ko:K06751" type="ortholog"
        link="https://www.kegg.jp/dbget-bin/www_bget?K06751">
        <graphics name="K06751" fgcolor="#000000" bgcolor="#BFBFFF"
             type="rectangle" x="533" y="1409" width="46" height="17"/>
    </entry>
    <entry id="327" name="ko:K12392 ko:K12391 ko:K12393 ko:K12394 ko:K12395" type="ortholog"
        link="https://www.kegg.jp/dbget-bin/www_bget?K12392+K12391+K12393+K12394+K12395">
        <graphics name="K12392..." fgcolor="#000000" bgcolor="#BFBFFF"
             type="rectangle" x="487" y="1409" width="46" height="17"/>
    </entry>
    <entry id="328" name="path:ko04142" type="map"
        link="https://www.kegg.jp/dbget-bin/www_bget?ko04142">
        <graphics name="Lysosome" fgcolor="#000000" bgcolor="#FFFFFF"
             type="roundrectangle" x="595" y="1493" width="88" height="25"/>
    </entry>
    <entry id="333" name="ko:K22891" type="ortholog"
        link="https://www.kegg.jp/dbget-bin/www_bget?K22891">
        <graphics name="K22891" fgcolor="#000000" bgcolor="#BFBFFF"
             type="rectangle" x="341" y="1424" width="46" height="17"/>
    </entry>
    <entry id="336" name="ko:K22891" type="ortholog"
        link="https://www.kegg.jp/dbget-bin/www_bget?K22891">
        <graphics name="K22891" fgcolor="#000000" bgcolor="#BFBFFF"
             type="rectangle" x="396" y="231" width="46" height="17"/>
    </entry>
    <entry id="341" name="ko:K05141" type="ortholog"
        link="https://www.kegg.jp/dbget-bin/www_bget?K05141">
        <graphics name="K05141" fgcolor="#000000" bgcolor="#BFBFFF"
             type="rectangle" x="189" y="561" width="46" height="17"/>
    </entry>
    <entry id="342" name="ko:K03156" type="ortholog"
        link="https://www.kegg.jp/dbget-bin/www_bget?K03156">
        <graphics name="K03156" fgcolor="#000000" bgcolor="#BFBFFF"
             type="rectangle" x="294" y="561" width="46" height="17"/>
    </entry>
    <entry id="346" name="ko:K04570" type="ortholog"
        link="https://www.kegg.jp/dbget-bin/www_bget?K04570">
        <graphics name="K04570" fgcolor="#000000" bgcolor="#BFBFFF"
             type="rectangle" x="111" y="561" width="46" height="17"/>
    </entry>
    <entry id="348" name="ko:K06454" type="ortholog"
        link="https://www.kegg.jp/dbget-bin/www_bget?K06454">
        <graphics name="K06454" fgcolor="#000000" bgcolor="#BFBFFF"
             type="rectangle" x="461" y="142" width="46" height="17"/>
    </entry>
    <entry id="349" name="ko:K22890" type="ortholog"
        link="https://www.kegg.jp/dbget-bin/www_bget?K22890">
        <graphics name="K22890" fgcolor="#000000" bgcolor="#BFBFFF"
             type="rectangle" x="461" y="197" width="46" height="17"/>
    </entry>
    <entry id="351" name="ko:K03362 ko:K03094 ko:K03347 ko:K03868" type="ortholog"
        link="https://www.kegg.jp/dbget-bin/www_bget?K03362+K03094+K03347+K03868">
        <graphics name="K03362..." fgcolor="#000000" bgcolor="#BFBFFF"
             type="rectangle" x="433" y="180" width="46" height="17"/>
    </entry>
    <entry id="354" name="path:ko04141" type="map"
        link="https://www.kegg.jp/dbget-bin/www_bget?ko04141">
        <graphics name="Protein processing in endoplasmic reticulum" fgcolor="#000000" bgcolor="#FFFFFF"
             type="roundrectangle" x="604" y="137" width="142" height="34"/>
    </entry>
    <entry id="355" name="ko:K02158" type="ortholog"
        link="https://www.kegg.jp/dbget-bin/www_bget?K02158">
        <graphics name="K02158" fgcolor="#000000" bgcolor="#BFBFFF"
             type="rectangle" x="487" y="1188" width="46" height="17"/>
    </entry>
    <entry id="361" name="ko:K22202" type="ortholog"
        link="https://www.kegg.jp/dbget-bin/www_bget?K22202">
        <graphics name="K22202" fgcolor="#000000" bgcolor="#BFBFFF"
             type="rectangle" x="609" y="1091" width="46" height="17"/>
    </entry>
    <entry id="364" name="ko:K04467 ko:K07209 ko:K07210" type="ortholog"
        link="https://www.kegg.jp/dbget-bin/www_bget?K04467+K07209+K07210">
        <graphics name="K04467..." fgcolor="#000000" bgcolor="#BFBFFF"
             type="rectangle" x="828" y="648" width="46" height="17"/>
    </entry>
    <entry id="366" name="ko:K04734" type="ortholog"
        link="https://www.kegg.jp/dbget-bin/www_bget?K04734">
        <graphics name="K04734" fgcolor="#000000" bgcolor="#BFBFFF"
             type="rectangle" x="952" y="923" width="46" height="17"/>
    </entry>
    <entry id="369" name="ko:K02580 ko:K04735" type="ortholog"
        link="https://www.kegg.jp/dbget-bin/www_bget?K02580+K04735">
        <graphics name="K02580..." fgcolor="#000000" bgcolor="#BFBFFF"
             type="rectangle" x="952" y="895" width="46" height="17"/>
    </entry>
    <entry id="370" name="undefined" type="group">
        <graphics fgcolor="#000000" bgcolor="#FFFFFF"
             type="rectangle" x="471" y="675" width="46" height="34"/>
        <component id="184"/>
        <component id="193"/>
    </entry>
    <entry id="371" name="undefined" type="group">
        <graphics fgcolor="#000000" bgcolor="#FFFFFF"
             type="rectangle" x="659" y="675" width="46" height="51"/>
        <component id="182"/>
        <component id="187"/>
        <component id="188"/>
    </entry>
    <entry id="372" name="undefined" type="group">
        <graphics fgcolor="#000000" bgcolor="#FFFFFF"
             type="rectangle" x="526" y="939" width="92" height="34"/>
        <component id="105"/>
        <component id="106"/>
        <component id="107"/>
    </entry>
    <entry id="373" name="undefined" type="group">
        <graphics fgcolor="#000000" bgcolor="#FFFFFF"
             type="rectangle" x="526" y="939" width="92" height="34"/>
        <component id="105"/>
        <component id="106"/>
        <component id="107"/>
        <component id="108"/>
    </entry>
    <entry id="374" name="undefined" type="group">
        <graphics fgcolor="#000000" bgcolor="#FFFFFF"
             type="rectangle" x="408" y="1075" width="46" height="34"/>
        <component id="23"/>
        <component id="39"/>
    </entry>
    <entry id="375" name="undefined" type="group">
        <graphics fgcolor="#000000" bgcolor="#FFFFFF"
             type="rectangle" x="1220" y="1091" width="137" height="34"/>
        <component id="233"/>
        <component id="309"/>
        <component id="310"/>
        <component id="311"/>
    </entry>
    <entry id="376" name="undefined" type="group">
        <graphics fgcolor="#000000" bgcolor="#FFFFFF"
             type="rectangle" x="741" y="1289" width="46" height="34"/>
        <component id="73"/>
        <component id="74"/>
    </entry>
    <entry id="377" name="undefined" type="group">
        <graphics fgcolor="#000000" bgcolor="#FFFFFF"
             type="rectangle" x="707" y="1328" width="46" height="34"/>
        <component id="111"/>
        <component id="112"/>
    </entry>
    <entry id="378" name="undefined" type="group">
        <graphics fgcolor="#000000" bgcolor="#FFFFFF"
             type="rectangle" x="755" y="1476" width="92" height="51"/>
        <component id="315"/>
        <component id="316"/>
        <component id="317"/>
        <component id="318"/>
        <component id="319"/>
    </entry>
    <relation entry1="146" entry2="83" type="PPrel">
        <subtype name="activation" value="--&gt;"/>
    </relation>
    <relation entry1="146" entry2="145" type="PPrel">
        <subtype name="activation" value="--&gt;"/>
    </relation>
    <relation entry1="83" entry2="78" type="PPrel">
        <subtype name="activation" value="--&gt;"/>
    </relation>
    <relation entry1="78" entry2="10" type="PPrel">
        <subtype name="activation" value="--&gt;"/>
    </relation>
    <relation entry1="10" entry2="84" type="PPrel">
        <subtype name="activation" value="--&gt;"/>
    </relation>
    <relation entry1="84" entry2="88" type="PPrel">
        <subtype name="activation" value="--&gt;"/>
    </relation>
    <relation entry1="10" entry2="6" type="PCrel">
        <subtype name="activation" value="--&gt;"/>
    </relation>
    <relation entry1="6" entry2="9" type="PCrel">
        <subtype name="activation" value="--&gt;"/>
    </relation>
    <relation entry1="10" entry2="18" type="PPrel">
        <subtype name="activation" value="--&gt;"/>
    </relation>
    <relation entry1="18" entry2="20" type="PPrel">
        <subtype name="activation" value="--&gt;"/>
    </relation>
    <relation entry1="83" entry2="72" type="PPrel">
        <subtype name="activation" value="--&gt;"/>
    </relation>
    <relation entry1="72" entry2="241" type="PPrel">
        <subtype name="activation" value="--&gt;"/>
    </relation>
    <relation entry1="241" entry2="90" type="PCrel">
        <subtype name="activation" value="--&gt;"/>
    </relation>
    <relation entry1="90" entry2="117" type="PCrel">
        <subtype name="activation" value="--&gt;"/>
    </relation>
    <relation entry1="94" entry2="70" type="PCrel">
        <subtype name="activation" value="--&gt;"/>
    </relation>
    <relation entry1="94" entry2="87" type="PCrel">
        <subtype name="activation" value="--&gt;"/>
    </relation>
    <relation entry1="241" entry2="91" type="PCrel">
        <subtype name="activation" value="--&gt;"/>
    </relation>
    <relation entry1="83" entry2="59" type="PPrel">
        <subtype name="activation" value="--&gt;"/>
    </relation>
    <relation entry1="59" entry2="247" type="PPrel">
        <subtype name="activation" value="--&gt;"/>
    </relation>
    <relation entry1="247" entry2="246" type="PPrel">
        <subtype name="activation" value="--&gt;"/>
    </relation>
    <relation entry1="246" entry2="245" type="PPrel">
        <subtype name="activation" value="--&gt;"/>
    </relation>
    <relation entry1="245" entry2="244" type="PPrel">
        <subtype name="activation" value="--&gt;"/>
    </relation>
    <relation entry1="145" entry2="78" type="PPrel">
        <subtype name="activation" value="--&gt;"/>
    </relation>
    <relation entry1="145" entry2="72" type="PPrel">
        <subtype name="activation" value="--&gt;"/>
    </relation>
    <relation entry1="145" entry2="59" type="PPrel">
        <subtype name="activation" value="--&gt;"/>
    </relation>
    <relation entry1="342" entry2="341" type="PPrel">
        <subtype name="activation" value="--&gt;"/>
    </relation>
    <relation entry1="191" entry2="180" type="PPrel">
        <subtype name="activation" value="--&gt;"/>
    </relation>
    <relation entry1="192" entry2="180" type="PPrel">
        <subtype name="activation" value="--&gt;"/>
    </relation>
    <relation entry1="180" entry2="370" type="PPrel">
        <subtype name="activation" value="--&gt;"/>
    </relation>
    <relation entry1="370" entry2="186" type="PPrel">
        <subtype name="activation" value="--&gt;"/>
    </relation>
    <relation entry1="186" entry2="371" type="PPrel">
        <subtype name="activation" value="--&gt;"/>
    </relation>
    <relation entry1="371" entry2="364" type="PPrel">
        <subtype name="activation" value="--&gt;"/>
    </relation>
    <relation entry1="371" entry2="181" type="PPrel">
        <subtype name="activation" value="--&gt;"/>
        <subtype name="indirect effect" value="..&gt;"/>
    </relation>
    <relation entry1="371" entry2="183" type="PPrel">
        <subtype name="activation" value="--&gt;"/>
        <subtype name="indirect effect" value="..&gt;"/>
    </relation>
    <relation entry1="371" entry2="185" type="PPrel">
        <subtype name="activation" value="--&gt;"/>
        <subtype name="indirect effect" value="..&gt;"/>
    </relation>
    <relation entry1="183" entry2="202" type="PPrel">
        <subtype name="activation" value="--&gt;"/>
    </relation>
    <relation entry1="127" entry2="129" type="PCrel">
        <subtype name="activation" value="--&gt;"/>
    </relation>
    <relation entry1="129" entry2="128" type="PCrel">
        <subtype name="activation" value="--&gt;"/>
    </relation>
    <relation entry1="128" entry2="121" type="PPrel">
        <subtype name="activation" value="--&gt;"/>
    </relation>
    <relation entry1="121" entry2="122" type="PPrel">
        <subtype name="activation" value="--&gt;"/>
        <subtype name="phosphorylation" value="+p"/>
    </relation>
    <relation entry1="274" entry2="55" type="PPrel">
        <subtype name="activation" value="--&gt;"/>
    </relation>
    <relation entry1="81" entry2="55" type="PPrel">
        <subtype name="activation" value="--&gt;"/>
    </relation>
    <relation entry1="55" entry2="372" type="PPrel">
        <subtype name="activation" value="--&gt;"/>
    </relation>
    <relation entry1="373" entry2="45" type="PPrel">
        <subtype name="activation" value="--&gt;"/>
    </relation>
    <relation entry1="373" entry2="276" type="PPrel">
        <subtype name="activation" value="--&gt;"/>
    </relation>
    <relation entry1="373" entry2="277" type="PPrel">
        <subtype name="activation" value="--&gt;"/>
    </relation>
    <relation entry1="174" entry2="108" type="PPrel">
        <subtype name="activation" value="--&gt;"/>
    </relation>
    <relation entry1="266" entry2="267" type="PPrel">
        <subtype name="activation" value="--&gt;"/>
    </relation>
    <relation entry1="281" entry2="265" type="PPrel">
        <subtype name="activation" value="--&gt;"/>
    </relation>
    <relation entry1="280" entry2="265" type="PPrel">
        <subtype name="activation" value="--&gt;"/>
    </relation>
    <relation entry1="271" entry2="266" type="PPrel">
        <subtype name="activation" value="--&gt;"/>
    </relation>
    <relation entry1="270" entry2="266" type="PPrel">
        <subtype name="activation" value="--&gt;"/>
    </relation>
    <relation entry1="55" entry2="374" type="PPrel">
        <subtype name="activation" value="--&gt;"/>
    </relation>
    <relation entry1="284" entry2="28" type="PPrel">
        <subtype name="activation" value="--&gt;"/>
    </relation>
    <relation entry1="28" entry2="374" type="PPrel">
        <subtype name="activation" value="--&gt;"/>
    </relation>
    <relation entry1="374" entry2="24" type="PPrel">
        <subtype name="activation" value="--&gt;"/>
    </relation>
    <relation entry1="24" entry2="54" type="PPrel">
        <subtype name="activation" value="--&gt;"/>
    </relation>
    <relation entry1="24" entry2="63" type="PPrel">
        <subtype name="activation" value="--&gt;"/>
    </relation>
    <relation entry1="63" entry2="51" type="PPrel">
        <subtype name="activation" value="--&gt;"/>
    </relation>
    <relation entry1="63" entry2="52" type="PPrel">
        <subtype name="activation" value="--&gt;"/>
    </relation>
    <relation entry1="51" entry2="53" type="PPrel">
        <subtype name="activation" value="--&gt;"/>
    </relation>
    <relation entry1="52" entry2="53" type="PPrel">
        <subtype name="activation" value="--&gt;"/>
    </relation>
    <relation entry1="53" entry2="62" type="PPrel">
        <subtype name="activation" value="--&gt;"/>
    </relation>
    <relation entry1="62" entry2="54" type="PPrel">
        <subtype name="activation" value="--&gt;"/>
    </relation>
    <relation entry1="219" entry2="285" type="PPrel">
        <subtype name="activation" value="--&gt;"/>
    </relation>
    <relation entry1="219" entry2="218" type="PPrel">
        <subtype name="activation" value="--&gt;"/>
    </relation>
    <relation entry1="351" entry2="348" type="PPrel">
        <subtype name="inhibition" value="--|"/>
        <subtype name="ubiquitination" value="+u"/>
    </relation>
    <relation entry1="351" entry2="349" type="PPrel">
        <subtype name="binding/association" value="---"/>
    </relation>
    <relation entry1="146" entry2="144" type="PPrel">
        <subtype name="binding/association" value="---"/>
    </relation>
    <relation entry1="88" entry2="86" type="PPrel">
        <subtype name="binding/association" value="---"/>
    </relation>
    <relation entry1="88" entry2="85" type="PPrel">
        <subtype name="binding/association" value="---"/>
    </relation>
    <relation entry1="9" entry2="235" type="PPrel">
        <subtype name="inhibition" value="--|"/>
        <subtype name="phosphorylation" value="+p"/>
    </relation>
    <relation entry1="8" entry2="7" type="PPrel">
        <subtype name="activation" value="--&gt;"/>
        <subtype name="phosphorylation" value="+p"/>
    </relation>
    <relation entry1="9" entry2="8" type="PPrel">
        <subtype name="activation" value="--&gt;"/>
        <subtype name="indirect effect" value="..&gt;"/>
    </relation>
    <relation entry1="9" entry2="15" type="PPrel">
        <subtype name="activation" value="--&gt;"/>
        <subtype name="indirect effect" value="..&gt;"/>
    </relation>
    <relation entry1="15" entry2="239" type="PPrel">
        <subtype name="activation" value="--&gt;"/>
        <subtype name="indirect effect" value="..&gt;"/>
    </relation>
    <relation entry1="20" entry2="21" type="PPrel">
        <subtype name="activation" value="--&gt;"/>
        <subtype name="phosphorylation" value="+p"/>
    </relation>
    <relation entry1="21" entry2="22" type="PPrel">
        <subtype name="activation" value="--&gt;"/>
        <subtype name="phosphorylation" value="+p"/>
    </relation>
    <relation entry1="70" entry2="66" type="PPrel">
        <subtype name="binding/association" value="---"/>
    </relation>
    <relation entry1="66" entry2="65" type="PPrel">
        <subtype name="activation" value="--&gt;"/>
        <subtype name="dephosphorylation" value="-p"/>
    </relation>
    <relation entry1="341" entry2="346" type="PPrel">
        <subtype name="inhibition" value="--|"/>
        <subtype name="indirect effect" value="..&gt;"/>
    </relation>
    <relation entry1="212" entry2="201" type="PPrel">
        <subtype name="inhibition" value="--|"/>
        <subtype name="indirect effect" value="..&gt;"/>
    </relation>
    <relation entry1="213" entry2="181" type="PPrel">
        <subtype name="inhibition" value="--|"/>
        <subtype name="indirect effect" value="..&gt;"/>
    </relation>
    <relation entry1="159" entry2="122" type="PPrel">
        <subtype name="inhibition" value="--|"/>
    </relation>
    <relation entry1="160" entry2="122" type="PPrel">
        <subtype name="inhibition" value="--|"/>
    </relation>
    <relation entry1="161" entry2="122" type="PPrel">
        <subtype name="inhibition" value="--|"/>
    </relation>
    <relation entry1="122" entry2="120" type="GErel">
        <subtype name="expression" value="--&gt;"/>
    </relation>
    <relation entry1="122" entry2="119" type="GErel">
        <subtype name="expression" value="--&gt;"/>
    </relation>
    <relation entry1="122" entry2="259" type="GErel">
        <subtype name="expression" value="--&gt;"/>
    </relation>
    <relation entry1="122" entry2="260" type="GErel">
        <subtype name="expression" value="--&gt;"/>
    </relation>
    <relation entry1="122" entry2="261" type="GErel">
        <subtype name="expression" value="--&gt;"/>
    </relation>
    <relation entry1="122" entry2="262" type="GErel">
        <subtype name="expression" value="--&gt;"/>
    </relation>
    <relation entry1="201" entry2="256" type="GErel">
        <subtype name="expression" value="--&gt;"/>
    </relation>
    <relation entry1="201" entry2="255" type="GErel">
        <subtype name="expression" value="--&gt;"/>
    </relation>
    <relation entry1="201" entry2="190" type="GErel">
        <subtype name="expression" value="--&gt;"/>
    </relation>
    <relation entry1="202" entry2="257" type="GErel">
        <subtype name="expression" value="--&gt;"/>
    </relation>
    <relation entry1="276" entry2="265" type="PPrel">
        <subtype name="activation" value="--&gt;"/>
        <subtype name="phosphorylation" value="+p"/>
    </relation>
    <relation entry1="277" entry2="266" type="PPrel">
        <subtype name="activation" value="--&gt;"/>
        <subtype name="phosphorylation" value="+p"/>
    </relation>
    <relation entry1="361" entry2="51" type="PPrel">
        <subtype name="inhibition" value="--|"/>
        <subtype name="indirect effect" value="..&gt;"/>
    </relation>
    <relation entry1="172" entry2="51" type="PPrel">
        <subtype name="activation" value="--&gt;"/>
        <subtype name="indirect effect" value="..&gt;"/>
    </relation>
    <relation entry1="167" entry2="219" type="PPrel">
        <subtype name="activation" value="--&gt;"/>
        <subtype name="indirect effect" value="..&gt;"/>
    </relation>
    <relation entry1="168" entry2="219" type="PPrel">
        <subtype name="activation" value="--&gt;"/>
        <subtype name="indirect effect" value="..&gt;"/>
    </relation>
    <relation entry1="167" entry2="24" type="PPrel">
        <subtype name="activation" value="--&gt;"/>
        <subtype name="indirect effect" value="..&gt;"/>
    </relation>
    <relation entry1="168" entry2="24" type="PPrel">
        <subtype name="activation" value="--&gt;"/>
        <subtype name="indirect effect" value="..&gt;"/>
    </relation>
    <relation entry1="168" entry2="355" type="PPrel">
        <subtype name="inhibition" value="--|"/>
    </relation>
    <relation entry1="355" entry2="291" type="PPrel">
        <subtype name="inhibition" value="--|"/>
    </relation>
    <relation entry1="291" entry2="51" type="PPrel">
        <subtype name="inhibition" value="--|"/>
    </relation>
    <relation entry1="291" entry2="52" type="PPrel">
        <subtype name="inhibition" value="--|"/>
    </relation>
    <relation entry1="293" entry2="291" type="PPrel">
        <subtype name="inhibition" value="--|"/>
        <subtype name="indirect effect" value="..&gt;"/>
    </relation>
    <relation entry1="294" entry2="291" type="PPrel">
        <subtype name="activation" value="--&gt;"/>
        <subtype name="indirect effect" value="..&gt;"/>
    </relation>
    <relation entry1="294" entry2="292" type="PPrel">
        <subtype name="activation" value="--&gt;"/>
        <subtype name="indirect effect" value="..&gt;"/>
    </relation>
    <relation entry1="375" entry2="223" type="PPrel">
        <subtype name="activation" value="--&gt;"/>
        <subtype name="indirect effect" value="..&gt;"/>
    </relation>
    <relation entry1="223" entry2="224" type="PPrel">
        <subtype name="activation" value="--&gt;"/>
        <subtype name="phosphorylation" value="+p"/>
    </relation>
    <relation entry1="224" entry2="304" type="PPrel">
        <subtype name="activation" value="--&gt;"/>
        <subtype name="phosphorylation" value="+p"/>
    </relation>
    <relation entry1="307" entry2="304" type="PPrel">
        <subtype name="activation" value="--&gt;"/>
    </relation>
    <relation entry1="307" entry2="225" type="PPrel">
        <subtype name="inhibition" value="--|"/>
    </relation>
    <relation entry1="224" entry2="225" type="PPrel">
        <subtype name="inhibition" value="--|"/>
        <subtype name="phosphorylation" value="+p"/>
    </relation>
    <relation entry1="304" entry2="222" type="PPrel">
        <subtype name="inhibition" value="--|"/>
        <subtype name="phosphorylation" value="+p"/>
    </relation>
    <relation entry1="225" entry2="222" type="PPrel">
        <subtype name="activation" value="--&gt;"/>
        <subtype name="dephosphorylation" value="-p"/>
    </relation>
    <relation entry1="232" entry2="222" type="PPrel">
        <subtype name="inhibition" value="--|"/>
    </relation>
    <relation entry1="288" entry2="219" type="PPrel">
        <subtype name="inhibition" value="--|"/>
        <subtype name="indirect effect" value="..&gt;"/>
    </relation>
    <relation entry1="289" entry2="288" type="PPrel">
        <subtype name="binding/association" value="---"/>
    </relation>
    <relation entry1="376" entry2="377" type="PPrel">
        <subtype name="binding/association" value="---"/>
    </relation>
    <relation entry1="377" entry2="33" type="PPrel">
        <subtype name="binding/association" value="---"/>
    </relation>
    <relation entry1="33" entry2="115" type="PPrel">
        <subtype name="binding/association" value="---"/>
    </relation>
    <relation entry1="378" entry2="320" type="PPrel">
        <subtype name="activation" value="--&gt;"/>
        <subtype name="ubiquitination" value="+u"/>
    </relation>
    <relation entry1="83" entry2="342" type="PPrel">
        <subtype name="activation" value="--&gt;"/>
        <subtype name="indirect effect" value="..&gt;"/>
    </relation>
    <relation entry1="145" entry2="342" type="PPrel">
        <subtype name="activation" value="--&gt;"/>
        <subtype name="indirect effect" value="..&gt;"/>
    </relation>
    <relation entry1="91" entry2="87" type="PCrel">
        <subtype name="activation" value="--&gt;"/>
        <subtype name="indirect effect" value="..&gt;"/>
    </relation>
    <relation entry1="324" entry2="325" type="PPrel">
        <subtype name="binding/association" value="---"/>
    </relation>
    <relation entry1="325" entry2="327" type="PPrel">
        <subtype name="binding/association" value="---"/>
    </relation>
    <relation entry1="253" entry2="201" type="PPrel">
        <subtype name="activation" value="--&gt;"/>
        <subtype name="indirect effect" value="..&gt;"/>
    </relation>
    <relation entry1="33" entry2="34" type="PPrel">
        <subtype name="state change" value="..."/>
    </relation>
    <relation entry1="175" entry2="369" type="PPrel">
        <subtype name="activation" value="--&gt;"/>
    </relation>
    <relation entry1="176" entry2="369" type="PPrel">
        <subtype name="activation" value="--&gt;"/>
    </relation>
    <relation entry1="177" entry2="369" type="PPrel">
        <subtype name="activation" value="--&gt;"/>
    </relation>
</pathway>
