<?xml version="1.0"?>
<!DOCTYPE pathway SYSTEM "https://www.kegg.jp/kegg/xml/KGML_v0.7.2_.dtd">
<!-- Creation date: Dec 21, 2018 12:00:10 +0900 (GMT+9) -->
<pathway name="path:ko05203" org="ko" number="05203"
         title="Viral carcinogenesis"
         image="https://www.kegg.jp/kegg/pathway/ko/ko05203.png"
         link="https://www.kegg.jp/kegg-bin/show_pathway?ko05203">
    <entry id="2" name="path:ko05203" type="map"
        link="https://www.kegg.jp/dbget-bin/www_bget?ko05203">
        <graphics name="TITLE:Viral carcinogenesis" fgcolor="#000000" bgcolor="#FFFFFF"
             type="roundrectangle" x="143" y="58" width="206" height="25"/>
    </entry>
    <entry id="4" name="path:ko04115" type="map"
        link="https://www.kegg.jp/dbget-bin/www_bget?ko04115">
        <graphics name="p53 signaling pathway" fgcolor="#000000" bgcolor="#FFFFFF"
             type="roundrectangle" x="1293" y="353" width="109" height="34"/>
    </entry>
    <entry id="5" name="ko:K19461" type="ortholog"
        link="https://www.kegg.jp/dbget-bin/www_bget?K19461">
        <graphics name="K19461" fgcolor="#000000" bgcolor="#BFBFFF"
             type="rectangle" x="784" y="236" width="46" height="17"/>
    </entry>
    <entry id="6" name="ko:K19457" type="ortholog"
        link="https://www.kegg.jp/dbget-bin/www_bget?K19457">
        <graphics name="K19457" fgcolor="#000000" bgcolor="#BFBFFF"
             type="rectangle" x="784" y="399" width="46" height="17"/>
    </entry>
    <entry id="7" name="ko:K21855" type="ortholog"
        link="https://www.kegg.jp/dbget-bin/www_bget?K21855">
        <graphics name="K21855" fgcolor="#000000" bgcolor="#BFBFFF"
             type="rectangle" x="784" y="469" width="46" height="17"/>
    </entry>
    <entry id="8" name="ko:K19459" type="ortholog"
        link="https://www.kegg.jp/dbget-bin/www_bget?K19459">
        <graphics name="K19459" fgcolor="#000000" bgcolor="#BFBFFF"
             type="rectangle" x="784" y="810" width="46" height="17"/>
    </entry>
    <entry id="9" name="ko:K19460" type="ortholog"
        link="https://www.kegg.jp/dbget-bin/www_bget?K19460">
        <graphics name="K19460" fgcolor="#000000" bgcolor="#BFBFFF"
             type="rectangle" x="784" y="929" width="46" height="17"/>
    </entry>
    <entry id="10" name="ko:K21807" type="ortholog"
        link="https://www.kegg.jp/dbget-bin/www_bget?K21807">
        <graphics name="K21807" fgcolor="#000000" bgcolor="#BFBFFF"
             type="rectangle" x="1112" y="319" width="46" height="17"/>
    </entry>
    <entry id="11" name="ko:K21809" type="ortholog"
        link="https://www.kegg.jp/dbget-bin/www_bget?K21809">
        <graphics name="K21809" fgcolor="#000000" bgcolor="#BFBFFF"
             type="rectangle" x="1112" y="649" width="46" height="17"/>
    </entry>
    <entry id="12" name="ko:K21807" type="ortholog"
        link="https://www.kegg.jp/dbget-bin/www_bget?K21807">
        <graphics name="K21807" fgcolor="#000000" bgcolor="#BFBFFF"
             type="rectangle" x="1112" y="442" width="46" height="17"/>
    </entry>
    <entry id="13" name="ko:K21809" type="ortholog"
        link="https://www.kegg.jp/dbget-bin/www_bget?K21809">
        <graphics name="K21809" fgcolor="#000000" bgcolor="#BFBFFF"
             type="rectangle" x="1112" y="899" width="46" height="17"/>
    </entry>
    <entry id="14" name="ko:K04451" type="ortholog"
        link="https://www.kegg.jp/dbget-bin/www_bget?K04451">
        <graphics name="K04451" fgcolor="#000000" bgcolor="#BFBFFF"
             type="rectangle" x="1194" y="304" width="46" height="17"/>
    </entry>
    <entry id="15" name="ko:K10587" type="ortholog"
        link="https://www.kegg.jp/dbget-bin/www_bget?K10587">
        <graphics name="K10587" fgcolor="#000000" bgcolor="#BFBFFF"
             type="rectangle" x="1194" y="287" width="46" height="17"/>
    </entry>
    <entry id="16" name="ko:K12076" type="ortholog"
        link="https://www.kegg.jp/dbget-bin/www_bget?K12076">
        <graphics name="K12076" fgcolor="#000000" bgcolor="#BFBFFF"
             type="rectangle" x="1194" y="386" width="46" height="17"/>
    </entry>
    <entry id="17" name="ko:K16175" type="ortholog"
        link="https://www.kegg.jp/dbget-bin/www_bget?K16175">
        <graphics name="K16175" fgcolor="#000000" bgcolor="#BFBFFF"
             type="rectangle" x="1194" y="412" width="46" height="17"/>
    </entry>
    <entry id="18" name="ko:K05760" type="ortholog"
        link="https://www.kegg.jp/dbget-bin/www_bget?K05760">
        <graphics name="K05760" fgcolor="#000000" bgcolor="#BFBFFF"
             type="rectangle" x="1194" y="442" width="46" height="17"/>
    </entry>
    <entry id="19" name="ko:K14021" type="ortholog"
        link="https://www.kegg.jp/dbget-bin/www_bget?K14021">
        <graphics name="K14021" fgcolor="#000000" bgcolor="#BFBFFF"
             type="rectangle" x="1194" y="469" width="46" height="17"/>
    </entry>
    <entry id="20" name="ko:K05411" type="ortholog"
        link="https://www.kegg.jp/dbget-bin/www_bget?K05411">
        <graphics name="K05411" fgcolor="#000000" bgcolor="#BFBFFF"
             type="rectangle" x="1194" y="498" width="46" height="17"/>
    </entry>
    <entry id="21" name="ko:K06618" type="ortholog"
        link="https://www.kegg.jp/dbget-bin/www_bget?K06618">
        <graphics name="K06618" fgcolor="#000000" bgcolor="#BFBFFF"
             type="rectangle" x="1194" y="568" width="46" height="17"/>
    </entry>
    <entry id="22" name="ko:K04681" type="ortholog"
        link="https://www.kegg.jp/dbget-bin/www_bget?K04681">
        <graphics name="K04681" fgcolor="#000000" bgcolor="#BFBFFF"
             type="rectangle" x="1194" y="597" width="46" height="17"/>
    </entry>
    <entry id="23" name="ko:K16332" type="ortholog"
        link="https://www.kegg.jp/dbget-bin/www_bget?K16332">
        <graphics name="K16332" fgcolor="#000000" bgcolor="#BFBFFF"
             type="rectangle" x="1194" y="624" width="46" height="17"/>
    </entry>
    <entry id="24" name="ko:K03120" type="ortholog"
        link="https://www.kegg.jp/dbget-bin/www_bget?K03120">
        <graphics name="K03120" fgcolor="#000000" bgcolor="#BFBFFF"
             type="rectangle" x="1194" y="838" width="46" height="17"/>
    </entry>
    <entry id="25" name="ko:K03062" type="ortholog"
        link="https://www.kegg.jp/dbget-bin/www_bget?K03062">
        <graphics name="K03062" fgcolor="#000000" bgcolor="#BFBFFF"
             type="rectangle" x="1194" y="528" width="46" height="17"/>
    </entry>
    <entry id="26" name="ko:K11643" type="ortholog"
        link="https://www.kegg.jp/dbget-bin/www_bget?K11643">
        <graphics name="K11643" fgcolor="#000000" bgcolor="#BFBFFF"
             type="rectangle" x="1194" y="897" width="46" height="17"/>
    </entry>
    <entry id="27" name="ko:K04448" type="ortholog"
        link="https://www.kegg.jp/dbget-bin/www_bget?K04448">
        <graphics name="K04448" fgcolor="#000000" bgcolor="#BFBFFF"
             type="rectangle" x="1194" y="867" width="46" height="17"/>
    </entry>
    <entry id="42" name="ko:K04693" type="ortholog"
        link="https://www.kegg.jp/dbget-bin/www_bget?K04693">
        <graphics name="K04693" fgcolor="#000000" bgcolor="#BFBFFF"
             type="rectangle" x="1194" y="971" width="46" height="17"/>
    </entry>
    <entry id="46" name="path:ko04110" type="map"
        link="https://www.kegg.jp/dbget-bin/www_bget?ko04110">
        <graphics name="Cell cycle" fgcolor="#000000" bgcolor="#FFFFFF"
             type="roundrectangle" x="1293" y="757" width="109" height="25"/>
    </entry>
    <entry id="49" name="ko:K21653" type="ortholog"
        link="https://www.kegg.jp/dbget-bin/www_bget?K21653">
        <graphics name="K21653" fgcolor="#000000" bgcolor="#BFBFFF"
             type="rectangle" x="1776" y="220" width="46" height="17"/>
    </entry>
    <entry id="50" name="ko:K21654" type="ortholog"
        link="https://www.kegg.jp/dbget-bin/www_bget?K21654">
        <graphics name="K21654" fgcolor="#000000" bgcolor="#BFBFFF"
             type="rectangle" x="1776" y="243" width="46" height="17"/>
    </entry>
    <entry id="51" name="ko:K21652" type="ortholog"
        link="https://www.kegg.jp/dbget-bin/www_bget?K21652">
        <graphics name="K21652" fgcolor="#000000" bgcolor="#BFBFFF"
             type="rectangle" x="1776" y="267" width="46" height="17"/>
    </entry>
    <entry id="52" name="ko:K21858" type="ortholog"
        link="https://www.kegg.jp/dbget-bin/www_bget?K21858">
        <graphics name="K21858" fgcolor="#000000" bgcolor="#BFBFFF"
             type="rectangle" x="1776" y="290" width="46" height="17"/>
    </entry>
    <entry id="53" name="ko:K21859" type="ortholog"
        link="https://www.kegg.jp/dbget-bin/www_bget?K21859">
        <graphics name="K21859" fgcolor="#000000" bgcolor="#BFBFFF"
             type="rectangle" x="1776" y="315" width="46" height="17"/>
    </entry>
    <entry id="54" name="ko:K21650" type="ortholog"
        link="https://www.kegg.jp/dbget-bin/www_bget?K21650">
        <graphics name="K21650" fgcolor="#000000" bgcolor="#BFBFFF"
             type="rectangle" x="1776" y="345" width="46" height="17"/>
    </entry>
    <entry id="55" name="ko:K21670" type="ortholog"
        link="https://www.kegg.jp/dbget-bin/www_bget?K21670">
        <graphics name="K21670" fgcolor="#000000" bgcolor="#BFBFFF"
             type="rectangle" x="1776" y="381" width="46" height="17"/>
    </entry>
    <entry id="56" name="ko:K21659" type="ortholog"
        link="https://www.kegg.jp/dbget-bin/www_bget?K21659">
        <graphics name="K21659" fgcolor="#000000" bgcolor="#BFBFFF"
             type="rectangle" x="1776" y="415" width="46" height="17"/>
    </entry>
    <entry id="57" name="ko:K21657" type="ortholog"
        link="https://www.kegg.jp/dbget-bin/www_bget?K21657">
        <graphics name="K21657" fgcolor="#000000" bgcolor="#BFBFFF"
             type="rectangle" x="1776" y="444" width="46" height="17"/>
    </entry>
    <entry id="58" name="ko:K21658" type="ortholog"
        link="https://www.kegg.jp/dbget-bin/www_bget?K21658">
        <graphics name="K21658" fgcolor="#000000" bgcolor="#BFBFFF"
             type="rectangle" x="1776" y="480" width="46" height="17"/>
    </entry>
    <entry id="59" name="ko:K21667" type="ortholog"
        link="https://www.kegg.jp/dbget-bin/www_bget?K21667">
        <graphics name="K21667" fgcolor="#000000" bgcolor="#BFBFFF"
             type="rectangle" x="1776" y="852" width="46" height="17"/>
    </entry>
    <entry id="60" name="ko:K21656" type="ortholog"
        link="https://www.kegg.jp/dbget-bin/www_bget?K21656">
        <graphics name="K21656" fgcolor="#000000" bgcolor="#BFBFFF"
             type="rectangle" x="1776" y="518" width="46" height="17"/>
    </entry>
    <entry id="61" name="ko:K21662" type="ortholog"
        link="https://www.kegg.jp/dbget-bin/www_bget?K21662">
        <graphics name="K21662" fgcolor="#000000" bgcolor="#BFBFFF"
             type="rectangle" x="1776" y="556" width="46" height="17"/>
    </entry>
    <entry id="62" name="ko:K21660" type="ortholog"
        link="https://www.kegg.jp/dbget-bin/www_bget?K21660">
        <graphics name="K21660" fgcolor="#000000" bgcolor="#BFBFFF"
             type="rectangle" x="1776" y="720" width="46" height="17"/>
    </entry>
    <entry id="63" name="ko:K21661" type="ortholog"
        link="https://www.kegg.jp/dbget-bin/www_bget?K21661">
        <graphics name="K21661" fgcolor="#000000" bgcolor="#BFBFFF"
             type="rectangle" x="1777" y="583" width="48" height="17"/>
    </entry>
    <entry id="64" name="ko:K21649" type="ortholog"
        link="https://www.kegg.jp/dbget-bin/www_bget?K21649">
        <graphics name="K21649" fgcolor="#000000" bgcolor="#BFBFFF"
             type="rectangle" x="1776" y="771" width="46" height="17"/>
    </entry>
    <entry id="65" name="ko:K21665" type="ortholog"
        link="https://www.kegg.jp/dbget-bin/www_bget?K21665">
        <graphics name="K21665" fgcolor="#000000" bgcolor="#BFBFFF"
             type="rectangle" x="1776" y="793" width="46" height="17"/>
    </entry>
    <entry id="66" name="ko:K21666" type="ortholog"
        link="https://www.kegg.jp/dbget-bin/www_bget?K21666">
        <graphics name="K21666" fgcolor="#000000" bgcolor="#BFBFFF"
             type="rectangle" x="1776" y="817" width="46" height="17"/>
    </entry>
    <entry id="67" name="ko:K21669" type="ortholog"
        link="https://www.kegg.jp/dbget-bin/www_bget?K21669">
        <graphics name="K21669" fgcolor="#000000" bgcolor="#BFBFFF"
             type="rectangle" x="1776" y="877" width="46" height="17"/>
    </entry>
    <entry id="68" name="ko:K21651" type="ortholog"
        link="https://www.kegg.jp/dbget-bin/www_bget?K21651">
        <graphics name="K21651" fgcolor="#000000" bgcolor="#BFBFFF"
             type="rectangle" x="1776" y="901" width="46" height="17"/>
    </entry>
    <entry id="69" name="ko:K21860" type="ortholog"
        link="https://www.kegg.jp/dbget-bin/www_bget?K21860">
        <graphics name="K21860" fgcolor="#000000" bgcolor="#BFBFFF"
             type="rectangle" x="1776" y="931" width="46" height="17"/>
    </entry>
    <entry id="70" name="ko:K21861" type="ortholog"
        link="https://www.kegg.jp/dbget-bin/www_bget?K21861">
        <graphics name="K21861" fgcolor="#000000" bgcolor="#BFBFFF"
             type="rectangle" x="1776" y="958" width="46" height="17"/>
    </entry>
    <entry id="71" name="ko:K04451" type="ortholog"
        link="https://www.kegg.jp/dbget-bin/www_bget?K04451">
        <graphics name="K04451" fgcolor="#000000" bgcolor="#BFBFFF"
             type="rectangle" x="1859" y="269" width="46" height="17"/>
    </entry>
    <entry id="72" name="ko:K04451" type="ortholog"
        link="https://www.kegg.jp/dbget-bin/www_bget?K04451">
        <graphics name="K04451" fgcolor="#000000" bgcolor="#BFBFFF"
             type="rectangle" x="1859" y="345" width="46" height="17"/>
    </entry>
    <entry id="79" name="ko:K02187 ko:K04398" type="ortholog"
        link="https://www.kegg.jp/dbget-bin/www_bget?K02187+K04398">
        <graphics name="K02187..." fgcolor="#000000" bgcolor="#BFBFFF"
             type="rectangle" x="1859" y="583" width="46" height="17"/>
    </entry>
    <entry id="80" name="ko:K07210" type="ortholog"
        link="https://www.kegg.jp/dbget-bin/www_bget?K07210">
        <graphics name="K07210" fgcolor="#000000" bgcolor="#BFBFFF"
             type="rectangle" x="1859" y="556" width="46" height="17"/>
    </entry>
    <entry id="86" name="ko:K02159" type="ortholog"
        link="https://www.kegg.jp/dbget-bin/www_bget?K02159">
        <graphics name="K02159" fgcolor="#000000" bgcolor="#BFBFFF"
             type="rectangle" x="1859" y="697" width="46" height="17"/>
    </entry>
    <entry id="87" name="ko:K02158" type="ortholog"
        link="https://www.kegg.jp/dbget-bin/www_bget?K02158">
        <graphics name="K02158" fgcolor="#000000" bgcolor="#BFBFFF"
             type="rectangle" x="1859" y="720" width="46" height="17"/>
    </entry>
    <entry id="88" name="ko:K10131" type="ortholog"
        link="https://www.kegg.jp/dbget-bin/www_bget?K10131">
        <graphics name="K10131" fgcolor="#000000" bgcolor="#BFBFFF"
             type="rectangle" x="1859" y="742" width="46" height="17"/>
    </entry>
    <entry id="95" name="path:ko04210" type="map"
        link="https://www.kegg.jp/dbget-bin/www_bget?ko04210">
        <graphics name="Apoptosis" fgcolor="#000000" bgcolor="#FFFFFF"
             type="roundrectangle" x="1957" y="745" width="109" height="25"/>
    </entry>
    <entry id="96" name="ko:K04451" type="ortholog"
        link="https://www.kegg.jp/dbget-bin/www_bget?K04451">
        <graphics name="K04451" fgcolor="#000000" bgcolor="#BFBFFF"
             type="rectangle" x="1859" y="610" width="46" height="17"/>
    </entry>
    <entry id="97" name="ko:K06618" type="ortholog"
        link="https://www.kegg.jp/dbget-bin/www_bget?K06618">
        <graphics name="K06618" fgcolor="#000000" bgcolor="#BFBFFF"
             type="rectangle" x="1859" y="640" width="46" height="17"/>
    </entry>
    <entry id="103" name="ko:K03172 ko:K03173 ko:K03174 ko:K09849" type="ortholog"
        link="https://www.kegg.jp/dbget-bin/www_bget?K03172+K03173+K03174+K09849">
        <graphics name="K03172..." fgcolor="#000000" bgcolor="#BFBFFF"
             type="rectangle" x="1859" y="901" width="46" height="17"/>
    </entry>
    <entry id="104" name="path:ko04115" type="map"
        link="https://www.kegg.jp/dbget-bin/www_bget?ko04115">
        <graphics name="p53 signaling pathway" fgcolor="#000000" bgcolor="#FFFFFF"
             type="roundrectangle" x="1957" y="292" width="109" height="34"/>
    </entry>
    <entry id="105" name="ko:K21854" type="ortholog"
        link="https://www.kegg.jp/dbget-bin/www_bget?K21854">
        <graphics name="K21854" fgcolor="#000000" bgcolor="#BFBFFF"
             type="rectangle" x="125" y="263" width="46" height="17"/>
    </entry>
    <entry id="106" name="ko:K21854" type="ortholog"
        link="https://www.kegg.jp/dbget-bin/www_bget?K21854">
        <graphics name="K21854" fgcolor="#000000" bgcolor="#BFBFFF"
             type="rectangle" x="125" y="442" width="46" height="17"/>
    </entry>
    <entry id="107" name="ko:K21854" type="ortholog"
        link="https://www.kegg.jp/dbget-bin/www_bget?K21854">
        <graphics name="K21854" fgcolor="#000000" bgcolor="#BFBFFF"
             type="rectangle" x="125" y="664" width="46" height="17"/>
    </entry>
    <entry id="108" name="ko:K05704" type="ortholog"
        link="https://www.kegg.jp/dbget-bin/www_bget?K05704">
        <graphics name="K05704" fgcolor="#000000" bgcolor="#BFBFFF"
             type="rectangle" x="207" y="221" width="46" height="17"/>
    </entry>
    <entry id="109" name="ko:K10610" type="ortholog"
        link="https://www.kegg.jp/dbget-bin/www_bget?K10610">
        <graphics name="K10610" fgcolor="#000000" bgcolor="#BFBFFF"
             type="rectangle" x="207" y="352" width="46" height="17"/>
    </entry>
    <entry id="110" name="ko:K04371" type="ortholog"
        link="https://www.kegg.jp/dbget-bin/www_bget?K04371">
        <graphics name="K04371" fgcolor="#000000" bgcolor="#BFBFFF"
             type="rectangle" x="207" y="274" width="46" height="17"/>
    </entry>
    <entry id="111" name="ko:K05870 ko:K04450 ko:K04374 ko:K09048 ko:K09047 ko:K09049" type="ortholog"
        link="https://www.kegg.jp/dbget-bin/www_bget?K05870+K04450+K04374+K09048+K09047+K09049">
        <graphics name="K05870..." fgcolor="#000000" bgcolor="#BFBFFF"
             type="rectangle" x="207" y="303" width="46" height="17"/>
    </entry>
    <entry id="112" name="ko:K11217" type="ortholog"
        link="https://www.kegg.jp/dbget-bin/www_bget?K11217">
        <graphics name="K11217" fgcolor="#000000" bgcolor="#BFBFFF"
             type="rectangle" x="207" y="426" width="46" height="17"/>
    </entry>
    <entry id="113" name="ko:K04692 ko:K11223 ko:K11224" type="ortholog"
        link="https://www.kegg.jp/dbget-bin/www_bget?K04692+K11223+K11224">
        <graphics name="K04692..." fgcolor="#000000" bgcolor="#BFBFFF"
             type="rectangle" x="207" y="462" width="46" height="17"/>
    </entry>
    <entry id="114" name="ko:K00922 ko:K02649" type="ortholog"
        link="https://www.kegg.jp/dbget-bin/www_bget?K00922+K02649">
        <graphics name="K00922..." fgcolor="#000000" bgcolor="#BFBFFF"
             type="rectangle" x="207" y="645" width="46" height="17"/>
    </entry>
    <entry id="115" name="ko:K04735 ko:K09254 ko:K04469 ko:K02580" type="ortholog"
        link="https://www.kegg.jp/dbget-bin/www_bget?K04735+K09254+K04469+K02580">
        <graphics name="K04735..." fgcolor="#000000" bgcolor="#BFBFFF"
             type="rectangle" x="207" y="685" width="46" height="17"/>
    </entry>
    <entry id="116" name="ko:K12496 ko:K12497" type="ortholog"
        link="https://www.kegg.jp/dbget-bin/www_bget?K12496+K12497">
        <graphics name="K12496..." fgcolor="#000000" bgcolor="#BFBFFF"
             type="rectangle" x="207" y="921" width="46" height="17"/>
    </entry>
    <entry id="117" name="ko:K21854" type="ortholog"
        link="https://www.kegg.jp/dbget-bin/www_bget?K21854">
        <graphics name="K21854" fgcolor="#000000" bgcolor="#BFBFFF"
             type="rectangle" x="125" y="515" width="46" height="17"/>
    </entry>
    <entry id="118" name="ko:K21854" type="ortholog"
        link="https://www.kegg.jp/dbget-bin/www_bget?K21854">
        <graphics name="K21854" fgcolor="#000000" bgcolor="#BFBFFF"
             type="rectangle" x="125" y="761" width="46" height="17"/>
    </entry>
    <entry id="119" name="ko:K04451" type="ortholog"
        link="https://www.kegg.jp/dbget-bin/www_bget?K04451">
        <graphics name="K04451" fgcolor="#000000" bgcolor="#BFBFFF"
             type="rectangle" x="207" y="761" width="46" height="17"/>
    </entry>
    <entry id="120" name="ko:K21854" type="ortholog"
        link="https://www.kegg.jp/dbget-bin/www_bget?K21854">
        <graphics name="K21854" fgcolor="#000000" bgcolor="#BFBFFF"
             type="rectangle" x="125" y="848" width="46" height="17"/>
    </entry>
    <entry id="121" name="ko:K02206" type="ortholog"
        link="https://www.kegg.jp/dbget-bin/www_bget?K02206">
        <graphics name="K02206" fgcolor="#000000" bgcolor="#BFBFFF"
             type="rectangle" x="207" y="858" width="46" height="17"/>
    </entry>
    <entry id="122" name="ko:K21857" type="ortholog"
        link="https://www.kegg.jp/dbget-bin/www_bget?K21857">
        <graphics name="K21857" fgcolor="#000000" bgcolor="#BFBFFF"
             type="rectangle" x="1448" y="787" width="46" height="17"/>
    </entry>
    <entry id="123" name="ko:K21857" type="ortholog"
        link="https://www.kegg.jp/dbget-bin/www_bget?K21857">
        <graphics name="K21857" fgcolor="#000000" bgcolor="#BFBFFF"
             type="rectangle" x="1448" y="949" width="46" height="17"/>
    </entry>
    <entry id="124" name="ko:K21857" type="ortholog"
        link="https://www.kegg.jp/dbget-bin/www_bget?K21857">
        <graphics name="K21857" fgcolor="#000000" bgcolor="#BFBFFF"
             type="rectangle" x="1448" y="267" width="46" height="17"/>
    </entry>
    <entry id="125" name="ko:K21857" type="ortholog"
        link="https://www.kegg.jp/dbget-bin/www_bget?K21857">
        <graphics name="K21857" fgcolor="#000000" bgcolor="#BFBFFF"
             type="rectangle" x="1448" y="616" width="46" height="17"/>
    </entry>
    <entry id="126" name="ko:K02089 ko:K02091" type="ortholog"
        link="https://www.kegg.jp/dbget-bin/www_bget?K02089+K02091">
        <graphics name="K02089..." fgcolor="#000000" bgcolor="#BFBFFF"
             type="rectangle" x="1532" y="677" width="46" height="17"/>
    </entry>
    <entry id="127" name="ko:K06621 ko:K04685" type="ortholog"
        link="https://www.kegg.jp/dbget-bin/www_bget?K06621+K04685">
        <graphics name="K06621..." fgcolor="#000000" bgcolor="#BFBFFF"
             type="rectangle" x="1532" y="721" width="46" height="17"/>
    </entry>
    <entry id="128" name="ko:K06618" type="ortholog"
        link="https://www.kegg.jp/dbget-bin/www_bget?K06618">
        <graphics name="K06618" fgcolor="#000000" bgcolor="#BFBFFF"
             type="rectangle" x="1532" y="747" width="46" height="17"/>
    </entry>
    <entry id="129" name="ko:K12076" type="ortholog"
        link="https://www.kegg.jp/dbget-bin/www_bget?K12076">
        <graphics name="K12076" fgcolor="#000000" bgcolor="#BFBFFF"
             type="rectangle" x="1532" y="772" width="46" height="17"/>
    </entry>
    <entry id="130" name="ko:K02330" type="ortholog"
        link="https://www.kegg.jp/dbget-bin/www_bget?K02330">
        <graphics name="K02330" fgcolor="#000000" bgcolor="#BFBFFF"
             type="rectangle" x="1532" y="939" width="46" height="17"/>
    </entry>
    <entry id="131" name="ko:K04451" type="ortholog"
        link="https://www.kegg.jp/dbget-bin/www_bget?K04451">
        <graphics name="K04451" fgcolor="#000000" bgcolor="#BFBFFF"
             type="rectangle" x="1532" y="965" width="46" height="17"/>
    </entry>
    <entry id="132" name="ko:K06679" type="ortholog"
        link="https://www.kegg.jp/dbget-bin/www_bget?K06679">
        <graphics name="K06679" fgcolor="#000000" bgcolor="#BFBFFF"
             type="rectangle" x="1532" y="859" width="46" height="17"/>
    </entry>
    <entry id="133" name="ko:K15305" type="ortholog"
        link="https://www.kegg.jp/dbget-bin/www_bget?K15305">
        <graphics name="K15305" fgcolor="#000000" bgcolor="#BFBFFF"
             type="rectangle" x="1532" y="884" width="46" height="17"/>
    </entry>
    <entry id="134" name="ko:K15306" type="ortholog"
        link="https://www.kegg.jp/dbget-bin/www_bget?K15306">
        <graphics name="K15306" fgcolor="#000000" bgcolor="#BFBFFF"
             type="rectangle" x="1532" y="909" width="46" height="17"/>
    </entry>
    <entry id="135" name="ko:K06062" type="ortholog"
        link="https://www.kegg.jp/dbget-bin/www_bget?K06062">
        <graphics name="K06062" fgcolor="#000000" bgcolor="#BFBFFF"
             type="rectangle" x="1532" y="212" width="46" height="17"/>
    </entry>
    <entry id="136" name="ko:K05870 ko:K04450 ko:K04374 ko:K09048 ko:K09047 ko:K09049" type="ortholog"
        link="https://www.kegg.jp/dbget-bin/www_bget?K05870+K04450+K04374+K09048+K09047+K09049">
        <graphics name="K05870..." fgcolor="#000000" bgcolor="#BFBFFF"
             type="rectangle" x="1532" y="305" width="46" height="17"/>
    </entry>
    <entry id="137" name="ko:K04378" type="ortholog"
        link="https://www.kegg.jp/dbget-bin/www_bget?K04378">
        <graphics name="K04378" fgcolor="#000000" bgcolor="#BFBFFF"
             type="rectangle" x="1532" y="328" width="46" height="17"/>
    </entry>
    <entry id="138" name="ko:K00922 ko:K02649" type="ortholog"
        link="https://www.kegg.jp/dbget-bin/www_bget?K00922+K02649">
        <graphics name="K00922..." fgcolor="#000000" bgcolor="#BFBFFF"
             type="rectangle" x="1532" y="616" width="46" height="17"/>
    </entry>
    <entry id="139" name="ko:K21857" type="ortholog"
        link="https://www.kegg.jp/dbget-bin/www_bget?K21857">
        <graphics name="K21857" fgcolor="#000000" bgcolor="#BFBFFF"
             type="rectangle" x="1448" y="394" width="46" height="17"/>
    </entry>
    <entry id="140" name="ko:K07210" type="ortholog"
        link="https://www.kegg.jp/dbget-bin/www_bget?K07210">
        <graphics name="K07210" fgcolor="#000000" bgcolor="#BFBFFF"
             type="rectangle" x="1532" y="367" width="46" height="17"/>
    </entry>
    <entry id="162" name="path:ko04110" type="map"
        link="https://www.kegg.jp/dbget-bin/www_bget?ko04110">
        <graphics name="Cell cycle" fgcolor="#000000" bgcolor="#FFFFFF"
             type="roundrectangle" x="1632" y="761" width="109" height="25"/>
    </entry>
    <entry id="163" name="path:ko04115" type="map"
        link="https://www.kegg.jp/dbget-bin/www_bget?ko04115">
        <graphics name="p53 signaling pathway" fgcolor="#000000" bgcolor="#FFFFFF"
             type="roundrectangle" x="1633" y="979" width="109" height="34"/>
    </entry>
    <entry id="164" name="path:ko05166" type="map"
        link="https://www.kegg.jp/dbget-bin/www_bget?ko05166">
        <graphics name="Human T-cell leukemia virus 1 infection" fgcolor="#000000" bgcolor="#FFFFFF"
             type="roundrectangle" x="1497" y="141" width="109" height="25"/>
    </entry>
    <entry id="165" name="path:ko05169" type="map"
        link="https://www.kegg.jp/dbget-bin/www_bget?ko05169">
        <graphics name="Epstein-Barr virus infection" fgcolor="#000000" bgcolor="#FFFFFF"
             type="roundrectangle" x="861" y="149" width="164" height="25"/>
    </entry>
    <entry id="171" name="ko:K03171" type="ortholog"
        link="https://www.kegg.jp/dbget-bin/www_bget?K03171">
        <graphics name="K03171" fgcolor="#000000" bgcolor="#BFBFFF"
             type="rectangle" x="868" y="754" width="46" height="17"/>
    </entry>
    <entry id="172" name="ko:K03172 ko:K03173 ko:K03174 ko:K09849" type="ortholog"
        link="https://www.kegg.jp/dbget-bin/www_bget?K03172+K03173+K03174+K09849">
        <graphics name="K03172..." fgcolor="#000000" bgcolor="#BFBFFF"
             type="rectangle" x="868" y="782" width="46" height="17"/>
    </entry>
    <entry id="173" name="ko:K05854" type="ortholog"
        link="https://www.kegg.jp/dbget-bin/www_bget?K05854">
        <graphics name="K05854" fgcolor="#000000" bgcolor="#BFBFFF"
             type="rectangle" x="868" y="914" width="46" height="17"/>
    </entry>
    <entry id="174" name="ko:K05855" type="ortholog"
        link="https://www.kegg.jp/dbget-bin/www_bget?K05855">
        <graphics name="K05855" fgcolor="#000000" bgcolor="#BFBFFF"
             type="rectangle" x="868" y="942" width="46" height="17"/>
    </entry>
    <entry id="179" name="path:ko04662" type="map"
        link="https://www.kegg.jp/dbget-bin/www_bget?ko04662">
        <graphics name="B cell receptor signaling pathway" fgcolor="#000000" bgcolor="#FFFFFF"
             type="roundrectangle" x="973" y="958" width="109" height="34"/>
    </entry>
    <entry id="180" name="ko:K11218" type="ortholog"
        link="https://www.kegg.jp/dbget-bin/www_bget?K11218">
        <graphics name="K11218" fgcolor="#000000" bgcolor="#BFBFFF"
             type="rectangle" x="868" y="848" width="46" height="17"/>
    </entry>
    <entry id="182" name="path:ko04630" type="map"
        link="https://www.kegg.jp/dbget-bin/www_bget?ko04630">
        <graphics name="JAK-STAT signaling pathway" fgcolor="#000000" bgcolor="#FFFFFF"
             type="roundrectangle" x="973" y="869" width="109" height="34"/>
    </entry>
    <entry id="183" name="path:ko04064" type="map"
        link="https://www.kegg.jp/dbget-bin/www_bget?ko04064">
        <graphics name="NF-kappa B signaling pathway" fgcolor="#000000" bgcolor="#FFFFFF"
             type="roundrectangle" x="973" y="813" width="109" height="34"/>
    </entry>
    <entry id="184" name="ko:K11838" type="ortholog"
        link="https://www.kegg.jp/dbget-bin/www_bget?K11838">
        <graphics name="K11838" fgcolor="#000000" bgcolor="#BFBFFF"
             type="rectangle" x="868" y="221" width="46" height="17"/>
    </entry>
    <entry id="185" name="ko:K06053" type="ortholog"
        link="https://www.kegg.jp/dbget-bin/www_bget?K06053">
        <graphics name="K06053" fgcolor="#000000" bgcolor="#BFBFFF"
             type="rectangle" x="868" y="491" width="46" height="17"/>
    </entry>
    <entry id="187" name="ko:K21856" type="ortholog"
        link="https://www.kegg.jp/dbget-bin/www_bget?K21856">
        <graphics name="K21856" fgcolor="#000000" bgcolor="#BFBFFF"
             type="rectangle" x="784" y="505" width="46" height="17"/>
    </entry>
    <entry id="188" name="ko:K19458" type="ortholog"
        link="https://www.kegg.jp/dbget-bin/www_bget?K19458">
        <graphics name="K19458" fgcolor="#000000" bgcolor="#BFBFFF"
             type="rectangle" x="784" y="602" width="46" height="17"/>
    </entry>
    <entry id="192" name="ko:K04451" type="ortholog"
        link="https://www.kegg.jp/dbget-bin/www_bget?K04451">
        <graphics name="K04451" fgcolor="#000000" bgcolor="#BFBFFF"
             type="rectangle" x="868" y="538" width="46" height="17"/>
    </entry>
    <entry id="193" name="ko:K04503 ko:K10151 ko:K10152" type="ortholog"
        link="https://www.kegg.jp/dbget-bin/www_bget?K04503+K10151+K10152">
        <graphics name="K04503..." fgcolor="#000000" bgcolor="#BFBFFF"
             type="rectangle" x="868" y="578" width="46" height="17"/>
    </entry>
    <entry id="194" name="ko:K02091" type="ortholog"
        link="https://www.kegg.jp/dbget-bin/www_bget?K02091">
        <graphics name="K02091" fgcolor="#000000" bgcolor="#BFBFFF"
             type="rectangle" x="868" y="595" width="46" height="17"/>
    </entry>
    <entry id="195" name="ko:K06627" type="ortholog"
        link="https://www.kegg.jp/dbget-bin/www_bget?K06627">
        <graphics name="K06627" fgcolor="#000000" bgcolor="#BFBFFF"
             type="rectangle" x="868" y="624" width="46" height="17"/>
    </entry>
    <entry id="196" name="ko:K02206" type="ortholog"
        link="https://www.kegg.jp/dbget-bin/www_bget?K02206">
        <graphics name="K02206" fgcolor="#000000" bgcolor="#BFBFFF"
             type="rectangle" x="868" y="641" width="46" height="17"/>
    </entry>
    <entry id="200" name="path:ko04115" type="map"
        link="https://www.kegg.jp/dbget-bin/www_bget?ko04115">
        <graphics name="p53 signaling pathway" fgcolor="#000000" bgcolor="#FFFFFF"
             type="roundrectangle" x="973" y="301" width="109" height="34"/>
    </entry>
    <entry id="203" name="ko:K06643" type="ortholog"
        link="https://www.kegg.jp/dbget-bin/www_bget?K06643">
        <graphics name="K06643" fgcolor="#000000" bgcolor="#BFBFFF"
             type="rectangle" x="868" y="288" width="46" height="17"/>
    </entry>
    <entry id="204" name="ko:K16174" type="ortholog"
        link="https://www.kegg.jp/dbget-bin/www_bget?K16174">
        <graphics name="K16174" fgcolor="#000000" bgcolor="#BFBFFF"
             type="rectangle" x="868" y="701" width="46" height="17"/>
    </entry>
    <entry id="207" name="path:ko04110" type="map"
        link="https://www.kegg.jp/dbget-bin/www_bget?ko04110">
        <graphics name="Cell cycle" fgcolor="#000000" bgcolor="#FFFFFF"
             type="roundrectangle" x="973" y="677" width="109" height="25"/>
    </entry>
    <entry id="208" name="ko:K06626" type="ortholog"
        link="https://www.kegg.jp/dbget-bin/www_bget?K06626">
        <graphics name="K06626" fgcolor="#000000" bgcolor="#BFBFFF"
             type="rectangle" x="1194" y="707" width="46" height="17"/>
    </entry>
    <entry id="209" name="ko:K02206" type="ortholog"
        link="https://www.kegg.jp/dbget-bin/www_bget?K02206">
        <graphics name="K02206" fgcolor="#000000" bgcolor="#BFBFFF"
             type="rectangle" x="1194" y="724" width="46" height="17"/>
    </entry>
    <entry id="210" name="ko:K06627" type="ortholog"
        link="https://www.kegg.jp/dbget-bin/www_bget?K06627">
        <graphics name="K06627" fgcolor="#000000" bgcolor="#BFBFFF"
             type="rectangle" x="1194" y="750" width="46" height="17"/>
    </entry>
    <entry id="211" name="ko:K02206" type="ortholog"
        link="https://www.kegg.jp/dbget-bin/www_bget?K02206">
        <graphics name="K02206" fgcolor="#000000" bgcolor="#BFBFFF"
             type="rectangle" x="1194" y="767" width="46" height="17"/>
    </entry>
    <entry id="215" name="ko:K10691" type="ortholog"
        link="https://www.kegg.jp/dbget-bin/www_bget?K10691">
        <graphics name="K10691" fgcolor="#000000" bgcolor="#BFBFFF"
             type="rectangle" x="1194" y="801" width="46" height="17"/>
    </entry>
    <entry id="218" name="ko:K05411" type="ortholog"
        link="https://www.kegg.jp/dbget-bin/www_bget?K05411">
        <graphics name="K05411" fgcolor="#000000" bgcolor="#BFBFFF"
             type="rectangle" x="1859" y="225" width="46" height="17"/>
    </entry>
    <entry id="221" name="ko:K04180" type="ortholog"
        link="https://www.kegg.jp/dbget-bin/www_bget?K04180">
        <graphics name="K04180" fgcolor="#000000" bgcolor="#BFBFFF"
             type="rectangle" x="1859" y="406" width="46" height="17"/>
    </entry>
    <entry id="222" name="ko:K04183" type="ortholog"
        link="https://www.kegg.jp/dbget-bin/www_bget?K04183">
        <graphics name="K04183" fgcolor="#000000" bgcolor="#BFBFFF"
             type="rectangle" x="1859" y="432" width="46" height="17"/>
    </entry>
    <entry id="223" name="ko:K04178" type="ortholog"
        link="https://www.kegg.jp/dbget-bin/www_bget?K04178">
        <graphics name="K04178" fgcolor="#000000" bgcolor="#BFBFFF"
             type="rectangle" x="1859" y="458" width="46" height="17"/>
    </entry>
    <entry id="224" name="ko:K04179" type="ortholog"
        link="https://www.kegg.jp/dbget-bin/www_bget?K04179">
        <graphics name="K04179" fgcolor="#000000" bgcolor="#BFBFFF"
             type="rectangle" x="1859" y="480" width="46" height="17"/>
    </entry>
    <entry id="230" name="path:ko04062" type="map"
        link="https://www.kegg.jp/dbget-bin/www_bget?ko04062">
        <graphics name="Chemokine signaling pathway" fgcolor="#000000" bgcolor="#FFFFFF"
             type="roundrectangle" x="1957" y="480" width="109" height="34"/>
    </entry>
    <entry id="236" name="path:ko04630" type="map"
        link="https://www.kegg.jp/dbget-bin/www_bget?ko04630">
        <graphics name="JAK-STAT signaling pathway" fgcolor="#000000" bgcolor="#FFFFFF"
             type="roundrectangle" x="308" y="474" width="109" height="34"/>
    </entry>
    <entry id="237" name="ko:K08665" type="ortholog"
        link="https://www.kegg.jp/dbget-bin/www_bget?K08665">
        <graphics name="K08665" fgcolor="#000000" bgcolor="#BFBFFF"
             type="rectangle" x="207" y="576" width="46" height="17"/>
    </entry>
    <entry id="238" name="path:ko04210" type="map"
        link="https://www.kegg.jp/dbget-bin/www_bget?ko04210">
        <graphics name="Apoptosis" fgcolor="#000000" bgcolor="#FFFFFF"
             type="roundrectangle" x="308" y="545" width="109" height="25"/>
    </entry>
    <entry id="241" name="path:ko04115" type="map"
        link="https://www.kegg.jp/dbget-bin/www_bget?ko04115">
        <graphics name="p53 signaling pathway" fgcolor="#000000" bgcolor="#FFFFFF"
             type="roundrectangle" x="309" y="806" width="109" height="34"/>
    </entry>
    <entry id="242" name="ko:K06626" type="ortholog"
        link="https://www.kegg.jp/dbget-bin/www_bget?K06626">
        <graphics name="K06626" fgcolor="#000000" bgcolor="#BFBFFF"
             type="rectangle" x="207" y="841" width="46" height="17"/>
    </entry>
    <entry id="244" name="path:ko04110" type="map"
        link="https://www.kegg.jp/dbget-bin/www_bget?ko04110">
        <graphics name="Cell cycle" fgcolor="#000000" bgcolor="#FFFFFF"
             type="roundrectangle" x="308" y="877" width="109" height="25"/>
    </entry>
    <entry id="245" name="ko:K02187" type="ortholog"
        link="https://www.kegg.jp/dbget-bin/www_bget?K02187">
        <graphics name="K02187" fgcolor="#000000" bgcolor="#BFBFFF"
             type="rectangle" x="207" y="515" width="46" height="17"/>
    </entry>
    <entry id="250" name="path:ko04064" type="map"
        link="https://www.kegg.jp/dbget-bin/www_bget?ko04064">
        <graphics name="NF-kappa B signaling pathway" fgcolor="#000000" bgcolor="#FFFFFF"
             type="roundrectangle" x="1632" y="429" width="109" height="34"/>
    </entry>
    <entry id="252" name="path:ko04064" type="map"
        link="https://www.kegg.jp/dbget-bin/www_bget?ko04064">
        <graphics name="NF-kappa B signaling pathway" fgcolor="#000000" bgcolor="#FFFFFF"
             type="roundrectangle" x="308" y="697" width="109" height="34"/>
    </entry>
    <entry id="253" name="path:ko04151" type="map"
        link="https://www.kegg.jp/dbget-bin/www_bget?ko04151">
        <graphics name="PI3K-Akt signaling pathway" fgcolor="#000000" bgcolor="#FFFFFF"
             type="roundrectangle" x="308" y="632" width="109" height="34"/>
    </entry>
    <entry id="254" name="path:ko04010" type="map"
        link="https://www.kegg.jp/dbget-bin/www_bget?ko04010">
        <graphics name="MAPK signaling pathway" fgcolor="#000000" bgcolor="#FFFFFF"
             type="roundrectangle" x="308" y="291" width="109" height="34"/>
    </entry>
    <entry id="256" name="ko:K21854" type="ortholog"
        link="https://www.kegg.jp/dbget-bin/www_bget?K21854">
        <graphics name="K21854" fgcolor="#000000" bgcolor="#BFBFFF"
             type="rectangle" x="125" y="933" width="46" height="17"/>
    </entry>
    <entry id="257" name="ko:K15041" type="ortholog"
        link="https://www.kegg.jp/dbget-bin/www_bget?K15041">
        <graphics name="K15041" fgcolor="#000000" bgcolor="#BFBFFF"
             type="rectangle" x="207" y="949" width="46" height="17"/>
    </entry>
    <entry id="260" name="path:ko04064" type="map"
        link="https://www.kegg.jp/dbget-bin/www_bget?ko04064">
        <graphics name="NF-kappa B signaling pathway" fgcolor="#000000" bgcolor="#FFFFFF"
             type="roundrectangle" x="1957" y="555" width="109" height="34"/>
    </entry>
    <entry id="261" name="ko:K02833 ko:K07827 ko:K07828" type="ortholog"
        link="https://www.kegg.jp/dbget-bin/www_bget?K02833+K07827+K07828">
        <graphics name="K02833..." fgcolor="#000000" bgcolor="#BFBFFF"
             type="rectangle" x="207" y="248" width="46" height="17"/>
    </entry>
    <entry id="267" name="ko:K21854" type="ortholog"
        link="https://www.kegg.jp/dbget-bin/www_bget?K21854">
        <graphics name="K21854" fgcolor="#000000" bgcolor="#BFBFFF"
             type="rectangle" x="125" y="367" width="46" height="17"/>
    </entry>
    <entry id="268" name="ko:K16197 ko:K06630 ko:K16198" type="ortholog"
        link="https://www.kegg.jp/dbget-bin/www_bget?K16197+K06630+K16198">
        <graphics name="K16197..." fgcolor="#000000" bgcolor="#BFBFFF"
             type="rectangle" x="207" y="382" width="46" height="17"/>
    </entry>
    <entry id="271" name="ko:K21854" type="ortholog"
        link="https://www.kegg.jp/dbget-bin/www_bget?K21854">
        <graphics name="K21854" fgcolor="#000000" bgcolor="#BFBFFF"
             type="rectangle" x="125" y="576" width="46" height="17"/>
    </entry>
    <entry id="278" name="ko:K03875" type="ortholog"
        link="https://www.kegg.jp/dbget-bin/www_bget?K03875">
        <graphics name="K03875" fgcolor="#000000" bgcolor="#BFBFFF"
             type="rectangle" x="868" y="668" width="46" height="17"/>
    </entry>
    <entry id="280" name="ko:K06053" type="ortholog"
        link="https://www.kegg.jp/dbget-bin/www_bget?K06053">
        <graphics name="K06053" fgcolor="#000000" bgcolor="#BFBFFF"
             type="rectangle" x="868" y="337" width="46" height="17"/>
    </entry>
    <entry id="281" name="ko:K06063" type="ortholog"
        link="https://www.kegg.jp/dbget-bin/www_bget?K06063">
        <graphics name="K06063" fgcolor="#000000" bgcolor="#BFBFFF"
             type="rectangle" x="868" y="354" width="46" height="17"/>
    </entry>
    <entry id="282" name="ko:K03141 ko:K03142 ko:K03143 ko:K03144" type="ortholog"
        link="https://www.kegg.jp/dbget-bin/www_bget?K03141+K03142+K03143+K03144">
        <graphics name="K03141..." fgcolor="#000000" bgcolor="#BFBFFF"
             type="rectangle" x="868" y="379" width="46" height="17"/>
    </entry>
    <entry id="283" name="ko:K03136 ko:K03137" type="ortholog"
        link="https://www.kegg.jp/dbget-bin/www_bget?K03136+K03137">
        <graphics name="K03136..." fgcolor="#000000" bgcolor="#BFBFFF"
             type="rectangle" x="868" y="405" width="46" height="17"/>
    </entry>
    <entry id="284" name="ko:K15979" type="ortholog"
        link="https://www.kegg.jp/dbget-bin/www_bget?K15979">
        <graphics name="K15979" fgcolor="#000000" bgcolor="#BFBFFF"
             type="rectangle" x="868" y="422" width="46" height="17"/>
    </entry>
    <entry id="285" name="ko:K04498" type="ortholog"
        link="https://www.kegg.jp/dbget-bin/www_bget?K04498">
        <graphics name="K04498" fgcolor="#000000" bgcolor="#BFBFFF"
             type="rectangle" x="868" y="444" width="46" height="17"/>
    </entry>
    <entry id="286" name="ko:K03124" type="ortholog"
        link="https://www.kegg.jp/dbget-bin/www_bget?K03124">
        <graphics name="K03124" fgcolor="#000000" bgcolor="#BFBFFF"
             type="rectangle" x="868" y="467" width="46" height="17"/>
    </entry>
    <entry id="292" name="ko:K04451" type="ortholog"
        link="https://www.kegg.jp/dbget-bin/www_bget?K04451">
        <graphics name="K04451" fgcolor="#000000" bgcolor="#BFBFFF"
             type="rectangle" x="868" y="248" width="46" height="17"/>
    </entry>
    <entry id="298" name="path:ko03022" type="map"
        link="https://www.kegg.jp/dbget-bin/www_bget?ko03022">
        <graphics name="Basal transcription factors" fgcolor="#000000" bgcolor="#FFFFFF"
             type="roundrectangle" x="973" y="430" width="109" height="34"/>
    </entry>
    <entry id="303" name="ko:K19456" type="ortholog"
        link="https://www.kegg.jp/dbget-bin/www_bget?K19456">
        <graphics name="K19456" fgcolor="#000000" bgcolor="#BFBFFF"
             type="rectangle" x="784" y="362" width="46" height="17"/>
    </entry>
    <entry id="307" name="path:ko04151" type="map"
        link="https://www.kegg.jp/dbget-bin/www_bget?ko04151">
        <graphics name="PI3K-Akt signaling pathway" fgcolor="#000000" bgcolor="#FFFFFF"
             type="roundrectangle" x="1632" y="657" width="109" height="34"/>
    </entry>
    <entry id="308" name="ko:K02146" type="ortholog"
        link="https://www.kegg.jp/dbget-bin/www_bget?K02146">
        <graphics name="K02146" fgcolor="#000000" bgcolor="#BFBFFF"
             type="rectangle" x="1194" y="236" width="46" height="17"/>
    </entry>
    <entry id="309" name="ko:K21812" type="ortholog"
        link="https://www.kegg.jp/dbget-bin/www_bget?K21812">
        <graphics name="K21812" fgcolor="#000000" bgcolor="#BFBFFF"
             type="rectangle" x="1112" y="236" width="46" height="17"/>
    </entry>
    <entry id="313" name="path:ko04142" type="map"
        link="https://www.kegg.jp/dbget-bin/www_bget?ko04142">
        <graphics name="Lysosome" fgcolor="#000000" bgcolor="#FFFFFF"
             type="roundrectangle" x="1293" y="260" width="109" height="25"/>
    </entry>
    <entry id="314" name="ko:K09504" type="ortholog"
        link="https://www.kegg.jp/dbget-bin/www_bget?K09504">
        <graphics name="K09504" fgcolor="#000000" bgcolor="#BFBFFF"
             type="rectangle" x="1194" y="996" width="46" height="17"/>
    </entry>
    <entry id="320" name="ko:K06625" type="ortholog"
        link="https://www.kegg.jp/dbget-bin/www_bget?K06625">
        <graphics name="K06625" fgcolor="#000000" bgcolor="#BFBFFF"
             type="rectangle" x="1194" y="648" width="46" height="17"/>
    </entry>
    <entry id="321" name="ko:K06624" type="ortholog"
        link="https://www.kegg.jp/dbget-bin/www_bget?K06624">
        <graphics name="K06624" fgcolor="#000000" bgcolor="#BFBFFF"
             type="rectangle" x="1194" y="671" width="46" height="17"/>
    </entry>
    <entry id="326" name="ko:K04498" type="ortholog"
        link="https://www.kegg.jp/dbget-bin/www_bget?K04498">
        <graphics name="K04498" fgcolor="#000000" bgcolor="#BFBFFF"
             type="rectangle" x="1194" y="343" width="46" height="17"/>
    </entry>
    <entry id="337" name="ko:K00873" type="ortholog"
        link="https://www.kegg.jp/dbget-bin/www_bget?K00873">
        <graphics name="K00873" fgcolor="#000000" bgcolor="#BFBFFF"
             type="rectangle" x="1194" y="943" width="46" height="17"/>
    </entry>
    <entry id="342" name="ko:K06067 ko:K11404 ko:K11406 ko:K11407 ko:K11408 ko:K11405 ko:K11409 ko:K18671 ko:K11418" type="ortholog"
        link="https://www.kegg.jp/dbget-bin/www_bget?K06067+K11404+K11406+K11407+K11408+K11405+K11409+K18671+K11418">
        <graphics name="K06067..." fgcolor="#000000" bgcolor="#BFBFFF"
             type="rectangle" x="1194" y="914" width="46" height="17"/>
    </entry>
    <entry id="343" name="ko:K04498" type="ortholog"
        link="https://www.kegg.jp/dbget-bin/www_bget?K04498">
        <graphics name="K04498" fgcolor="#000000" bgcolor="#BFBFFF"
             type="rectangle" x="1532" y="236" width="46" height="17"/>
    </entry>
    <entry id="346" name="ko:K04735 ko:K09254 ko:K04469 ko:K02580" type="ortholog"
        link="https://www.kegg.jp/dbget-bin/www_bget?K04735+K09254+K04469+K02580">
        <graphics name="K04735..." fgcolor="#000000" bgcolor="#BFBFFF"
             type="rectangle" x="1532" y="424" width="46" height="17"/>
    </entry>
    <entry id="347" name="ko:K04503 ko:K10151 ko:K10152" type="ortholog"
        link="https://www.kegg.jp/dbget-bin/www_bget?K04503+K10151+K10152">
        <graphics name="K04503..." fgcolor="#000000" bgcolor="#BFBFFF"
             type="rectangle" x="1532" y="694" width="46" height="17"/>
    </entry>
    <entry id="348" name="ko:K08053" type="ortholog"
        link="https://www.kegg.jp/dbget-bin/www_bget?K08053">
        <graphics name="K08053" fgcolor="#000000" bgcolor="#BFBFFF"
             type="rectangle" x="1532" y="465" width="46" height="17"/>
    </entry>
    <entry id="349" name="ko:K04393" type="ortholog"
        link="https://www.kegg.jp/dbget-bin/www_bget?K04393">
        <graphics name="K04393" fgcolor="#000000" bgcolor="#BFBFFF"
             type="rectangle" x="1532" y="490" width="46" height="17"/>
    </entry>
    <entry id="350" name="ko:K04392" type="ortholog"
        link="https://www.kegg.jp/dbget-bin/www_bget?K04392">
        <graphics name="K04392" fgcolor="#000000" bgcolor="#BFBFFF"
             type="rectangle" x="1532" y="515" width="46" height="17"/>
    </entry>
    <entry id="351" name="ko:K04513" type="ortholog"
        link="https://www.kegg.jp/dbget-bin/www_bget?K04513">
        <graphics name="K04513" fgcolor="#000000" bgcolor="#BFBFFF"
             type="rectangle" x="1532" y="540" width="46" height="17"/>
    </entry>
    <entry id="352" name="ko:K05768" type="ortholog"
        link="https://www.kegg.jp/dbget-bin/www_bget?K05768">
        <graphics name="K05768" fgcolor="#000000" bgcolor="#BFBFFF"
             type="rectangle" x="1532" y="564" width="46" height="17"/>
    </entry>
    <entry id="353" name="ko:K05699" type="ortholog"
        link="https://www.kegg.jp/dbget-bin/www_bget?K05699">
        <graphics name="K05699" fgcolor="#000000" bgcolor="#BFBFFF"
             type="rectangle" x="1532" y="588" width="46" height="17"/>
    </entry>
    <entry id="354" name="ko:K21857" type="ortholog"
        link="https://www.kegg.jp/dbget-bin/www_bget?K21857">
        <graphics name="K21857" fgcolor="#000000" bgcolor="#BFBFFF"
             type="rectangle" x="1448" y="527" width="46" height="17"/>
    </entry>
    <entry id="355" name="path:ko04810" type="map"
        link="https://www.kegg.jp/dbget-bin/www_bget?ko04810">
        <graphics name="Regulation of actin cytoskeleton" fgcolor="#000000" bgcolor="#FFFFFF"
             type="roundrectangle" x="1632" y="567" width="109" height="34"/>
    </entry>
    <entry id="362" name="ko:K04734" type="ortholog"
        link="https://www.kegg.jp/dbget-bin/www_bget?K04734">
        <graphics name="K04734" fgcolor="#000000" bgcolor="#BFBFFF"
             type="rectangle" x="1532" y="394" width="46" height="17"/>
    </entry>
    <entry id="364" name="ko:K03120" type="ortholog"
        link="https://www.kegg.jp/dbget-bin/www_bget?K03120">
        <graphics name="K03120" fgcolor="#000000" bgcolor="#BFBFFF"
             type="rectangle" x="1532" y="259" width="46" height="17"/>
    </entry>
    <entry id="365" name="ko:K03122 ko:K03123" type="ortholog"
        link="https://www.kegg.jp/dbget-bin/www_bget?K03122+K03123">
        <graphics name="K03122..." fgcolor="#000000" bgcolor="#BFBFFF"
             type="rectangle" x="1532" y="281" width="46" height="17"/>
    </entry>
    <entry id="368" name="path:ko03022" type="map"
        link="https://www.kegg.jp/dbget-bin/www_bget?ko03022">
        <graphics name="Basal transcription factors" fgcolor="#000000" bgcolor="#FFFFFF"
             type="roundrectangle" x="1632" y="304" width="109" height="34"/>
    </entry>
    <entry id="369" name="ko:K03363" type="ortholog"
        link="https://www.kegg.jp/dbget-bin/www_bget?K03363">
        <graphics name="K03363" fgcolor="#000000" bgcolor="#BFBFFF"
             type="rectangle" x="1532" y="831" width="46" height="17"/>
    </entry>
    <entry id="370" name="ko:K02216" type="ortholog"
        link="https://www.kegg.jp/dbget-bin/www_bget?K02216">
        <graphics name="K02216" fgcolor="#000000" bgcolor="#BFBFFF"
             type="rectangle" x="1532" y="804" width="46" height="17"/>
    </entry>
    <entry id="403" name="ko:K02091" type="ortholog"
        link="https://www.kegg.jp/dbget-bin/www_bget?K02091">
        <graphics name="K02091" fgcolor="#000000" bgcolor="#BFBFFF"
             type="rectangle" x="1859" y="666" width="46" height="17"/>
    </entry>
    <entry id="404" name="ko:K21663" type="ortholog"
        link="https://www.kegg.jp/dbget-bin/www_bget?K21663">
        <graphics name="K21663" fgcolor="#000000" bgcolor="#BFBFFF"
             type="rectangle" x="1776" y="666" width="46" height="17"/>
    </entry>
    <entry id="406" name="path:ko04110" type="map"
        link="https://www.kegg.jp/dbget-bin/www_bget?ko04110">
        <graphics name="Cell cycle" fgcolor="#000000" bgcolor="#FFFFFF"
             type="roundrectangle" x="1957" y="673" width="109" height="25"/>
    </entry>
    <entry id="407" name="ko:K00922 ko:K02649" type="ortholog"
        link="https://www.kegg.jp/dbget-bin/www_bget?K00922+K02649">
        <graphics name="K00922..." fgcolor="#000000" bgcolor="#BFBFFF"
             type="rectangle" x="1859" y="864" width="46" height="17"/>
    </entry>
    <entry id="410" name="path:ko04151" type="map"
        link="https://www.kegg.jp/dbget-bin/www_bget?ko04151">
        <graphics name="PI3K-Akt signaling pathway" fgcolor="#000000" bgcolor="#FFFFFF"
             type="roundrectangle" x="1957" y="850" width="109" height="34"/>
    </entry>
    <entry id="415" name="ko:K04498" type="ortholog"
        link="https://www.kegg.jp/dbget-bin/www_bget?K04498">
        <graphics name="K04498" fgcolor="#000000" bgcolor="#BFBFFF"
             type="rectangle" x="1859" y="201" width="46" height="17"/>
    </entry>
    <entry id="416" name="ko:K09447" type="ortholog"
        link="https://www.kegg.jp/dbget-bin/www_bget?K09447">
        <graphics name="K09447" fgcolor="#000000" bgcolor="#BFBFFF"
             type="rectangle" x="1859" y="314" width="46" height="17"/>
    </entry>
    <entry id="423" name="ko:K05060" type="ortholog"
        link="https://www.kegg.jp/dbget-bin/www_bget?K05060">
        <graphics name="K05060" fgcolor="#000000" bgcolor="#BFBFFF"
             type="rectangle" x="1859" y="381" width="46" height="17"/>
    </entry>
    <entry id="426" name="ko:K04443" type="ortholog"
        link="https://www.kegg.jp/dbget-bin/www_bget?K04443">
        <graphics name="K04443" fgcolor="#000000" bgcolor="#BFBFFF"
             type="rectangle" x="1859" y="518" width="46" height="17"/>
    </entry>
    <entry id="427" name="ko:K21664" type="ortholog"
        link="https://www.kegg.jp/dbget-bin/www_bget?K21664">
        <graphics name="K21664" fgcolor="#000000" bgcolor="#BFBFFF"
             type="rectangle" x="1776" y="628" width="46" height="17"/>
    </entry>
    <entry id="430" name="ko:K03990" type="ortholog"
        link="https://www.kegg.jp/dbget-bin/www_bget?K03990">
        <graphics name="K03990" fgcolor="#000000" bgcolor="#BFBFFF"
             type="rectangle" x="1859" y="771" width="46" height="17"/>
    </entry>
    <entry id="431" name="ko:K06751" type="ortholog"
        link="https://www.kegg.jp/dbget-bin/www_bget?K06751">
        <graphics name="K06751" fgcolor="#000000" bgcolor="#BFBFFF"
             type="rectangle" x="1859" y="804" width="46" height="17"/>
    </entry>
    <entry id="432" name="ko:K21659" type="ortholog"
        link="https://www.kegg.jp/dbget-bin/www_bget?K21659">
        <graphics name="K21659" fgcolor="#000000" bgcolor="#BFBFFF"
             type="rectangle" x="1776" y="994" width="46" height="17"/>
    </entry>
    <entry id="433" name="ko:K04183" type="ortholog"
        link="https://www.kegg.jp/dbget-bin/www_bget?K04183">
        <graphics name="K04183" fgcolor="#000000" bgcolor="#BFBFFF"
             type="rectangle" x="1859" y="994" width="46" height="17"/>
    </entry>
    <entry id="464" name="ko:K22271" type="ortholog"
        link="https://www.kegg.jp/dbget-bin/www_bget?K22271">
        <graphics name="K22271" fgcolor="#000000" bgcolor="#BFBFFF"
             type="rectangle" x="452" y="503" width="46" height="17"/>
    </entry>
    <entry id="465" name="ko:K22273" type="ortholog"
        link="https://www.kegg.jp/dbget-bin/www_bget?K22273">
        <graphics name="K22273" fgcolor="#000000" bgcolor="#BFBFFF"
             type="rectangle" x="452" y="617" width="46" height="17"/>
    </entry>
    <entry id="466" name="ko:K03159" type="ortholog"
        link="https://www.kegg.jp/dbget-bin/www_bget?K03159">
        <graphics name="K03159" fgcolor="#000000" bgcolor="#BFBFFF"
             type="rectangle" x="536" y="246" width="46" height="17"/>
    </entry>
    <entry id="467" name="ko:K12886" type="ortholog"
        link="https://www.kegg.jp/dbget-bin/www_bget?K12886">
        <graphics name="K12886" fgcolor="#000000" bgcolor="#BFBFFF"
             type="rectangle" x="536" y="388" width="46" height="17"/>
    </entry>
    <entry id="468" name="ko:K11594" type="ortholog"
        link="https://www.kegg.jp/dbget-bin/www_bget?K11594">
        <graphics name="K11594" fgcolor="#000000" bgcolor="#BFBFFF"
             type="rectangle" x="536" y="457" width="46" height="17"/>
    </entry>
    <entry id="469" name="ko:K06630" type="ortholog"
        link="https://www.kegg.jp/dbget-bin/www_bget?K06630">
        <graphics name="K06630" fgcolor="#000000" bgcolor="#BFBFFF"
             type="rectangle" x="536" y="503" width="46" height="17"/>
    </entry>
    <entry id="470" name="ko:K16195" type="ortholog"
        link="https://www.kegg.jp/dbget-bin/www_bget?K16195">
        <graphics name="K16195" fgcolor="#000000" bgcolor="#BFBFFF"
             type="rectangle" x="536" y="534" width="46" height="17"/>
    </entry>
    <entry id="471" name="ko:K06625" type="ortholog"
        link="https://www.kegg.jp/dbget-bin/www_bget?K06625">
        <graphics name="K06625" fgcolor="#000000" bgcolor="#BFBFFF"
             type="rectangle" x="536" y="418" width="46" height="17"/>
    </entry>
    <entry id="472" name="ko:K04345" type="ortholog"
        link="https://www.kegg.jp/dbget-bin/www_bget?K04345">
        <graphics name="K04345" fgcolor="#000000" bgcolor="#BFBFFF"
             type="rectangle" x="536" y="564" width="46" height="17"/>
    </entry>
    <entry id="473" name="ko:K04451" type="ortholog"
        link="https://www.kegg.jp/dbget-bin/www_bget?K04451">
        <graphics name="K04451" fgcolor="#000000" bgcolor="#BFBFFF"
             type="rectangle" x="536" y="659" width="46" height="17"/>
    </entry>
    <entry id="474" name="ko:K02159" type="ortholog"
        link="https://www.kegg.jp/dbget-bin/www_bget?K02159">
        <graphics name="K02159" fgcolor="#000000" bgcolor="#BFBFFF"
             type="rectangle" x="536" y="688" width="46" height="17"/>
    </entry>
    <entry id="475" name="ko:K16195" type="ortholog"
        link="https://www.kegg.jp/dbget-bin/www_bget?K16195">
        <graphics name="K16195" fgcolor="#000000" bgcolor="#BFBFFF"
             type="rectangle" x="536" y="716" width="46" height="17"/>
    </entry>
    <entry id="476" name="ko:K04364" type="ortholog"
        link="https://www.kegg.jp/dbget-bin/www_bget?K04364">
        <graphics name="K04364" fgcolor="#000000" bgcolor="#BFBFFF"
             type="rectangle" x="536" y="787" width="46" height="17"/>
    </entry>
    <entry id="477" name="ko:K00922 ko:K02649" type="ortholog"
        link="https://www.kegg.jp/dbget-bin/www_bget?K00922+K02649">
        <graphics name="K00922..." fgcolor="#000000" bgcolor="#BFBFFF"
             type="rectangle" x="536" y="745" width="46" height="17"/>
    </entry>
    <entry id="478" name="ko:K03171" type="ortholog"
        link="https://www.kegg.jp/dbget-bin/www_bget?K03171">
        <graphics name="K03171" fgcolor="#000000" bgcolor="#BFBFFF"
             type="rectangle" x="536" y="856" width="46" height="17"/>
    </entry>
    <entry id="479" name="ko:K02087" type="ortholog"
        link="https://www.kegg.jp/dbget-bin/www_bget?K02087">
        <graphics name="K02087" fgcolor="#000000" bgcolor="#BFBFFF"
             type="rectangle" x="536" y="915" width="46" height="17"/>
    </entry>
    <entry id="480" name="ko:K03120" type="ortholog"
        link="https://www.kegg.jp/dbget-bin/www_bget?K03120">
        <graphics name="K03120" fgcolor="#000000" bgcolor="#BFBFFF"
             type="rectangle" x="536" y="945" width="46" height="17"/>
    </entry>
    <entry id="490" name="ko:K22275" type="ortholog"
        link="https://www.kegg.jp/dbget-bin/www_bget?K22275">
        <graphics name="K22275" fgcolor="#000000" bgcolor="#BFBFFF"
             type="rectangle" x="452" y="707" width="46" height="17"/>
    </entry>
    <entry id="491" name="ko:K22275" type="ortholog"
        link="https://www.kegg.jp/dbget-bin/www_bget?K22275">
        <graphics name="K22275" fgcolor="#000000" bgcolor="#BFBFFF"
             type="rectangle" x="452" y="901" width="46" height="17"/>
    </entry>
    <entry id="493" name="path:ko04151" type="map"
        link="https://www.kegg.jp/dbget-bin/www_bget?ko04151">
        <graphics name="PI3K-Akt signaling pathway" fgcolor="#000000" bgcolor="#FFFFFF"
             type="roundrectangle" x="636" y="737" width="109" height="34"/>
    </entry>
    <entry id="494" name="path:ko04115" type="map"
        link="https://www.kegg.jp/dbget-bin/www_bget?ko04115">
        <graphics name="p53 signaling pathway" fgcolor="#000000" bgcolor="#FFFFFF"
             type="roundrectangle" x="636" y="664" width="109" height="34"/>
    </entry>
    <entry id="497" name="path:ko04064" type="map"
        link="https://www.kegg.jp/dbget-bin/www_bget?ko04064">
        <graphics name="NF-kappa B signaling pathway" fgcolor="#000000" bgcolor="#FFFFFF"
             type="roundrectangle" x="636" y="288" width="109" height="34"/>
    </entry>
    <entry id="499" name="ko:K15413" type="ortholog"
        link="https://www.kegg.jp/dbget-bin/www_bget?K15413">
        <graphics name="K15413" fgcolor="#000000" bgcolor="#BFBFFF"
             type="rectangle" x="536" y="328" width="46" height="17"/>
    </entry>
    <entry id="503" name="path:ko03320" type="map"
        link="https://www.kegg.jp/dbget-bin/www_bget?ko03320">
        <graphics name="PPAR signaling pathway" fgcolor="#000000" bgcolor="#FFFFFF"
             type="roundrectangle" x="636" y="362" width="109" height="34"/>
    </entry>
    <entry id="504" name="ko:K22271" type="ortholog"
        link="https://www.kegg.jp/dbget-bin/www_bget?K22271">
        <graphics name="K22271" fgcolor="#000000" bgcolor="#BFBFFF"
             type="rectangle" x="452" y="328" width="46" height="17"/>
    </entry>
    <entry id="505" name="ko:K22271" type="ortholog"
        link="https://www.kegg.jp/dbget-bin/www_bget?K22271">
        <graphics name="K22271" fgcolor="#000000" bgcolor="#BFBFFF"
             type="rectangle" x="452" y="256" width="46" height="17"/>
    </entry>
    <entry id="507" name="ko:K04735 ko:K09254 ko:K04469 ko:K02580" type="ortholog"
        link="https://www.kegg.jp/dbget-bin/www_bget?K04735+K09254+K04469+K02580">
        <graphics name="K04735..." fgcolor="#000000" bgcolor="#BFBFFF"
             type="rectangle" x="536" y="274" width="46" height="17"/>
    </entry>
    <entry id="510" name="ko:K22271" type="ortholog"
        link="https://www.kegg.jp/dbget-bin/www_bget?K22271">
        <graphics name="K22271" fgcolor="#000000" bgcolor="#BFBFFF"
             type="rectangle" x="452" y="403" width="46" height="17"/>
    </entry>
    <entry id="511" name="path:ko04110" type="map"
        link="https://www.kegg.jp/dbget-bin/www_bget?ko04110">
        <graphics name="Cell cycle" fgcolor="#000000" bgcolor="#FFFFFF"
             type="roundrectangle" x="636" y="432" width="109" height="25"/>
    </entry>
    <entry id="527" name="ko:K11252" type="ortholog"
        link="https://www.kegg.jp/dbget-bin/www_bget?K11252">
        <graphics name="K11252" fgcolor="#000000" bgcolor="#BFBFFF"
             type="rectangle" x="536" y="610" width="46" height="17"/>
    </entry>
    <entry id="528" name="ko:K11254" type="ortholog"
        link="https://www.kegg.jp/dbget-bin/www_bget?K11254">
        <graphics name="K11254" fgcolor="#000000" bgcolor="#BFBFFF"
             type="rectangle" x="536" y="627" width="46" height="17"/>
    </entry>
    <entry id="534" name="path:ko04010" type="map"
        link="https://www.kegg.jp/dbget-bin/www_bget?ko04010">
        <graphics name="MAPK signaling pathway" fgcolor="#000000" bgcolor="#FFFFFF"
             type="roundrectangle" x="636" y="821" width="109" height="34"/>
    </entry>
    <entry id="537" name="path:ko04210" type="map"
        link="https://www.kegg.jp/dbget-bin/www_bget?ko04210">
        <graphics name="Apoptosis" fgcolor="#000000" bgcolor="#FFFFFF"
             type="roundrectangle" x="636" y="887" width="109" height="25"/>
    </entry>
    <entry id="544" name="path:ko05160" type="map"
        link="https://www.kegg.jp/dbget-bin/www_bget?ko05160">
        <graphics name="Hepatitis C" fgcolor="#000000" bgcolor="#FFFFFF"
             type="roundrectangle" x="501" y="123" width="109" height="25"/>
    </entry>
    <entry id="547" name="path:ko05161" type="map"
        link="https://www.kegg.jp/dbget-bin/www_bget?ko05161">
        <graphics name="Hepatitis B" fgcolor="#000000" bgcolor="#FFFFFF"
             type="roundrectangle" x="168" y="148" width="109" height="25"/>
    </entry>
    <entry id="548" name="path:ko05167" type="map"
        link="https://www.kegg.jp/dbget-bin/www_bget?ko05167">
        <graphics name="Kaposi sarcoma-associated herpesvirus infection" fgcolor="#000000" bgcolor="#FFFFFF"
             type="roundrectangle" x="1895" y="138" width="262" height="25"/>
    </entry>
    <entry id="549" name="path:ko05165" type="map"
        link="https://www.kegg.jp/dbget-bin/www_bget?ko05165">
        <graphics name="Human papillomavirus infection" fgcolor="#000000" bgcolor="#FFFFFF"
             type="roundrectangle" x="1196" y="150" width="194" height="25"/>
    </entry>
    <entry id="550" name="undefined" type="group">
        <graphics fgcolor="#000000" bgcolor="#FFFFFF"
             type="rectangle" x="207" y="849" width="46" height="34"/>
        <component id="121"/>
        <component id="242"/>
    </entry>
    <entry id="551" name="undefined" type="group">
        <graphics fgcolor="#000000" bgcolor="#FFFFFF"
             type="rectangle" x="868" y="586" width="46" height="34"/>
        <component id="193"/>
        <component id="194"/>
    </entry>
    <entry id="552" name="undefined" type="group">
        <graphics fgcolor="#000000" bgcolor="#FFFFFF"
             type="rectangle" x="868" y="632" width="46" height="34"/>
        <component id="195"/>
        <component id="196"/>
    </entry>
    <entry id="553" name="undefined" type="group">
        <graphics fgcolor="#000000" bgcolor="#FFFFFF"
             type="rectangle" x="1194" y="715" width="46" height="34"/>
        <component id="208"/>
        <component id="209"/>
    </entry>
    <entry id="554" name="undefined" type="group">
        <graphics fgcolor="#000000" bgcolor="#FFFFFF"
             type="rectangle" x="1194" y="758" width="46" height="34"/>
        <component id="210"/>
        <component id="211"/>
    </entry>
    <entry id="555" name="undefined" type="group">
        <graphics fgcolor="#000000" bgcolor="#FFFFFF"
             type="rectangle" x="1532" y="685" width="46" height="34"/>
        <component id="126"/>
        <component id="347"/>
    </entry>
    <entry id="556" name="undefined" type="group">
        <graphics fgcolor="#000000" bgcolor="#FFFFFF"
             type="rectangle" x="536" y="618" width="46" height="34"/>
        <component id="527"/>
        <component id="528"/>
    </entry>
    <entry id="557" name="undefined" type="group">
        <graphics fgcolor="#000000" bgcolor="#FFFFFF"
             type="rectangle" x="868" y="345" width="46" height="34"/>
        <component id="280"/>
        <component id="281"/>
    </entry>
    <entry id="558" name="undefined" type="group">
        <graphics fgcolor="#000000" bgcolor="#FFFFFF"
             type="rectangle" x="868" y="413" width="46" height="34"/>
        <component id="283"/>
        <component id="284"/>
    </entry>
    <entry id="559" name="undefined" type="group">
        <graphics fgcolor="#000000" bgcolor="#FFFFFF"
             type="rectangle" x="1194" y="905" width="46" height="34"/>
        <component id="26"/>
        <component id="342"/>
    </entry>
    <relation entry1="105" entry2="108" type="PPrel">
        <subtype name="activation" value="--&gt;"/>
    </relation>
    <relation entry1="105" entry2="111" type="PPrel">
        <subtype name="activation" value="--&gt;"/>
    </relation>
    <relation entry1="267" entry2="109" type="PPrel">
        <subtype name="activation" value="--&gt;"/>
    </relation>
    <relation entry1="267" entry2="268" type="PPrel">
        <subtype name="activation" value="--&gt;"/>
    </relation>
    <relation entry1="106" entry2="112" type="PPrel">
        <subtype name="activation" value="--&gt;"/>
    </relation>
    <relation entry1="271" entry2="237" type="PPrel">
        <subtype name="activation" value="--&gt;"/>
    </relation>
    <relation entry1="107" entry2="114" type="PPrel">
        <subtype name="activation" value="--&gt;"/>
    </relation>
    <relation entry1="107" entry2="115" type="PPrel">
        <subtype name="activation" value="--&gt;"/>
    </relation>
    <relation entry1="120" entry2="550" type="PPrel">
        <subtype name="activation" value="--&gt;"/>
    </relation>
    <relation entry1="256" entry2="116" type="PPrel">
        <subtype name="activation" value="--&gt;"/>
    </relation>
    <relation entry1="256" entry2="257" type="PPrel">
        <subtype name="activation" value="--&gt;"/>
    </relation>
    <relation entry1="505" entry2="466" type="PPrel">
        <subtype name="activation" value="--&gt;"/>
    </relation>
    <relation entry1="505" entry2="507" type="PPrel">
        <subtype name="activation" value="--&gt;"/>
    </relation>
    <relation entry1="464" entry2="468" type="PPrel">
        <subtype name="activation" value="--&gt;"/>
    </relation>
    <relation entry1="464" entry2="469" type="PPrel">
        <subtype name="activation" value="--&gt;"/>
    </relation>
    <relation entry1="464" entry2="470" type="PPrel">
        <subtype name="activation" value="--&gt;"/>
    </relation>
    <relation entry1="490" entry2="477" type="PPrel">
        <subtype name="activation" value="--&gt;"/>
    </relation>
    <relation entry1="188" entry2="551" type="PPrel">
        <subtype name="activation" value="--&gt;"/>
    </relation>
    <relation entry1="188" entry2="552" type="PPrel">
        <subtype name="activation" value="--&gt;"/>
    </relation>
    <relation entry1="188" entry2="278" type="PPrel">
        <subtype name="activation" value="--&gt;"/>
    </relation>
    <relation entry1="8" entry2="171" type="PPrel">
        <subtype name="activation" value="--&gt;"/>
    </relation>
    <relation entry1="8" entry2="172" type="PPrel">
        <subtype name="activation" value="--&gt;"/>
    </relation>
    <relation entry1="8" entry2="180" type="PPrel">
        <subtype name="activation" value="--&gt;"/>
    </relation>
    <relation entry1="10" entry2="326" type="PPrel">
        <subtype name="activation" value="--&gt;"/>
    </relation>
    <relation entry1="11" entry2="25" type="PPrel">
        <subtype name="activation" value="--&gt;"/>
    </relation>
    <relation entry1="11" entry2="553" type="PPrel">
        <subtype name="activation" value="--&gt;"/>
    </relation>
    <relation entry1="11" entry2="554" type="PPrel">
        <subtype name="activation" value="--&gt;"/>
    </relation>
    <relation entry1="13" entry2="215" type="PPrel">
        <subtype name="activation" value="--&gt;"/>
    </relation>
    <relation entry1="13" entry2="24" type="PPrel">
        <subtype name="activation" value="--&gt;"/>
    </relation>
    <relation entry1="13" entry2="27" type="PPrel">
        <subtype name="activation" value="--&gt;"/>
    </relation>
    <relation entry1="13" entry2="337" type="PPrel">
        <subtype name="activation" value="--&gt;"/>
    </relation>
    <relation entry1="124" entry2="135" type="PPrel">
        <subtype name="activation" value="--&gt;"/>
    </relation>
    <relation entry1="124" entry2="343" type="PPrel">
        <subtype name="activation" value="--&gt;"/>
    </relation>
    <relation entry1="124" entry2="364" type="PPrel">
        <subtype name="activation" value="--&gt;"/>
    </relation>
    <relation entry1="124" entry2="365" type="PPrel">
        <subtype name="activation" value="--&gt;"/>
    </relation>
    <relation entry1="124" entry2="136" type="PPrel">
        <subtype name="activation" value="--&gt;"/>
    </relation>
    <relation entry1="124" entry2="137" type="PPrel">
        <subtype name="activation" value="--&gt;"/>
    </relation>
    <relation entry1="139" entry2="140" type="PPrel">
        <subtype name="activation" value="--&gt;"/>
    </relation>
    <relation entry1="139" entry2="362" type="PPrel">
        <subtype name="activation" value="--&gt;"/>
    </relation>
    <relation entry1="139" entry2="346" type="PPrel">
        <subtype name="activation" value="--&gt;"/>
    </relation>
    <relation entry1="354" entry2="348" type="PPrel">
        <subtype name="activation" value="--&gt;"/>
    </relation>
    <relation entry1="354" entry2="349" type="PPrel">
        <subtype name="activation" value="--&gt;"/>
    </relation>
    <relation entry1="354" entry2="350" type="PPrel">
        <subtype name="activation" value="--&gt;"/>
    </relation>
    <relation entry1="354" entry2="351" type="PPrel">
        <subtype name="activation" value="--&gt;"/>
    </relation>
    <relation entry1="354" entry2="352" type="PPrel">
        <subtype name="activation" value="--&gt;"/>
    </relation>
    <relation entry1="354" entry2="353" type="PPrel">
        <subtype name="activation" value="--&gt;"/>
    </relation>
    <relation entry1="125" entry2="138" type="PPrel">
        <subtype name="activation" value="--&gt;"/>
    </relation>
    <relation entry1="122" entry2="555" type="PPrel">
        <subtype name="activation" value="--&gt;"/>
    </relation>
    <relation entry1="122" entry2="134" type="PPrel">
        <subtype name="activation" value="--&gt;"/>
    </relation>
    <relation entry1="55" entry2="423" type="PPrel">
        <subtype name="activation" value="--&gt;"/>
    </relation>
    <relation entry1="56" entry2="221" type="PPrel">
        <subtype name="activation" value="--&gt;"/>
    </relation>
    <relation entry1="56" entry2="222" type="PPrel">
        <subtype name="activation" value="--&gt;"/>
    </relation>
    <relation entry1="57" entry2="222" type="PPrel">
        <subtype name="activation" value="--&gt;"/>
    </relation>
    <relation entry1="57" entry2="223" type="PPrel">
        <subtype name="activation" value="--&gt;"/>
    </relation>
    <relation entry1="58" entry2="224" type="PPrel">
        <subtype name="activation" value="--&gt;"/>
    </relation>
    <relation entry1="60" entry2="426" type="PPrel">
        <subtype name="activation" value="--&gt;"/>
    </relation>
    <relation entry1="61" entry2="80" type="PPrel">
        <subtype name="activation" value="--&gt;"/>
    </relation>
    <relation entry1="59" entry2="407" type="PPrel">
        <subtype name="activation" value="--&gt;"/>
    </relation>
    <relation entry1="67" entry2="407" type="PPrel">
        <subtype name="activation" value="--&gt;"/>
    </relation>
    <relation entry1="68" entry2="103" type="PPrel">
        <subtype name="activation" value="--&gt;"/>
    </relation>
    <relation entry1="105" entry2="261" type="PPrel">
        <subtype name="activation" value="--&gt;"/>
        <subtype name="indirect effect" value="..&gt;"/>
    </relation>
    <relation entry1="105" entry2="110" type="PPrel">
        <subtype name="activation" value="--&gt;"/>
        <subtype name="indirect effect" value="..&gt;"/>
    </relation>
    <relation entry1="106" entry2="113" type="PPrel">
        <subtype name="activation" value="--&gt;"/>
        <subtype name="indirect effect" value="..&gt;"/>
    </relation>
    <relation entry1="432" entry2="433" type="PPrel">
        <subtype name="activation" value="--&gt;"/>
        <subtype name="indirect effect" value="..&gt;"/>
    </relation>
    <relation entry1="117" entry2="245" type="PPrel">
        <subtype name="inhibition" value="--|"/>
        <subtype name="indirect effect" value="..&gt;"/>
    </relation>
    <relation entry1="123" entry2="131" type="PPrel">
        <subtype name="inhibition" value="--|"/>
        <subtype name="indirect effect" value="..&gt;"/>
    </relation>
    <relation entry1="118" entry2="119" type="PPrel">
        <subtype name="inhibition" value="--|"/>
    </relation>
    <relation entry1="504" entry2="499" type="PPrel">
        <subtype name="inhibition" value="--|"/>
    </relation>
    <relation entry1="510" entry2="467" type="PPrel">
        <subtype name="inhibition" value="--|"/>
    </relation>
    <relation entry1="510" entry2="471" type="PPrel">
        <subtype name="inhibition" value="--|"/>
    </relation>
    <relation entry1="465" entry2="472" type="PPrel">
        <subtype name="inhibition" value="--|"/>
    </relation>
    <relation entry1="465" entry2="556" type="PPrel">
        <subtype name="inhibition" value="--|"/>
    </relation>
    <relation entry1="465" entry2="473" type="PPrel">
        <subtype name="inhibition" value="--|"/>
    </relation>
    <relation entry1="490" entry2="473" type="PPrel">
        <subtype name="inhibition" value="--|"/>
    </relation>
    <relation entry1="490" entry2="474" type="PPrel">
        <subtype name="inhibition" value="--|"/>
    </relation>
    <relation entry1="490" entry2="475" type="PPrel">
        <subtype name="inhibition" value="--|"/>
    </relation>
    <relation entry1="490" entry2="476" type="PPrel">
        <subtype name="inhibition" value="--|"/>
    </relation>
    <relation entry1="491" entry2="478" type="PPrel">
        <subtype name="inhibition" value="--|"/>
    </relation>
    <relation entry1="491" entry2="480" type="PPrel">
        <subtype name="inhibition" value="--|"/>
    </relation>
    <relation entry1="5" entry2="184" type="PPrel">
        <subtype name="inhibition" value="--|"/>
    </relation>
    <relation entry1="5" entry2="292" type="PPrel">
        <subtype name="inhibition" value="--|"/>
    </relation>
    <relation entry1="7" entry2="185" type="PPrel">
        <subtype name="inhibition" value="--|"/>
    </relation>
    <relation entry1="187" entry2="185" type="PPrel">
        <subtype name="inhibition" value="--|"/>
    </relation>
    <relation entry1="188" entry2="185" type="PPrel">
        <subtype name="inhibition" value="--|"/>
    </relation>
    <relation entry1="188" entry2="192" type="PPrel">
        <subtype name="inhibition" value="--|"/>
    </relation>
    <relation entry1="309" entry2="308" type="PPrel">
        <subtype name="inhibition" value="--|"/>
    </relation>
    <relation entry1="10" entry2="15" type="PPrel">
        <subtype name="inhibition" value="--|"/>
    </relation>
    <relation entry1="12" entry2="16" type="PPrel">
        <subtype name="inhibition" value="--|"/>
    </relation>
    <relation entry1="12" entry2="17" type="PPrel">
        <subtype name="inhibition" value="--|"/>
    </relation>
    <relation entry1="12" entry2="19" type="PPrel">
        <subtype name="inhibition" value="--|"/>
    </relation>
    <relation entry1="12" entry2="20" type="PPrel">
        <subtype name="inhibition" value="--|"/>
    </relation>
    <relation entry1="11" entry2="21" type="PPrel">
        <subtype name="inhibition" value="--|"/>
    </relation>
    <relation entry1="11" entry2="22" type="PPrel">
        <subtype name="inhibition" value="--|"/>
    </relation>
    <relation entry1="11" entry2="23" type="PPrel">
        <subtype name="inhibition" value="--|"/>
    </relation>
    <relation entry1="11" entry2="320" type="PPrel">
        <subtype name="inhibition" value="--|"/>
    </relation>
    <relation entry1="11" entry2="321" type="PPrel">
        <subtype name="inhibition" value="--|"/>
    </relation>
    <relation entry1="13" entry2="42" type="PPrel">
        <subtype name="inhibition" value="--|"/>
    </relation>
    <relation entry1="122" entry2="127" type="PPrel">
        <subtype name="inhibition" value="--|"/>
    </relation>
    <relation entry1="122" entry2="128" type="PPrel">
        <subtype name="inhibition" value="--|"/>
    </relation>
    <relation entry1="122" entry2="129" type="PPrel">
        <subtype name="inhibition" value="--|"/>
    </relation>
    <relation entry1="122" entry2="370" type="PPrel">
        <subtype name="inhibition" value="--|"/>
    </relation>
    <relation entry1="122" entry2="369" type="PPrel">
        <subtype name="inhibition" value="--|"/>
    </relation>
    <relation entry1="122" entry2="132" type="PPrel">
        <subtype name="inhibition" value="--|"/>
    </relation>
    <relation entry1="122" entry2="133" type="PPrel">
        <subtype name="inhibition" value="--|"/>
    </relation>
    <relation entry1="123" entry2="130" type="PPrel">
        <subtype name="inhibition" value="--|"/>
    </relation>
    <relation entry1="49" entry2="415" type="PPrel">
        <subtype name="inhibition" value="--|"/>
    </relation>
    <relation entry1="49" entry2="218" type="PPrel">
        <subtype name="inhibition" value="--|"/>
    </relation>
    <relation entry1="49" entry2="71" type="PPrel">
        <subtype name="inhibition" value="--|"/>
    </relation>
    <relation entry1="50" entry2="218" type="PPrel">
        <subtype name="inhibition" value="--|"/>
    </relation>
    <relation entry1="51" entry2="71" type="PPrel">
        <subtype name="inhibition" value="--|"/>
    </relation>
    <relation entry1="51" entry2="416" type="PPrel">
        <subtype name="inhibition" value="--|"/>
    </relation>
    <relation entry1="52" entry2="71" type="PPrel">
        <subtype name="inhibition" value="--|"/>
    </relation>
    <relation entry1="53" entry2="416" type="PPrel">
        <subtype name="inhibition" value="--|"/>
    </relation>
    <relation entry1="54" entry2="416" type="PPrel">
        <subtype name="inhibition" value="--|"/>
    </relation>
    <relation entry1="54" entry2="72" type="PPrel">
        <subtype name="inhibition" value="--|"/>
    </relation>
    <relation entry1="61" entry2="79" type="PPrel">
        <subtype name="inhibition" value="--|"/>
    </relation>
    <relation entry1="63" entry2="79" type="PPrel">
        <subtype name="inhibition" value="--|"/>
    </relation>
    <relation entry1="427" entry2="96" type="PPrel">
        <subtype name="inhibition" value="--|"/>
    </relation>
    <relation entry1="427" entry2="97" type="PPrel">
        <subtype name="inhibition" value="--|"/>
    </relation>
    <relation entry1="62" entry2="86" type="PPrel">
        <subtype name="inhibition" value="--|"/>
    </relation>
    <relation entry1="62" entry2="87" type="PPrel">
        <subtype name="inhibition" value="--|"/>
    </relation>
    <relation entry1="62" entry2="88" type="PPrel">
        <subtype name="inhibition" value="--|"/>
    </relation>
    <relation entry1="64" entry2="430" type="PPrel">
        <subtype name="inhibition" value="--|"/>
    </relation>
    <relation entry1="65" entry2="431" type="PPrel">
        <subtype name="inhibition" value="--|"/>
    </relation>
    <relation entry1="66" entry2="431" type="PPrel">
        <subtype name="inhibition" value="--|"/>
    </relation>
    <relation entry1="203" entry2="292" type="PPrel">
        <subtype name="inhibition" value="--|"/>
    </relation>
    <relation entry1="326" entry2="14" type="PPrel">
        <subtype name="inhibition" value="--|"/>
    </relation>
    <relation entry1="25" entry2="21" type="PPrel">
        <subtype name="inhibition" value="--|"/>
    </relation>
    <relation entry1="303" entry2="203" type="PPrel">
        <subtype name="binding/association" value="---"/>
    </relation>
    <relation entry1="303" entry2="557" type="PPrel">
        <subtype name="binding/association" value="---"/>
    </relation>
    <relation entry1="6" entry2="280" type="PPrel">
        <subtype name="binding/association" value="---"/>
    </relation>
    <relation entry1="6" entry2="282" type="PPrel">
        <subtype name="binding/association" value="---"/>
    </relation>
    <relation entry1="6" entry2="558" type="PPrel">
        <subtype name="binding/association" value="---"/>
    </relation>
    <relation entry1="6" entry2="285" type="PPrel">
        <subtype name="binding/association" value="---"/>
    </relation>
    <relation entry1="6" entry2="286" type="PPrel">
        <subtype name="binding/association" value="---"/>
    </relation>
    <relation entry1="12" entry2="18" type="PPrel">
        <subtype name="binding/association" value="---"/>
    </relation>
    <relation entry1="13" entry2="559" type="PPrel">
        <subtype name="binding/association" value="---"/>
    </relation>
    <relation entry1="13" entry2="314" type="PPrel">
        <subtype name="binding/association" value="---"/>
    </relation>
    <relation entry1="491" entry2="479" type="PPrel">
        <subtype name="binding/association" value="---"/>
    </relation>
    <relation entry1="188" entry2="204" type="PPrel">
        <subtype name="binding/association" value="---"/>
    </relation>
    <relation entry1="404" entry2="403" type="PPrel">
        <subtype name="binding/association" value="---"/>
    </relation>
    <relation entry1="9" entry2="173" type="PPrel">
        <subtype name="inhibition" value="--|"/>
    </relation>
    <relation entry1="9" entry2="174" type="PPrel">
        <subtype name="inhibition" value="--|"/>
    </relation>
</pathway>
