<?xml version="1.0"?>
<!DOCTYPE pathway SYSTEM "https://www.kegg.jp/kegg/xml/KGML_v0.7.2_.dtd">
<!-- Creation date: Jul 24, 2017 13:17:58 +0900 (GMT+9) -->
<pathway name="path:ko05222" org="ko" number="05222"
         title="Small cell lung cancer"
         image="https://www.kegg.jp/kegg/pathway/ko/ko05222.png"
         link="https://www.kegg.jp/kegg-bin/show_pathway?ko05222">
    <entry id="5" name="path:ko04115" type="map"
        link="https://www.kegg.jp/dbget-bin/www_bget?ko04115">
        <graphics name="p53 signaling pathway" fgcolor="#000000" bgcolor="#FFFFFF"
             type="roundrectangle" x="626" y="176" width="102" height="34"/>
    </entry>
    <entry id="6" name="ko:K06626" type="ortholog"
        link="https://www.kegg.jp/dbget-bin/www_bget?K06626">
        <graphics name="K06626" fgcolor="#000000" bgcolor="#BFBFFF"
             type="rectangle" x="908" y="377" width="46" height="17"/>
    </entry>
    <entry id="7" name="ko:K02206" type="ortholog"
        link="https://www.kegg.jp/dbget-bin/www_bget?K02206">
        <graphics name="K02206" fgcolor="#000000" bgcolor="#BFBFFF"
             type="rectangle" x="908" y="360" width="46" height="17"/>
    </entry>
    <entry id="8" name="ko:K04503" type="ortholog"
        link="https://www.kegg.jp/dbget-bin/www_bget?K04503">
        <graphics name="K04503" fgcolor="#000000" bgcolor="#BFBFFF"
             type="rectangle" x="847" y="321" width="46" height="17"/>
    </entry>
    <entry id="9" name="path:ko04210" type="map"
        link="https://www.kegg.jp/dbget-bin/www_bget?ko04210">
        <graphics name="Apoptosis" fgcolor="#000000" bgcolor="#FFFFFF"
             type="roundrectangle" x="544" y="321" width="102" height="34"/>
    </entry>
    <entry id="10" name="path:ko04512" type="map"
        link="https://www.kegg.jp/dbget-bin/www_bget?ko04512">
        <graphics name="ECM-receptor interaction" fgcolor="#000000" bgcolor="#FFFFFF"
             type="roundrectangle" x="146" y="573" width="102" height="34"/>
    </entry>
    <entry id="11" name="path:ko04510" type="map"
        link="https://www.kegg.jp/dbget-bin/www_bget?ko04510">
        <graphics name="Focal adhesion" fgcolor="#000000" bgcolor="#FFFFFF"
             type="roundrectangle" x="308" y="663" width="102" height="34"/>
    </entry>
    <entry id="12" name="ko:K05719" type="ortholog"
        link="https://www.kegg.jp/dbget-bin/www_bget?K05719">
        <graphics name="K05719" fgcolor="#000000" bgcolor="#BFBFFF"
             type="rectangle" x="223" y="621" width="46" height="17"/>
    </entry>
    <entry id="13" name="ko:K06476 ko:K06481 ko:K06482 ko:K06485 ko:K06487" type="ortholog"
        link="https://www.kegg.jp/dbget-bin/www_bget?K06476+K06481+K06482+K06485+K06487">
        <graphics name="K06476..." fgcolor="#000000" bgcolor="#BFBFFF"
             type="rectangle" x="223" y="604" width="46" height="17"/>
    </entry>
    <entry id="14" name="ko:K10500" type="ortholog"
        link="https://www.kegg.jp/dbget-bin/www_bget?K10500">
        <graphics name="K10500" fgcolor="#000000" bgcolor="#BFBFFF"
             type="rectangle" x="760" y="438" width="46" height="17"/>
    </entry>
    <entry id="15" name="cpd:C05981" type="compound"
        link="https://www.kegg.jp/dbget-bin/www_bget?C05981">
        <graphics name="C05981" fgcolor="#000000" bgcolor="#FFFFFF"
             type="circle" x="422" y="613" width="8" height="8"/>
    </entry>
    <entry id="16" name="cpd:C00777 cpd:C15493" type="compound"
        link="https://www.kegg.jp/dbget-bin/www_bget?C00777+C15493">
        <graphics name="C00777..." fgcolor="#000000" bgcolor="#FFFFFF"
             type="circle" x="628" y="120" width="8" height="8"/>
    </entry>
    <entry id="17" name="ko:K06624" type="ortholog"
        link="https://www.kegg.jp/dbget-bin/www_bget?K06624">
        <graphics name="K06624" fgcolor="#000000" bgcolor="#BFBFFF"
             type="rectangle" x="846" y="359" width="46" height="17"/>
    </entry>
    <entry id="18" name="ko:K08524 ko:K08525 ko:K08526" type="ortholog"
        link="https://www.kegg.jp/dbget-bin/www_bget?K08524+K08525+K08526">
        <graphics name="K08524..." fgcolor="#000000" bgcolor="#BFBFFF"
             type="rectangle" x="844" y="129" width="46" height="17"/>
    </entry>
    <entry id="19" name="ko:K08528" type="ortholog"
        link="https://www.kegg.jp/dbget-bin/www_bget?K08528">
        <graphics name="K08528" fgcolor="#000000" bgcolor="#BFBFFF"
             type="rectangle" x="844" y="112" width="46" height="17"/>
    </entry>
    <entry id="20" name="ko:K04456" type="ortholog"
        link="https://www.kegg.jp/dbget-bin/www_bget?K04456">
        <graphics name="K04456" fgcolor="#000000" bgcolor="#BFBFFF"
             type="rectangle" x="473" y="613" width="46" height="17"/>
    </entry>
    <entry id="21" name="ko:K02219" type="ortholog"
        link="https://www.kegg.jp/dbget-bin/www_bget?K02219">
        <graphics name="K02219" fgcolor="#000000" bgcolor="#BFBFFF"
             type="rectangle" x="833" y="443" width="46" height="17"/>
    </entry>
    <entry id="22" name="ko:K04399" type="ortholog"
        link="https://www.kegg.jp/dbget-bin/www_bget?K04399">
        <graphics name="K04399" fgcolor="#000000" bgcolor="#BFBFFF"
             type="rectangle" x="553" y="366" width="46" height="17"/>
    </entry>
    <entry id="23" name="ko:K02084" type="ortholog"
        link="https://www.kegg.jp/dbget-bin/www_bget?K02084">
        <graphics name="K02084" fgcolor="#000000" bgcolor="#BFBFFF"
             type="rectangle" x="439" y="380" width="46" height="17"/>
    </entry>
    <entry id="24" name="ko:K04453" type="ortholog"
        link="https://www.kegg.jp/dbget-bin/www_bget?K04453">
        <graphics name="K04453" fgcolor="#000000" bgcolor="#BFBFFF"
             type="rectangle" x="780" y="537" width="46" height="17"/>
    </entry>
    <entry id="25" name="ko:K04377" type="ortholog"
        link="https://www.kegg.jp/dbget-bin/www_bget?K04377">
        <graphics name="K04377" fgcolor="#000000" bgcolor="#BFBFFF"
             type="rectangle" x="780" y="520" width="46" height="17"/>
    </entry>
    <entry id="26" name="ko:K01110" type="ortholog"
        link="https://www.kegg.jp/dbget-bin/www_bget?K01110">
        <graphics name="K01110" fgcolor="#000000" bgcolor="#BFBFFF"
             type="rectangle" x="393" y="661" width="46" height="17"/>
    </entry>
    <entry id="27" name="ko:K00922 ko:K02649" type="ortholog"
        link="https://www.kegg.jp/dbget-bin/www_bget?K00922+K02649">
        <graphics name="K00922..." fgcolor="#000000" bgcolor="#BFBFFF"
             type="rectangle" x="366" y="613" width="46" height="17"/>
    </entry>
    <entry id="28" name="ko:K05725" type="ortholog"
        link="https://www.kegg.jp/dbget-bin/www_bget?K05725">
        <graphics name="K05725" fgcolor="#000000" bgcolor="#BFBFFF"
             type="rectangle" x="295" y="613" width="46" height="17"/>
    </entry>
    <entry id="29" name="ko:K01522" type="ortholog"
        link="https://www.kegg.jp/dbget-bin/www_bget?K01522">
        <graphics name="K01522" fgcolor="#000000" bgcolor="#BFBFFF"
             type="rectangle" x="284" y="145" width="46" height="17"/>
    </entry>
    <entry id="30" name="ko:K08738" type="ortholog"
        link="https://www.kegg.jp/dbget-bin/www_bget?K08738">
        <graphics name="K08738" fgcolor="#000000" bgcolor="#BFBFFF"
             type="rectangle" x="438" y="350" width="46" height="17"/>
    </entry>
    <entry id="31" name="ko:K05635 ko:K05636 ko:K05637 ko:K05717 ko:K06237 ko:K06240 ko:K06241 ko:K06243 ko:K06244 ko:K06245 ko:K06246 ko:K06247" type="ortholog"
        link="https://www.kegg.jp/dbget-bin/www_bget?K05635+K05636+K05637+K05717+K06237+K06240+K06241+K06243+K06244+K06245+K06246+K06247">
        <graphics name="K05635..." fgcolor="#000000" bgcolor="#BFBFFF"
             type="rectangle" x="145" y="613" width="46" height="17"/>
    </entry>
    <entry id="32" name="path:ko05222" type="map"
        link="https://www.kegg.jp/dbget-bin/www_bget?ko05222">
        <graphics name="TITLE:Small cell lung cancer" fgcolor="#000000" bgcolor="#FFFFFF"
             type="roundrectangle" x="153" y="58" width="225" height="25"/>
    </entry>
    <entry id="33" name="path:ko04210" type="map"
        link="https://www.kegg.jp/dbget-bin/www_bget?ko04210">
        <graphics name="Apoptosis" fgcolor="#000000" bgcolor="#FFFFFF"
             type="roundrectangle" x="1091" y="625" width="102" height="34"/>
    </entry>
    <entry id="34" name="path:ko04110" type="map"
        link="https://www.kegg.jp/dbget-bin/www_bget?ko04110">
        <graphics name="Cell cycle" fgcolor="#000000" bgcolor="#FFFFFF"
             type="roundrectangle" x="1080" y="346" width="102" height="34"/>
    </entry>
    <entry id="35" name="ko:K16060 ko:K04725 ko:K16061" type="ortholog"
        link="https://www.kegg.jp/dbget-bin/www_bget?K16060+K04725+K16061">
        <graphics name="K16060..." fgcolor="#000000" bgcolor="#BFBFFF"
             type="rectangle" x="877" y="604" width="46" height="17"/>
    </entry>
    <entry id="36" name="ko:K02161" type="ortholog"
        link="https://www.kegg.jp/dbget-bin/www_bget?K02161">
        <graphics name="K02161" fgcolor="#000000" bgcolor="#BFBFFF"
             type="rectangle" x="360" y="291" width="46" height="17"/>
    </entry>
    <entry id="37" name="ko:K04503" type="ortholog"
        link="https://www.kegg.jp/dbget-bin/www_bget?K04503">
        <graphics name="K04503" fgcolor="#000000" bgcolor="#BFBFFF"
             type="rectangle" x="877" y="569" width="46" height="17"/>
    </entry>
    <entry id="38" name="ko:K13241" type="ortholog"
        link="https://www.kegg.jp/dbget-bin/www_bget?K13241">
        <graphics name="K13241" fgcolor="#000000" bgcolor="#BFBFFF"
             type="rectangle" x="877" y="707" width="46" height="17"/>
    </entry>
    <entry id="39" name="ko:K11987" type="ortholog"
        link="https://www.kegg.jp/dbget-bin/www_bget?K11987">
        <graphics name="K11987" fgcolor="#000000" bgcolor="#BFBFFF"
             type="rectangle" x="877" y="685" width="46" height="17"/>
    </entry>
    <entry id="40" name="ko:K04467 ko:K07209 ko:K07210" type="ortholog"
        link="https://www.kegg.jp/dbget-bin/www_bget?K04467+K07209+K07210">
        <graphics name="K04467..." fgcolor="#000000" bgcolor="#BFBFFF"
             type="rectangle" x="548" y="613" width="46" height="17"/>
    </entry>
    <entry id="41" name="ko:K04734" type="ortholog"
        link="https://www.kegg.jp/dbget-bin/www_bget?K04734">
        <graphics name="K04734" fgcolor="#000000" bgcolor="#BFBFFF"
             type="rectangle" x="622" y="613" width="46" height="17"/>
    </entry>
    <entry id="42" name="ko:K04570" type="ortholog"
        link="https://www.kegg.jp/dbget-bin/www_bget?K04570">
        <graphics name="K04570" fgcolor="#000000" bgcolor="#BFBFFF"
             type="rectangle" x="877" y="626" width="46" height="17"/>
    </entry>
    <entry id="43" name="ko:K03172 ko:K03173 ko:K03174 ko:K03175 ko:K09848 ko:K09849" type="ortholog"
        link="https://www.kegg.jp/dbget-bin/www_bget?K03172+K03173+K03174+K03175+K09848+K09849">
        <graphics name="K03172..." fgcolor="#000000" bgcolor="#BFBFFF"
             type="rectangle" x="877" y="648" width="46" height="17"/>
    </entry>
    <entry id="44" name="ko:K17454 ko:K09389 ko:K06620" type="ortholog"
        link="https://www.kegg.jp/dbget-bin/www_bget?K17454+K09389+K06620">
        <graphics name="K17454..." fgcolor="#000000" bgcolor="#BFBFFF"
             type="rectangle" x="986" y="406" width="46" height="17"/>
    </entry>
    <entry id="45" name="ko:K02089 ko:K02091" type="ortholog"
        link="https://www.kegg.jp/dbget-bin/www_bget?K02089+K02091">
        <graphics name="K02089..." fgcolor="#000000" bgcolor="#BFBFFF"
             type="rectangle" x="847" y="304" width="46" height="17"/>
    </entry>
    <entry id="46" name="ko:K02580 ko:K04735" type="ortholog"
        link="https://www.kegg.jp/dbget-bin/www_bget?K02580+K04735">
        <graphics name="K02580..." fgcolor="#000000" bgcolor="#BFBFFF"
             type="rectangle" x="622" y="646" width="46" height="17"/>
    </entry>
    <entry id="47" name="ko:K06618" type="ortholog"
        link="https://www.kegg.jp/dbget-bin/www_bget?K06618">
        <graphics name="K06618" fgcolor="#000000" bgcolor="#BFBFFF"
             type="rectangle" x="986" y="369" width="46" height="17"/>
    </entry>
    <entry id="48" name="ko:K03875" type="ortholog"
        link="https://www.kegg.jp/dbget-bin/www_bget?K03875">
        <graphics name="K03875" fgcolor="#000000" bgcolor="#BFBFFF"
             type="rectangle" x="838" y="400" width="46" height="17"/>
    </entry>
    <entry id="49" name="ko:K04685" type="ortholog"
        link="https://www.kegg.jp/dbget-bin/www_bget?K04685">
        <graphics name="K04685" fgcolor="#000000" bgcolor="#BFBFFF"
             type="rectangle" x="746" y="303" width="46" height="17"/>
    </entry>
    <entry id="114" name="path:ko04151" type="map"
        link="https://www.kegg.jp/dbget-bin/www_bget?ko04151">
        <graphics name="PI3K-Akt signaling pathway" fgcolor="#000000" bgcolor="#FFFFFF"
             type="roundrectangle" x="497" y="663" width="102" height="34"/>
    </entry>
    <entry id="115" name="ko:K02159" type="ortholog"
        link="https://www.kegg.jp/dbget-bin/www_bget?K02159">
        <graphics name="K02159" fgcolor="#000000" bgcolor="#BFBFFF"
             type="rectangle" x="373" y="337" width="46" height="17"/>
    </entry>
    <entry id="116" name="ko:K02187" type="ortholog"
        link="https://www.kegg.jp/dbget-bin/www_bget?K02187">
        <graphics name="K02187" fgcolor="#000000" bgcolor="#BFBFFF"
             type="rectangle" x="638" y="366" width="46" height="17"/>
    </entry>
    <entry id="119" name="ko:K04451" type="ortholog"
        link="https://www.kegg.jp/dbget-bin/www_bget?K04451">
        <graphics name="K04451" fgcolor="#000000" bgcolor="#BFBFFF"
             type="rectangle" x="802" y="209" width="46" height="17"/>
    </entry>
    <entry id="125" name="ko:K06625" type="ortholog"
        link="https://www.kegg.jp/dbget-bin/www_bget?K06625">
        <graphics name="K06625" fgcolor="#000000" bgcolor="#BFBFFF"
             type="rectangle" x="932" y="189" width="46" height="17"/>
    </entry>
    <entry id="126" name="ko:K04402" type="ortholog"
        link="https://www.kegg.jp/dbget-bin/www_bget?K04402">
        <graphics name="K04402" fgcolor="#000000" bgcolor="#BFBFFF"
             type="rectangle" x="984" y="189" width="46" height="17"/>
    </entry>
    <entry id="127" name="ko:K02159" type="ortholog"
        link="https://www.kegg.jp/dbget-bin/www_bget?K02159">
        <graphics name="K02159" fgcolor="#000000" bgcolor="#BFBFFF"
             type="rectangle" x="932" y="211" width="46" height="17"/>
    </entry>
    <entry id="128" name="ko:K14021" type="ortholog"
        link="https://www.kegg.jp/dbget-bin/www_bget?K14021">
        <graphics name="K14021" fgcolor="#000000" bgcolor="#BFBFFF"
             type="rectangle" x="984" y="211" width="46" height="17"/>
    </entry>
    <entry id="129" name="ko:K10140" type="ortholog"
        link="https://www.kegg.jp/dbget-bin/www_bget?K10140">
        <graphics name="K10140" fgcolor="#000000" bgcolor="#BFBFFF"
             type="rectangle" x="932" y="233" width="46" height="17"/>
    </entry>
    <entry id="130" name="ko:K03511" type="ortholog"
        link="https://www.kegg.jp/dbget-bin/www_bget?K03511">
        <graphics name="K03511" fgcolor="#000000" bgcolor="#BFBFFF"
             type="rectangle" x="984" y="233" width="46" height="17"/>
    </entry>
    <entry id="131" name="undefined" type="group">
        <graphics fgcolor="#000000" bgcolor="#FFFFFF"
             type="rectangle" x="223" y="612" width="46" height="34"/>
        <component id="12"/>
        <component id="13"/>
    </entry>
    <entry id="132" name="undefined" type="group">
        <graphics fgcolor="#000000" bgcolor="#FFFFFF"
             type="rectangle" x="847" y="312" width="46" height="34"/>
        <component id="45"/>
        <component id="8"/>
    </entry>
    <entry id="133" name="undefined" type="group">
        <graphics fgcolor="#000000" bgcolor="#FFFFFF"
             type="rectangle" x="908" y="368" width="46" height="34"/>
        <component id="6"/>
        <component id="7"/>
    </entry>
    <entry id="134" name="undefined" type="group">
        <graphics fgcolor="#000000" bgcolor="#FFFFFF"
             type="rectangle" x="780" y="528" width="46" height="34"/>
        <component id="24"/>
        <component id="25"/>
    </entry>
    <entry id="135" name="undefined" type="group">
        <graphics fgcolor="#000000" bgcolor="#FFFFFF"
             type="rectangle" x="844" y="120" width="46" height="34"/>
        <component id="18"/>
        <component id="19"/>
    </entry>
    <relation entry1="27" entry2="20" type="PPrel">
        <subtype name="compound" value="15"/>
    </relation>
    <relation entry1="21" entry2="48" type="PPrel">
        <subtype name="activation" value="--&gt;"/>
    </relation>
    <relation entry1="31" entry2="131" type="PPrel">
        <subtype name="activation" value="--&gt;"/>
    </relation>
    <relation entry1="131" entry2="28" type="PPrel">
        <subtype name="activation" value="--&gt;"/>
    </relation>
    <relation entry1="28" entry2="27" type="PPrel">
        <subtype name="activation" value="--&gt;"/>
    </relation>
    <relation entry1="20" entry2="40" type="PPrel">
        <subtype name="activation" value="--&gt;"/>
        <subtype name="phosphorylation" value="+p"/>
    </relation>
    <relation entry1="40" entry2="41" type="PPrel">
        <subtype name="activation" value="--&gt;"/>
        <subtype name="phosphorylation" value="+p"/>
    </relation>
    <relation entry1="132" entry2="47" type="PPrel">
        <subtype name="activation" value="--&gt;"/>
        <subtype name="phosphorylation" value="+p"/>
    </relation>
    <relation entry1="133" entry2="47" type="PPrel">
        <subtype name="activation" value="--&gt;"/>
        <subtype name="phosphorylation" value="+p"/>
    </relation>
    <relation entry1="14" entry2="49" type="GErel">
        <subtype name="expression" value="--&gt;"/>
    </relation>
    <relation entry1="134" entry2="132" type="GErel">
        <subtype name="expression" value="--&gt;"/>
    </relation>
    <relation entry1="46" entry2="37" type="GErel">
        <subtype name="expression" value="--&gt;"/>
    </relation>
    <relation entry1="46" entry2="35" type="GErel">
        <subtype name="expression" value="--&gt;"/>
    </relation>
    <relation entry1="46" entry2="42" type="GErel">
        <subtype name="expression" value="--&gt;"/>
    </relation>
    <relation entry1="46" entry2="43" type="GErel">
        <subtype name="expression" value="--&gt;"/>
    </relation>
    <relation entry1="46" entry2="39" type="GErel">
        <subtype name="expression" value="--&gt;"/>
    </relation>
    <relation entry1="46" entry2="38" type="GErel">
        <subtype name="expression" value="--&gt;"/>
    </relation>
    <relation entry1="48" entry2="17" type="PPrel">
        <subtype name="inhibition" value="--|"/>
    </relation>
    <relation entry1="17" entry2="133" type="PPrel">
        <subtype name="inhibition" value="--|"/>
    </relation>
    <relation entry1="44" entry2="47" type="PPrel">
        <subtype name="dissociation" value="-+-"/>
    </relation>
    <relation entry1="41" entry2="46" type="PPrel">
        <subtype name="dissociation" value="-+-"/>
    </relation>
    <relation entry1="134" entry2="21" type="GErel">
        <subtype name="expression" value="--&gt;"/>
    </relation>
    <relation entry1="49" entry2="132" type="PPrel">
        <subtype name="inhibition" value="--|"/>
    </relation>
    <relation entry1="16" entry2="135" type="PCrel">
        <subtype name="missing interaction" value="-/-"/>
    </relation>
    <relation entry1="30" entry2="22" type="PPrel">
        <subtype name="missing interaction" value="-/-"/>
    </relation>
    <relation entry1="23" entry2="22" type="PPrel">
        <subtype name="missing interaction" value="-/-"/>
    </relation>
    <relation entry1="26" entry2="15" type="PCrel">
        <subtype name="missing interaction" value="-/-"/>
    </relation>
    <relation entry1="134" entry2="14" type="PPrel">
        <subtype name="inhibition" value="--|"/>
    </relation>
    <relation entry1="36" entry2="115" type="PPrel">
        <subtype name="inhibition" value="--|"/>
    </relation>
    <relation entry1="22" entry2="116" type="PPrel">
        <subtype name="missing interaction" value="-/-"/>
    </relation>
    <relation entry1="119" entry2="125" type="PPrel">
        <subtype name="missing interaction" value="-/-"/>
    </relation>
    <relation entry1="119" entry2="126" type="PPrel">
        <subtype name="missing interaction" value="-/-"/>
    </relation>
    <relation entry1="119" entry2="127" type="PPrel">
        <subtype name="missing interaction" value="-/-"/>
    </relation>
    <relation entry1="119" entry2="128" type="PPrel">
        <subtype name="missing interaction" value="-/-"/>
    </relation>
    <relation entry1="119" entry2="129" type="PPrel">
        <subtype name="missing interaction" value="-/-"/>
    </relation>
    <relation entry1="119" entry2="130" type="PPrel">
        <subtype name="missing interaction" value="-/-"/>
    </relation>
</pathway>
