<?xml version="1.0"?>
<!DOCTYPE pathway SYSTEM "https://www.kegg.jp/kegg/xml/KGML_v0.7.2_.dtd">
<!-- Creation date: May 29, 2020 15:23:13 +0900 (GMT+9) -->
<pathway name="path:ko05202" org="ko" number="05202"
         title="Transcriptional misregulation in cancer"
         image="https://www.kegg.jp/kegg/pathway/ko/ko05202.png"
         link="https://www.kegg.jp/kegg-bin/show_pathway?ko05202">
    <entry id="3" name="path:ko05202" type="map"
        link="https://www.kegg.jp/dbget-bin/www_bget?ko05202">
        <graphics name="TITLE:Transcriptional misregulation in cancer" fgcolor="#000000" bgcolor="#FFFFFF"
             type="roundrectangle" x="222" y="58" width="363" height="25"/>
    </entry>
    <entry id="5" name="ko:K13209" type="ortholog"
        link="https://www.kegg.jp/dbget-bin/www_bget?K13209">
        <graphics name="K13209" fgcolor="#000000" bgcolor="#BFBFFF"
             type="rectangle" x="1280" y="282" width="46" height="17"/>
    </entry>
    <entry id="6" name="ko:K09436" type="ortholog"
        link="https://www.kegg.jp/dbget-bin/www_bget?K09436">
        <graphics name="K09436" fgcolor="#000000" bgcolor="#BFBFFF"
             type="rectangle" x="1335" y="282" width="46" height="17"/>
    </entry>
    <entry id="7" name="ko:K13209" type="ortholog"
        link="https://www.kegg.jp/dbget-bin/www_bget?K13209">
        <graphics name="K13209" fgcolor="#000000" bgcolor="#BFBFFF"
             type="rectangle" x="1280" y="322" width="46" height="17"/>
    </entry>
    <entry id="8" name="ko:K09435" type="ortholog"
        link="https://www.kegg.jp/dbget-bin/www_bget?K09435">
        <graphics name="K09435" fgcolor="#000000" bgcolor="#BFBFFF"
             type="rectangle" x="1335" y="322" width="46" height="17"/>
    </entry>
    <entry id="9" name="ko:K13209" type="ortholog"
        link="https://www.kegg.jp/dbget-bin/www_bget?K13209">
        <graphics name="K13209" fgcolor="#000000" bgcolor="#BFBFFF"
             type="rectangle" x="1280" y="369" width="46" height="17"/>
    </entry>
    <entry id="10" name="ko:K09431" type="ortholog"
        link="https://www.kegg.jp/dbget-bin/www_bget?K09431">
        <graphics name="K09431" fgcolor="#000000" bgcolor="#BFBFFF"
             type="rectangle" x="1335" y="369" width="46" height="17"/>
    </entry>
    <entry id="11" name="ko:K13209" type="ortholog"
        link="https://www.kegg.jp/dbget-bin/www_bget?K13209">
        <graphics name="K13209" fgcolor="#000000" bgcolor="#BFBFFF"
             type="rectangle" x="1280" y="410" width="46" height="17"/>
    </entry>
    <entry id="12" name="ko:K15592" type="ortholog"
        link="https://www.kegg.jp/dbget-bin/www_bget?K15592">
        <graphics name="K15592" fgcolor="#000000" bgcolor="#BFBFFF"
             type="rectangle" x="1335" y="410" width="46" height="17"/>
    </entry>
    <entry id="13" name="ko:K13209" type="ortholog"
        link="https://www.kegg.jp/dbget-bin/www_bget?K13209">
        <graphics name="K13209" fgcolor="#000000" bgcolor="#BFBFFF"
             type="rectangle" x="1280" y="454" width="46" height="17"/>
    </entry>
    <entry id="14" name="ko:K09437" type="ortholog"
        link="https://www.kegg.jp/dbget-bin/www_bget?K09437">
        <graphics name="K09437" fgcolor="#000000" bgcolor="#BFBFFF"
             type="rectangle" x="1335" y="454" width="46" height="17"/>
    </entry>
    <entry id="15" name="ko:K13209" type="ortholog"
        link="https://www.kegg.jp/dbget-bin/www_bget?K13209">
        <graphics name="K13209" fgcolor="#000000" bgcolor="#BFBFFF"
             type="rectangle" x="1280" y="521" width="46" height="17"/>
    </entry>
    <entry id="16" name="ko:K09053" type="ortholog"
        link="https://www.kegg.jp/dbget-bin/www_bget?K09053">
        <graphics name="K09053" fgcolor="#000000" bgcolor="#BFBFFF"
             type="rectangle" x="1335" y="521" width="46" height="17"/>
    </entry>
    <entry id="17" name="ko:K13209" type="ortholog"
        link="https://www.kegg.jp/dbget-bin/www_bget?K13209">
        <graphics name="K13209" fgcolor="#000000" bgcolor="#BFBFFF"
             type="rectangle" x="1280" y="594" width="46" height="17"/>
    </entry>
    <entry id="18" name="ko:K09234" type="ortholog"
        link="https://www.kegg.jp/dbget-bin/www_bget?K09234">
        <graphics name="K09234" fgcolor="#000000" bgcolor="#BFBFFF"
             type="rectangle" x="1335" y="594" width="46" height="17"/>
    </entry>
    <entry id="19" name="ko:K13209" type="ortholog"
        link="https://www.kegg.jp/dbget-bin/www_bget?K13209">
        <graphics name="K13209" fgcolor="#000000" bgcolor="#BFBFFF"
             type="rectangle" x="1280" y="679" width="46" height="17"/>
    </entry>
    <entry id="20" name="ko:K08559" type="ortholog"
        link="https://www.kegg.jp/dbget-bin/www_bget?K08559">
        <graphics name="K08559" fgcolor="#000000" bgcolor="#BFBFFF"
             type="rectangle" x="1335" y="679" width="46" height="17"/>
    </entry>
    <entry id="21" name="ko:K13098" type="ortholog"
        link="https://www.kegg.jp/dbget-bin/www_bget?K13098">
        <graphics name="K13098" fgcolor="#000000" bgcolor="#BFBFFF"
             type="rectangle" x="1280" y="765" width="46" height="17"/>
    </entry>
    <entry id="22" name="ko:K04452" type="ortholog"
        link="https://www.kegg.jp/dbget-bin/www_bget?K04452">
        <graphics name="K04452" fgcolor="#000000" bgcolor="#BFBFFF"
             type="rectangle" x="1335" y="765" width="46" height="17"/>
    </entry>
    <entry id="23" name="ko:K13209" type="ortholog"
        link="https://www.kegg.jp/dbget-bin/www_bget?K13209">
        <graphics name="K13209" fgcolor="#000000" bgcolor="#BFBFFF"
             type="rectangle" x="1280" y="811" width="46" height="17"/>
    </entry>
    <entry id="24" name="ko:K04452" type="ortholog"
        link="https://www.kegg.jp/dbget-bin/www_bget?K04452">
        <graphics name="K04452" fgcolor="#000000" bgcolor="#BFBFFF"
             type="rectangle" x="1335" y="811" width="46" height="17"/>
    </entry>
    <entry id="25" name="ko:K09381" type="ortholog"
        link="https://www.kegg.jp/dbget-bin/www_bget?K09381">
        <graphics name="K09381" fgcolor="#000000" bgcolor="#BFBFFF"
             type="rectangle" x="1280" y="871" width="46" height="17"/>
    </entry>
    <entry id="26" name="ko:K07201" type="ortholog"
        link="https://www.kegg.jp/dbget-bin/www_bget?K07201">
        <graphics name="K07201" fgcolor="#000000" bgcolor="#BFBFFF"
             type="rectangle" x="1335" y="871" width="46" height="17"/>
    </entry>
    <entry id="27" name="ko:K09381" type="ortholog"
        link="https://www.kegg.jp/dbget-bin/www_bget?K09381">
        <graphics name="K09381" fgcolor="#000000" bgcolor="#BFBFFF"
             type="rectangle" x="1280" y="918" width="46" height="17"/>
    </entry>
    <entry id="28" name="ko:K07201" type="ortholog"
        link="https://www.kegg.jp/dbget-bin/www_bget?K07201">
        <graphics name="K07201" fgcolor="#000000" bgcolor="#BFBFFF"
             type="rectangle" x="1335" y="918" width="46" height="17"/>
    </entry>
    <entry id="29" name="ko:K15623" type="ortholog"
        link="https://www.kegg.jp/dbget-bin/www_bget?K15623">
        <graphics name="K15623" fgcolor="#000000" bgcolor="#BFBFFF"
             type="rectangle" x="1280" y="970" width="46" height="17"/>
    </entry>
    <entry id="30" name="ko:K15624 ko:K15625" type="ortholog"
        link="https://www.kegg.jp/dbget-bin/www_bget?K15624+K15625">
        <graphics name="K15624..." fgcolor="#000000" bgcolor="#BFBFFF"
             type="rectangle" x="1335" y="970" width="46" height="17"/>
    </entry>
    <entry id="31" name="ko:K15627" type="ortholog"
        link="https://www.kegg.jp/dbget-bin/www_bget?K15627">
        <graphics name="K15627" fgcolor="#000000" bgcolor="#BFBFFF"
             type="rectangle" x="1280" y="1025" width="46" height="17"/>
    </entry>
    <entry id="32" name="ko:K09105" type="ortholog"
        link="https://www.kegg.jp/dbget-bin/www_bget?K09105">
        <graphics name="K09105" fgcolor="#000000" bgcolor="#BFBFFF"
             type="rectangle" x="1335" y="1025" width="46" height="17"/>
    </entry>
    <entry id="35" name="ko:K04377" type="ortholog"
        link="https://www.kegg.jp/dbget-bin/www_bget?K04377">
        <graphics name="K04377" fgcolor="#000000" bgcolor="#BFBFFF"
             type="rectangle" x="1503" y="297" width="46" height="17"/>
    </entry>
    <entry id="36" name="ko:K17693" type="ortholog"
        link="https://www.kegg.jp/dbget-bin/www_bget?K17693">
        <graphics name="K17693" fgcolor="#000000" bgcolor="#BFBFFF"
             type="rectangle" x="1503" y="320" width="46" height="17"/>
    </entry>
    <entry id="39" name="ko:K15589" type="ortholog"
        link="https://www.kegg.jp/dbget-bin/www_bget?K15589">
        <graphics name="K15589" fgcolor="#000000" bgcolor="#BFBFFF"
             type="rectangle" x="1503" y="497" width="46" height="17"/>
    </entry>
    <entry id="40" name="ko:K04728" type="ortholog"
        link="https://www.kegg.jp/dbget-bin/www_bget?K04728">
        <graphics name="K04728" fgcolor="#000000" bgcolor="#BFBFFF"
             type="rectangle" x="1503" y="521" width="46" height="17"/>
    </entry>
    <entry id="43" name="ko:K04359" type="ortholog"
        link="https://www.kegg.jp/dbget-bin/www_bget?K04359">
        <graphics name="K04359" fgcolor="#000000" bgcolor="#BFBFFF"
             type="rectangle" x="1503" y="580" width="46" height="17"/>
    </entry>
    <entry id="44" name="ko:K05069" type="ortholog"
        link="https://www.kegg.jp/dbget-bin/www_bget?K05069">
        <graphics name="K05069" fgcolor="#000000" bgcolor="#BFBFFF"
             type="rectangle" x="1556" y="580" width="46" height="17"/>
    </entry>
    <entry id="45" name="ko:K15621" type="ortholog"
        link="https://www.kegg.jp/dbget-bin/www_bget?K15621">
        <graphics name="K15621" fgcolor="#000000" bgcolor="#BFBFFF"
             type="rectangle" x="1503" y="603" width="46" height="17"/>
    </entry>
    <entry id="46" name="ko:K06571" type="ortholog"
        link="https://www.kegg.jp/dbget-bin/www_bget?K06571">
        <graphics name="K06571" fgcolor="#000000" bgcolor="#BFBFFF"
             type="rectangle" x="1503" y="626" width="46" height="17"/>
    </entry>
    <entry id="47" name="ko:K15622" type="ortholog"
        link="https://www.kegg.jp/dbget-bin/www_bget?K15622">
        <graphics name="K15622" fgcolor="#000000" bgcolor="#BFBFFF"
             type="rectangle" x="1503" y="649" width="46" height="17"/>
    </entry>
    <entry id="48" name="ko:K08530" type="ortholog"
        link="https://www.kegg.jp/dbget-bin/www_bget?K08530">
        <graphics name="K08530" fgcolor="#000000" bgcolor="#BFBFFF"
             type="rectangle" x="1503" y="679" width="46" height="17"/>
    </entry>
    <entry id="52" name="ko:K05099" type="ortholog"
        link="https://www.kegg.jp/dbget-bin/www_bget?K05099">
        <graphics name="K05099" fgcolor="#000000" bgcolor="#BFBFFF"
             type="rectangle" x="1506" y="1025" width="46" height="17"/>
    </entry>
    <entry id="55" name="ko:K05096" type="ortholog"
        link="https://www.kegg.jp/dbget-bin/www_bget?K05096">
        <graphics name="K05096" fgcolor="#000000" bgcolor="#BFBFFF"
             type="rectangle" x="1503" y="871" width="46" height="17"/>
    </entry>
    <entry id="56" name="ko:K15626" type="ortholog"
        link="https://www.kegg.jp/dbget-bin/www_bget?K15626">
        <graphics name="K15626" fgcolor="#000000" bgcolor="#BFBFFF"
             type="rectangle" x="1506" y="970" width="46" height="17"/>
    </entry>
    <entry id="63" name="ko:K06625" type="ortholog"
        link="https://www.kegg.jp/dbget-bin/www_bget?K06625">
        <graphics name="K06625" fgcolor="#000000" bgcolor="#BFBFFF"
             type="rectangle" x="1503" y="367" width="46" height="17"/>
    </entry>
    <entry id="64" name="ko:K10138" type="ortholog"
        link="https://www.kegg.jp/dbget-bin/www_bget?K10138">
        <graphics name="K10138" fgcolor="#000000" bgcolor="#BFBFFF"
             type="rectangle" x="1503" y="413" width="46" height="17"/>
    </entry>
    <entry id="67" name="ko:K04388" type="ortholog"
        link="https://www.kegg.jp/dbget-bin/www_bget?K04388">
        <graphics name="K04388" fgcolor="#000000" bgcolor="#BFBFFF"
             type="rectangle" x="1503" y="390" width="46" height="17"/>
    </entry>
    <entry id="68" name="ko:K05459" type="ortholog"
        link="https://www.kegg.jp/dbget-bin/www_bget?K05459">
        <graphics name="K05459" fgcolor="#000000" bgcolor="#BFBFFF"
             type="rectangle" x="1503" y="274" width="46" height="17"/>
    </entry>
    <entry id="78" name="ko:K10048" type="ortholog"
        link="https://www.kegg.jp/dbget-bin/www_bget?K10048">
        <graphics name="K10048" fgcolor="#000000" bgcolor="#BFBFFF"
             type="rectangle" x="1409" y="765" width="46" height="17"/>
    </entry>
    <entry id="79" name="ko:K05405" type="ortholog"
        link="https://www.kegg.jp/dbget-bin/www_bget?K05405">
        <graphics name="K05405" fgcolor="#000000" bgcolor="#BFBFFF"
             type="rectangle" x="1519" y="766" width="46" height="17"/>
    </entry>
    <entry id="83" name="ko:K14242" type="ortholog"
        link="https://www.kegg.jp/dbget-bin/www_bget?K14242">
        <graphics name="K14242" fgcolor="#000000" bgcolor="#BFBFFF"
             type="rectangle" x="1410" y="795" width="46" height="17"/>
    </entry>
    <entry id="87" name="ko:K10030" type="ortholog"
        link="https://www.kegg.jp/dbget-bin/www_bget?K10030">
        <graphics name="K10030" fgcolor="#000000" bgcolor="#BFBFFF"
             type="rectangle" x="1519" y="812" width="46" height="17"/>
    </entry>
    <entry id="91" name="ko:K05459" type="ortholog"
        link="https://www.kegg.jp/dbget-bin/www_bget?K05459">
        <graphics name="K05459" fgcolor="#000000" bgcolor="#BFBFFF"
             type="rectangle" x="1503" y="449" width="46" height="17"/>
    </entry>
    <entry id="95" name="ko:K09293" type="ortholog"
        link="https://www.kegg.jp/dbget-bin/www_bget?K09293">
        <graphics name="K09293" fgcolor="#000000" bgcolor="#BFBFFF"
             type="rectangle" x="731" y="739" width="46" height="17"/>
    </entry>
    <entry id="96" name="ko:K08530" type="ortholog"
        link="https://www.kegg.jp/dbget-bin/www_bget?K08530">
        <graphics name="K08530" fgcolor="#000000" bgcolor="#BFBFFF"
             type="rectangle" x="786" y="739" width="46" height="17"/>
    </entry>
    <entry id="97" name="ko:K13105" type="ortholog"
        link="https://www.kegg.jp/dbget-bin/www_bget?K13105">
        <graphics name="K13105" fgcolor="#000000" bgcolor="#BFBFFF"
             type="rectangle" x="731" y="817" width="46" height="17"/>
    </entry>
    <entry id="98" name="ko:K09105" type="ortholog"
        link="https://www.kegg.jp/dbget-bin/www_bget?K09105">
        <graphics name="K09105" fgcolor="#000000" bgcolor="#BFBFFF"
             type="rectangle" x="786" y="817" width="46" height="17"/>
    </entry>
    <entry id="99" name="ko:K09633" type="ortholog"
        link="https://www.kegg.jp/dbget-bin/www_bget?K09633">
        <graphics name="K09633" fgcolor="#000000" bgcolor="#BFBFFF"
             type="rectangle" x="731" y="879" width="46" height="17"/>
    </entry>
    <entry id="100" name="ko:K09435" type="ortholog"
        link="https://www.kegg.jp/dbget-bin/www_bget?K09435">
        <graphics name="K09435" fgcolor="#000000" bgcolor="#BFBFFF"
             type="rectangle" x="786" y="879" width="46" height="17"/>
    </entry>
    <entry id="101" name="ko:K09633" type="ortholog"
        link="https://www.kegg.jp/dbget-bin/www_bget?K09633">
        <graphics name="K09633" fgcolor="#000000" bgcolor="#BFBFFF"
             type="rectangle" x="731" y="920" width="46" height="17"/>
    </entry>
    <entry id="102" name="ko:K09431" type="ortholog"
        link="https://www.kegg.jp/dbget-bin/www_bget?K09431">
        <graphics name="K09431" fgcolor="#000000" bgcolor="#BFBFFF"
             type="rectangle" x="786" y="920" width="46" height="17"/>
    </entry>
    <entry id="103" name="ko:K09633" type="ortholog"
        link="https://www.kegg.jp/dbget-bin/www_bget?K09633">
        <graphics name="K09633" fgcolor="#000000" bgcolor="#BFBFFF"
             type="rectangle" x="731" y="966" width="46" height="17"/>
    </entry>
    <entry id="104" name="ko:K15592" type="ortholog"
        link="https://www.kegg.jp/dbget-bin/www_bget?K15592">
        <graphics name="K15592" fgcolor="#000000" bgcolor="#BFBFFF"
             type="rectangle" x="786" y="966" width="46" height="17"/>
    </entry>
    <entry id="105" name="ko:K09633" type="ortholog"
        link="https://www.kegg.jp/dbget-bin/www_bget?K09633">
        <graphics name="K09633" fgcolor="#000000" bgcolor="#BFBFFF"
             type="rectangle" x="731" y="1012" width="46" height="17"/>
    </entry>
    <entry id="106" name="ko:K15593" type="ortholog"
        link="https://www.kegg.jp/dbget-bin/www_bget?K15593">
        <graphics name="K15593" fgcolor="#000000" bgcolor="#BFBFFF"
             type="rectangle" x="786" y="1012" width="46" height="17"/>
    </entry>
    <entry id="107" name="ko:K15379" type="ortholog"
        link="https://www.kegg.jp/dbget-bin/www_bget?K15379">
        <graphics name="K15379" fgcolor="#000000" bgcolor="#BFBFFF"
             type="rectangle" x="731" y="1055" width="46" height="17"/>
    </entry>
    <entry id="108" name="ko:K04376" type="ortholog"
        link="https://www.kegg.jp/dbget-bin/www_bget?K04376">
        <graphics name="K04376" fgcolor="#000000" bgcolor="#BFBFFF"
             type="rectangle" x="786" y="1055" width="46" height="17"/>
    </entry>
    <entry id="109" name="ko:K12823" type="ortholog"
        link="https://www.kegg.jp/dbget-bin/www_bget?K12823">
        <graphics name="K12823" fgcolor="#000000" bgcolor="#BFBFFF"
             type="rectangle" x="731" y="1092" width="46" height="17"/>
    </entry>
    <entry id="110" name="ko:K15592" type="ortholog"
        link="https://www.kegg.jp/dbget-bin/www_bget?K15592">
        <graphics name="K15592" fgcolor="#000000" bgcolor="#BFBFFF"
             type="rectangle" x="786" y="1092" width="46" height="17"/>
    </entry>
    <entry id="113" name="ko:K01348" type="ortholog"
        link="https://www.kegg.jp/dbget-bin/www_bget?K01348">
        <graphics name="K01348" fgcolor="#000000" bgcolor="#BFBFFF"
             type="rectangle" x="928" y="867" width="46" height="17"/>
    </entry>
    <entry id="114" name="ko:K01394 ko:K01403" type="ortholog"
        link="https://www.kegg.jp/dbget-bin/www_bget?K01394+K01403">
        <graphics name="K01394..." fgcolor="#000000" bgcolor="#BFBFFF"
             type="rectangle" x="928" y="889" width="46" height="17"/>
    </entry>
    <entry id="116" name="ko:K09299" type="ortholog"
        link="https://www.kegg.jp/dbget-bin/www_bget?K09299">
        <graphics name="K09299" fgcolor="#000000" bgcolor="#BFBFFF"
             type="rectangle" x="979" y="889" width="46" height="17"/>
    </entry>
    <entry id="117" name="ko:K04387" type="ortholog"
        link="https://www.kegg.jp/dbget-bin/www_bget?K04387">
        <graphics name="K04387" fgcolor="#000000" bgcolor="#BFBFFF"
             type="rectangle" x="928" y="911" width="46" height="17"/>
    </entry>
    <entry id="118" name="ko:K15619" type="ortholog"
        link="https://www.kegg.jp/dbget-bin/www_bget?K15619">
        <graphics name="K15619" fgcolor="#000000" bgcolor="#BFBFFF"
             type="rectangle" x="928" y="942" width="46" height="17"/>
    </entry>
    <entry id="123" name="ko:K01348" type="ortholog"
        link="https://www.kegg.jp/dbget-bin/www_bget?K01348">
        <graphics name="K01348" fgcolor="#000000" bgcolor="#BFBFFF"
             type="rectangle" x="928" y="1004" width="46" height="17"/>
    </entry>
    <entry id="124" name="ko:K01403" type="ortholog"
        link="https://www.kegg.jp/dbget-bin/www_bget?K01403">
        <graphics name="K01403" fgcolor="#000000" bgcolor="#BFBFFF"
             type="rectangle" x="928" y="1026" width="46" height="17"/>
    </entry>
    <entry id="126" name="ko:K08524 ko:K08525 ko:K08526" type="ortholog"
        link="https://www.kegg.jp/dbget-bin/www_bget?K08524+K08525+K08526">
        <graphics name="K08524..." fgcolor="#000000" bgcolor="#BFBFFF"
             type="rectangle" x="854" y="717" width="46" height="17"/>
    </entry>
    <entry id="127" name="ko:K08530" type="ortholog"
        link="https://www.kegg.jp/dbget-bin/www_bget?K08530">
        <graphics name="K08530" fgcolor="#000000" bgcolor="#BFBFFF"
             type="rectangle" x="854" y="757" width="46" height="17"/>
    </entry>
    <entry id="133" name="path:ko05216" type="map"
        link="https://www.kegg.jp/dbget-bin/www_bget?ko05216">
        <graphics name="Thyroid cancer" fgcolor="#000000" bgcolor="#FFFFFF"
             type="roundrectangle" x="1000" y="715" width="97" height="25"/>
    </entry>
    <entry id="134" name="ko:K06625" type="ortholog"
        link="https://www.kegg.jp/dbget-bin/www_bget?K06625">
        <graphics name="K06625" fgcolor="#000000" bgcolor="#BFBFFF"
             type="rectangle" x="928" y="817" width="46" height="17"/>
    </entry>
    <entry id="154" name="ko:K08367" type="ortholog"
        link="https://www.kegg.jp/dbget-bin/www_bget?K08367">
        <graphics name="K08367" fgcolor="#000000" bgcolor="#BFBFFF"
             type="rectangle" x="171" y="347" width="46" height="17"/>
    </entry>
    <entry id="155" name="ko:K10053" type="ortholog"
        link="https://www.kegg.jp/dbget-bin/www_bget?K10053">
        <graphics name="K10053" fgcolor="#000000" bgcolor="#BFBFFF"
             type="rectangle" x="226" y="347" width="46" height="17"/>
    </entry>
    <entry id="156" name="ko:K10054" type="ortholog"
        link="https://www.kegg.jp/dbget-bin/www_bget?K10054">
        <graphics name="K10054" fgcolor="#000000" bgcolor="#BFBFFF"
             type="rectangle" x="171" y="444" width="46" height="17"/>
    </entry>
    <entry id="157" name="ko:K08527" type="ortholog"
        link="https://www.kegg.jp/dbget-bin/www_bget?K08527">
        <graphics name="K08527" fgcolor="#000000" bgcolor="#BFBFFF"
             type="rectangle" x="226" y="444" width="46" height="17"/>
    </entry>
    <entry id="158" name="ko:K10055" type="ortholog"
        link="https://www.kegg.jp/dbget-bin/www_bget?K10055">
        <graphics name="K10055" fgcolor="#000000" bgcolor="#BFBFFF"
             type="rectangle" x="171" y="535" width="46" height="17"/>
    </entry>
    <entry id="159" name="ko:K08527" type="ortholog"
        link="https://www.kegg.jp/dbget-bin/www_bget?K08527">
        <graphics name="K08527" fgcolor="#000000" bgcolor="#BFBFFF"
             type="rectangle" x="226" y="535" width="46" height="17"/>
    </entry>
    <entry id="160" name="ko:K04377" type="ortholog"
        link="https://www.kegg.jp/dbget-bin/www_bget?K04377">
        <graphics name="K04377" fgcolor="#000000" bgcolor="#BFBFFF"
             type="rectangle" x="403" y="535" width="46" height="17"/>
    </entry>
    <entry id="161" name="ko:K06627" type="ortholog"
        link="https://www.kegg.jp/dbget-bin/www_bget?K06627">
        <graphics name="K06627" fgcolor="#000000" bgcolor="#BFBFFF"
             type="rectangle" x="403" y="447" width="46" height="17"/>
    </entry>
    <entry id="166" name="ko:K10056" type="ortholog"
        link="https://www.kegg.jp/dbget-bin/www_bget?K10056">
        <graphics name="K10056" fgcolor="#000000" bgcolor="#BFBFFF"
             type="rectangle" x="403" y="415" width="46" height="17"/>
    </entry>
    <entry id="176" name="ko:K10051" type="ortholog"
        link="https://www.kegg.jp/dbget-bin/www_bget?K10051">
        <graphics name="K10051" fgcolor="#000000" bgcolor="#BFBFFF"
             type="rectangle" x="403" y="479" width="46" height="17"/>
    </entry>
    <entry id="178" name="ko:K02162" type="ortholog"
        link="https://www.kegg.jp/dbget-bin/www_bget?K02162">
        <graphics name="K02162" fgcolor="#000000" bgcolor="#BFBFFF"
             type="rectangle" x="403" y="500" width="46" height="17"/>
    </entry>
    <entry id="179" name="ko:K09055" type="ortholog"
        link="https://www.kegg.jp/dbget-bin/www_bget?K09055">
        <graphics name="K09055" fgcolor="#000000" bgcolor="#BFBFFF"
             type="rectangle" x="316" y="272" width="46" height="17"/>
    </entry>
    <entry id="180" name="ko:K02633" type="ortholog"
        link="https://www.kegg.jp/dbget-bin/www_bget?K02633">
        <graphics name="K02633" fgcolor="#000000" bgcolor="#BFBFFF"
             type="rectangle" x="424" y="272" width="46" height="17"/>
    </entry>
    <entry id="185" name="ko:K09438" type="ortholog"
        link="https://www.kegg.jp/dbget-bin/www_bget?K09438">
        <graphics name="K09438" fgcolor="#000000" bgcolor="#BFBFFF"
             type="rectangle" x="316" y="361" width="46" height="17"/>
    </entry>
    <entry id="186" name="ko:K04391" type="ortholog"
        link="https://www.kegg.jp/dbget-bin/www_bget?K04391">
        <graphics name="K04391" fgcolor="#000000" bgcolor="#BFBFFF"
             type="rectangle" x="425" y="340" width="46" height="17"/>
    </entry>
    <entry id="187" name="ko:K06461" type="ortholog"
        link="https://www.kegg.jp/dbget-bin/www_bget?K06461">
        <graphics name="K06461" fgcolor="#000000" bgcolor="#BFBFFF"
             type="rectangle" x="425" y="362" width="46" height="17"/>
    </entry>
    <entry id="188" name="ko:K06498" type="ortholog"
        link="https://www.kegg.jp/dbget-bin/www_bget?K06498">
        <graphics name="K06498" fgcolor="#000000" bgcolor="#BFBFFF"
             type="rectangle" x="425" y="384" width="46" height="17"/>
    </entry>
    <entry id="196" name="path:ko05221" type="map"
        link="https://www.kegg.jp/dbget-bin/www_bget?ko05221">
        <graphics name="Acute myeloid leukemia" fgcolor="#000000" bgcolor="#FFFFFF"
             type="roundrectangle" x="162" y="219" width="137" height="25"/>
    </entry>
    <entry id="231" name="ko:K09254" type="ortholog"
        link="https://www.kegg.jp/dbget-bin/www_bget?K09254">
        <graphics name="K09254" fgcolor="#000000" bgcolor="#BFBFFF"
             type="rectangle" x="731" y="387" width="46" height="17"/>
    </entry>
    <entry id="232" name="ko:K02162" type="ortholog"
        link="https://www.kegg.jp/dbget-bin/www_bget?K02162">
        <graphics name="K02162" fgcolor="#000000" bgcolor="#BFBFFF"
             type="rectangle" x="913" y="376" width="46" height="17"/>
    </entry>
    <entry id="233" name="ko:K16060" type="ortholog"
        link="https://www.kegg.jp/dbget-bin/www_bget?K16060">
        <graphics name="K16060" fgcolor="#000000" bgcolor="#BFBFFF"
             type="rectangle" x="966" y="376" width="46" height="17"/>
    </entry>
    <entry id="234" name="ko:K03172" type="ortholog"
        link="https://www.kegg.jp/dbget-bin/www_bget?K03172">
        <graphics name="K03172" fgcolor="#000000" bgcolor="#BFBFFF"
             type="rectangle" x="913" y="398" width="46" height="17"/>
    </entry>
    <entry id="235" name="ko:K04570" type="ortholog"
        link="https://www.kegg.jp/dbget-bin/www_bget?K04570">
        <graphics name="K04570" fgcolor="#000000" bgcolor="#BFBFFF"
             type="rectangle" x="966" y="398" width="46" height="17"/>
    </entry>
    <entry id="236" name="ko:K05413" type="ortholog"
        link="https://www.kegg.jp/dbget-bin/www_bget?K05413">
        <graphics name="K05413" fgcolor="#000000" bgcolor="#BFBFFF"
             type="rectangle" x="913" y="420" width="46" height="17"/>
    </entry>
    <entry id="237" name="ko:K03160" type="ortholog"
        link="https://www.kegg.jp/dbget-bin/www_bget?K03160">
        <graphics name="K03160" fgcolor="#000000" bgcolor="#BFBFFF"
             type="rectangle" x="966" y="420" width="46" height="17"/>
    </entry>
    <entry id="241" name="ko:K09063" type="ortholog"
        link="https://www.kegg.jp/dbget-bin/www_bget?K09063">
        <graphics name="K09063" fgcolor="#000000" bgcolor="#BFBFFF"
             type="rectangle" x="171" y="665" width="46" height="17"/>
    </entry>
    <entry id="242" name="ko:K09355" type="ortholog"
        link="https://www.kegg.jp/dbget-bin/www_bget?K09355">
        <graphics name="K09355" fgcolor="#000000" bgcolor="#BFBFFF"
             type="rectangle" x="226" y="665" width="46" height="17"/>
    </entry>
    <entry id="243" name="ko:K03211" type="ortholog"
        link="https://www.kegg.jp/dbget-bin/www_bget?K03211">
        <graphics name="K03211" fgcolor="#000000" bgcolor="#BFBFFF"
             type="rectangle" x="171" y="739" width="46" height="17"/>
    </entry>
    <entry id="244" name="ko:K08367" type="ortholog"
        link="https://www.kegg.jp/dbget-bin/www_bget?K08367">
        <graphics name="K08367" fgcolor="#000000" bgcolor="#BFBFFF"
             type="rectangle" x="226" y="739" width="46" height="17"/>
    </entry>
    <entry id="247" name="ko:K01558" type="ortholog"
        link="https://www.kegg.jp/dbget-bin/www_bget?K01558">
        <graphics name="K01558" fgcolor="#000000" bgcolor="#BFBFFF"
             type="rectangle" x="403" y="665" width="46" height="17"/>
    </entry>
    <entry id="250" name="ko:K04650" type="ortholog"
        link="https://www.kegg.jp/dbget-bin/www_bget?K04650">
        <graphics name="K04650" fgcolor="#000000" bgcolor="#BFBFFF"
             type="rectangle" x="261" y="786" width="46" height="17"/>
    </entry>
    <entry id="251" name="ko:K11644" type="ortholog"
        link="https://www.kegg.jp/dbget-bin/www_bget?K11644">
        <graphics name="K11644" fgcolor="#000000" bgcolor="#BFBFFF"
             type="rectangle" x="261" y="769" width="46" height="17"/>
    </entry>
    <entry id="261" name="ko:K09186" type="ortholog"
        link="https://www.kegg.jp/dbget-bin/www_bget?K09186">
        <graphics name="K09186" fgcolor="#000000" bgcolor="#BFBFFF"
             type="rectangle" x="171" y="941" width="46" height="17"/>
    </entry>
    <entry id="262" name="ko:K15184" type="ortholog"
        link="https://www.kegg.jp/dbget-bin/www_bget?K15184">
        <graphics name="K15184" fgcolor="#000000" bgcolor="#BFBFFF"
             type="rectangle" x="226" y="941" width="46" height="17"/>
    </entry>
    <entry id="263" name="ko:K15612" type="ortholog"
        link="https://www.kegg.jp/dbget-bin/www_bget?K15612">
        <graphics name="K15612" fgcolor="#000000" bgcolor="#BFBFFF"
             type="rectangle" x="372" y="825" width="46" height="17"/>
    </entry>
    <entry id="264" name="ko:K09278" type="ortholog"
        link="https://www.kegg.jp/dbget-bin/www_bget?K09278">
        <graphics name="K09278" fgcolor="#000000" bgcolor="#BFBFFF"
             type="rectangle" x="372" y="847" width="46" height="17"/>
    </entry>
    <entry id="265" name="ko:K21950" type="ortholog"
        link="https://www.kegg.jp/dbget-bin/www_bget?K21950">
        <graphics name="K21950" fgcolor="#000000" bgcolor="#BFBFFF"
             type="rectangle" x="372" y="891" width="46" height="17"/>
    </entry>
    <entry id="266" name="ko:K17443" type="ortholog"
        link="https://www.kegg.jp/dbget-bin/www_bget?K17443">
        <graphics name="K17443" fgcolor="#000000" bgcolor="#BFBFFF"
             type="rectangle" x="425" y="891" width="46" height="17"/>
    </entry>
    <entry id="267" name="ko:K15610" type="ortholog"
        link="https://www.kegg.jp/dbget-bin/www_bget?K15610">
        <graphics name="K15610" fgcolor="#000000" bgcolor="#BFBFFF"
             type="rectangle" x="425" y="825" width="46" height="17"/>
    </entry>
    <entry id="268" name="ko:K04676" type="ortholog"
        link="https://www.kegg.jp/dbget-bin/www_bget?K04676">
        <graphics name="K04676" fgcolor="#000000" bgcolor="#BFBFFF"
             type="rectangle" x="425" y="847" width="46" height="17"/>
    </entry>
    <entry id="269" name="ko:K04454" type="ortholog"
        link="https://www.kegg.jp/dbget-bin/www_bget?K04454">
        <graphics name="K04454" fgcolor="#000000" bgcolor="#BFBFFF"
             type="rectangle" x="425" y="869" width="46" height="17"/>
    </entry>
    <entry id="270" name="ko:K15605" type="ortholog"
        link="https://www.kegg.jp/dbget-bin/www_bget?K15605">
        <graphics name="K15605" fgcolor="#000000" bgcolor="#BFBFFF"
             type="rectangle" x="372" y="869" width="46" height="17"/>
    </entry>
    <entry id="271" name="ko:K11449" type="ortholog"
        link="https://www.kegg.jp/dbget-bin/www_bget?K11449">
        <graphics name="K11449" fgcolor="#000000" bgcolor="#BFBFFF"
             type="rectangle" x="372" y="931" width="46" height="17"/>
    </entry>
    <entry id="272" name="ko:K11447" type="ortholog"
        link="https://www.kegg.jp/dbget-bin/www_bget?K11447">
        <graphics name="K11447" fgcolor="#000000" bgcolor="#BFBFFF"
             type="rectangle" x="372" y="953" width="46" height="17"/>
    </entry>
    <entry id="273" name="ko:K09283" type="ortholog"
        link="https://www.kegg.jp/dbget-bin/www_bget?K09283">
        <graphics name="K09283" fgcolor="#000000" bgcolor="#BFBFFF"
             type="rectangle" x="425" y="931" width="46" height="17"/>
    </entry>
    <entry id="274" name="ko:K11313" type="ortholog"
        link="https://www.kegg.jp/dbget-bin/www_bget?K11313">
        <graphics name="K11313" fgcolor="#000000" bgcolor="#BFBFFF"
             type="rectangle" x="425" y="953" width="46" height="17"/>
    </entry>
    <entry id="275" name="ko:K06532" type="ortholog"
        link="https://www.kegg.jp/dbget-bin/www_bget?K06532">
        <graphics name="K06532" fgcolor="#000000" bgcolor="#BFBFFF"
             type="rectangle" x="372" y="999" width="46" height="17"/>
    </entry>
    <entry id="276" name="ko:K08854" type="ortholog"
        link="https://www.kegg.jp/dbget-bin/www_bget?K08854">
        <graphics name="K08854" fgcolor="#000000" bgcolor="#BFBFFF"
             type="rectangle" x="372" y="1021" width="46" height="17"/>
    </entry>
    <entry id="277" name="ko:K05092" type="ortholog"
        link="https://www.kegg.jp/dbget-bin/www_bget?K05092">
        <graphics name="K05092" fgcolor="#000000" bgcolor="#BFBFFF"
             type="rectangle" x="425" y="999" width="46" height="17"/>
    </entry>
    <entry id="278" name="ko:K05087" type="ortholog"
        link="https://www.kegg.jp/dbget-bin/www_bget?K05087">
        <graphics name="K05087" fgcolor="#000000" bgcolor="#BFBFFF"
             type="rectangle" x="425" y="1021" width="46" height="17"/>
    </entry>
    <entry id="279" name="ko:K06624" type="ortholog"
        link="https://www.kegg.jp/dbget-bin/www_bget?K06624">
        <graphics name="K06624" fgcolor="#000000" bgcolor="#BFBFFF"
             type="rectangle" x="372" y="1063" width="46" height="17"/>
    </entry>
    <entry id="280" name="ko:K08821" type="ortholog"
        link="https://www.kegg.jp/dbget-bin/www_bget?K08821">
        <graphics name="K08821" fgcolor="#000000" bgcolor="#BFBFFF"
             type="rectangle" x="372" y="1085" width="46" height="17"/>
    </entry>
    <entry id="288" name="ko:K09035" type="ortholog"
        link="https://www.kegg.jp/dbget-bin/www_bget?K09035">
        <graphics name="K09035" fgcolor="#000000" bgcolor="#BFBFFF"
             type="rectangle" x="786" y="523" width="46" height="17"/>
    </entry>
    <entry id="289" name="ko:K10151" type="ortholog"
        link="https://www.kegg.jp/dbget-bin/www_bget?K10151">
        <graphics name="K10151" fgcolor="#000000" bgcolor="#BFBFFF"
             type="rectangle" x="928" y="507" width="46" height="17"/>
    </entry>
    <entry id="292" name="ko:K06590" type="ortholog"
        link="https://www.kegg.jp/dbget-bin/www_bget?K06590">
        <graphics name="K06590" fgcolor="#000000" bgcolor="#BFBFFF"
             type="rectangle" x="928" y="537" width="46" height="17"/>
    </entry>
    <entry id="295" name="ko:K06856" type="ortholog"
        link="https://www.kegg.jp/dbget-bin/www_bget?K06856">
        <graphics name="K06856" fgcolor="#000000" bgcolor="#BFBFFF"
             type="rectangle" x="731" y="523" width="46" height="17"/>
    </entry>
    <entry id="298" name="ko:K09383" type="ortholog"
        link="https://www.kegg.jp/dbget-bin/www_bget?K09383">
        <graphics name="K09383" fgcolor="#000000" bgcolor="#BFBFFF"
             type="rectangle" x="731" y="641" width="46" height="17"/>
    </entry>
    <entry id="299" name="ko:K06856" type="ortholog"
        link="https://www.kegg.jp/dbget-bin/www_bget?K06856">
        <graphics name="K06856" fgcolor="#000000" bgcolor="#BFBFFF"
             type="rectangle" x="786" y="641" width="46" height="17"/>
    </entry>
    <entry id="305" name="ko:K09109" type="ortholog"
        link="https://www.kegg.jp/dbget-bin/www_bget?K09109">
        <graphics name="K09109" fgcolor="#000000" bgcolor="#BFBFFF"
             type="rectangle" x="1280" y="101" width="46" height="17"/>
    </entry>
    <entry id="306" name="ko:K04453" type="ortholog"
        link="https://www.kegg.jp/dbget-bin/www_bget?K04453">
        <graphics name="K04453" fgcolor="#000000" bgcolor="#BFBFFF"
             type="rectangle" x="1335" y="101" width="46" height="17"/>
    </entry>
    <entry id="313" name="ko:K04684" type="ortholog"
        link="https://www.kegg.jp/dbget-bin/www_bget?K04684">
        <graphics name="K04684" fgcolor="#000000" bgcolor="#BFBFFF"
             type="rectangle" x="1336" y="133" width="46" height="17"/>
    </entry>
    <entry id="314" name="ko:K10500" type="ortholog"
        link="https://www.kegg.jp/dbget-bin/www_bget?K10500">
        <graphics name="K10500" fgcolor="#000000" bgcolor="#BFBFFF"
             type="rectangle" x="1336" y="150" width="46" height="17"/>
    </entry>
    <entry id="316" name="ko:K06643" type="ortholog"
        link="https://www.kegg.jp/dbget-bin/www_bget?K06643">
        <graphics name="K06643" fgcolor="#000000" bgcolor="#BFBFFF"
             type="rectangle" x="1480" y="51" width="46" height="17"/>
    </entry>
    <entry id="318" name="ko:K04451" type="ortholog"
        link="https://www.kegg.jp/dbget-bin/www_bget?K04451">
        <graphics name="K04451" fgcolor="#000000" bgcolor="#BFBFFF"
             type="rectangle" x="1480" y="93" width="46" height="17"/>
    </entry>
    <entry id="319" name="ko:K11459" type="ortholog"
        link="https://www.kegg.jp/dbget-bin/www_bget?K11459">
        <graphics name="K11459" fgcolor="#000000" bgcolor="#BFBFFF"
             type="rectangle" x="1480" y="114" width="46" height="17"/>
    </entry>
    <entry id="322" name="ko:K05725" type="ortholog"
        link="https://www.kegg.jp/dbget-bin/www_bget?K05725">
        <graphics name="K05725" fgcolor="#000000" bgcolor="#BFBFFF"
             type="rectangle" x="1480" y="72" width="46" height="17"/>
    </entry>
    <entry id="324" name="ko:K03176" type="ortholog"
        link="https://www.kegg.jp/dbget-bin/www_bget?K03176">
        <graphics name="K03176" fgcolor="#000000" bgcolor="#BFBFFF"
             type="rectangle" x="1480" y="145" width="46" height="17"/>
    </entry>
    <entry id="325" name="ko:K02583" type="ortholog"
        link="https://www.kegg.jp/dbget-bin/www_bget?K02583">
        <graphics name="K02583" fgcolor="#000000" bgcolor="#BFBFFF"
             type="rectangle" x="1480" y="166" width="46" height="17"/>
    </entry>
    <entry id="327" name="ko:K14970" type="ortholog"
        link="https://www.kegg.jp/dbget-bin/www_bget?K14970">
        <graphics name="K14970" fgcolor="#000000" bgcolor="#BFBFFF"
             type="rectangle" x="1280" y="197" width="46" height="17"/>
    </entry>
    <entry id="328" name="ko:K06624" type="ortholog"
        link="https://www.kegg.jp/dbget-bin/www_bget?K06624">
        <graphics name="K06624" fgcolor="#000000" bgcolor="#BFBFFF"
             type="rectangle" x="1480" y="198" width="46" height="17"/>
    </entry>
    <entry id="329" name="ko:K09186" type="ortholog"
        link="https://www.kegg.jp/dbget-bin/www_bget?K09186">
        <graphics name="K09186" fgcolor="#000000" bgcolor="#BFBFFF"
             type="rectangle" x="1280" y="214" width="46" height="17"/>
    </entry>
    <entry id="336" name="ko:K02211 ko:K15188" type="ortholog"
        link="https://www.kegg.jp/dbget-bin/www_bget?K02211+K15188">
        <graphics name="K02211..." fgcolor="#000000" bgcolor="#BFBFFF"
             type="rectangle" x="174" y="977" width="46" height="17"/>
    </entry>
    <entry id="337" name="ko:K15187" type="ortholog"
        link="https://www.kegg.jp/dbget-bin/www_bget?K15187">
        <graphics name="K15187" fgcolor="#000000" bgcolor="#BFBFFF"
             type="rectangle" x="196" y="1004" width="46" height="17"/>
    </entry>
    <entry id="338" name="ko:K11427" type="ortholog"
        link="https://www.kegg.jp/dbget-bin/www_bget?K11427">
        <graphics name="K11427" fgcolor="#000000" bgcolor="#BFBFFF"
             type="rectangle" x="229" y="1035" width="46" height="17"/>
    </entry>
    <entry id="347" name="ko:K04736" type="ortholog"
        link="https://www.kegg.jp/dbget-bin/www_bget?K04736">
        <graphics name="K04736" fgcolor="#000000" bgcolor="#BFBFFF"
             type="rectangle" x="425" y="709" width="46" height="17"/>
    </entry>
    <entry id="348" name="ko:K05427" type="ortholog"
        link="https://www.kegg.jp/dbget-bin/www_bget?K05427">
        <graphics name="K05427" fgcolor="#000000" bgcolor="#BFBFFF"
             type="rectangle" x="372" y="731" width="46" height="17"/>
    </entry>
    <entry id="349" name="ko:K10789" type="ortholog"
        link="https://www.kegg.jp/dbget-bin/www_bget?K10789">
        <graphics name="K10789" fgcolor="#000000" bgcolor="#BFBFFF"
             type="rectangle" x="425" y="731" width="46" height="17"/>
    </entry>
    <entry id="350" name="ko:K10784 ko:K10785" type="ortholog"
        link="https://www.kegg.jp/dbget-bin/www_bget?K10784+K10785">
        <graphics name="K10784..." fgcolor="#000000" bgcolor="#BFBFFF"
             type="rectangle" x="372" y="753" width="46" height="17"/>
    </entry>
    <entry id="351" name="ko:K05230" type="ortholog"
        link="https://www.kegg.jp/dbget-bin/www_bget?K05230">
        <graphics name="K05230" fgcolor="#000000" bgcolor="#BFBFFF"
             type="rectangle" x="425" y="753" width="46" height="17"/>
    </entry>
    <entry id="352" name="ko:K01327" type="ortholog"
        link="https://www.kegg.jp/dbget-bin/www_bget?K01327">
        <graphics name="K01327" fgcolor="#000000" bgcolor="#BFBFFF"
             type="rectangle" x="372" y="775" width="46" height="17"/>
    </entry>
    <entry id="353" name="ko:K01353" type="ortholog"
        link="https://www.kegg.jp/dbget-bin/www_bget?K01353">
        <graphics name="K01353" fgcolor="#000000" bgcolor="#BFBFFF"
             type="rectangle" x="425" y="775" width="46" height="17"/>
    </entry>
    <entry id="354" name="ko:K11644" type="ortholog"
        link="https://www.kegg.jp/dbget-bin/www_bget?K11644">
        <graphics name="K11644" fgcolor="#000000" bgcolor="#BFBFFF"
             type="rectangle" x="224" y="293" width="46" height="17"/>
    </entry>
    <entry id="355" name="ko:K04650" type="ortholog"
        link="https://www.kegg.jp/dbget-bin/www_bget?K04650">
        <graphics name="K04650" fgcolor="#000000" bgcolor="#BFBFFF"
             type="rectangle" x="224" y="310" width="46" height="17"/>
    </entry>
    <entry id="360" name="ko:K21946" type="ortholog"
        link="https://www.kegg.jp/dbget-bin/www_bget?K21946">
        <graphics name="K21946" fgcolor="#000000" bgcolor="#BFBFFF"
             type="rectangle" x="403" y="567" width="46" height="17"/>
    </entry>
    <entry id="362" name="ko:K08367" type="ortholog"
        link="https://www.kegg.jp/dbget-bin/www_bget?K08367">
        <graphics name="K08367" fgcolor="#000000" bgcolor="#BFBFFF"
             type="rectangle" x="256" y="189" width="46" height="17"/>
    </entry>
    <entry id="363" name="ko:K05090" type="ortholog"
        link="https://www.kegg.jp/dbget-bin/www_bget?K05090">
        <graphics name="K05090" fgcolor="#000000" bgcolor="#BFBFFF"
             type="rectangle" x="372" y="180" width="46" height="17"/>
    </entry>
    <entry id="364" name="ko:K10789" type="ortholog"
        link="https://www.kegg.jp/dbget-bin/www_bget?K10789">
        <graphics name="K10789" fgcolor="#000000" bgcolor="#BFBFFF"
             type="rectangle" x="425" y="180" width="46" height="17"/>
    </entry>
    <entry id="365" name="ko:K05427" type="ortholog"
        link="https://www.kegg.jp/dbget-bin/www_bget?K05427">
        <graphics name="K05427" fgcolor="#000000" bgcolor="#BFBFFF"
             type="rectangle" x="372" y="202" width="46" height="17"/>
    </entry>
    <entry id="366" name="ko:K04736" type="ortholog"
        link="https://www.kegg.jp/dbget-bin/www_bget?K04736">
        <graphics name="K04736" fgcolor="#000000" bgcolor="#BFBFFF"
             type="rectangle" x="425" y="202" width="46" height="17"/>
    </entry>
    <entry id="372" name="ko:K09438" type="ortholog"
        link="https://www.kegg.jp/dbget-bin/www_bget?K09438">
        <graphics name="K09438" fgcolor="#000000" bgcolor="#BFBFFF"
             type="rectangle" x="316" y="314" width="46" height="17"/>
    </entry>
    <entry id="373" name="ko:K05090" type="ortholog"
        link="https://www.kegg.jp/dbget-bin/www_bget?K05090">
        <graphics name="K05090" fgcolor="#000000" bgcolor="#BFBFFF"
             type="rectangle" x="425" y="314" width="46" height="17"/>
    </entry>
    <entry id="379" name="ko:K09055" type="ortholog"
        link="https://www.kegg.jp/dbget-bin/www_bget?K09055">
        <graphics name="K09055" fgcolor="#000000" bgcolor="#BFBFFF"
             type="rectangle" x="316" y="234" width="46" height="17"/>
    </entry>
    <entry id="385" name="ko:K09186" type="ortholog"
        link="https://www.kegg.jp/dbget-bin/www_bget?K09186">
        <graphics name="K09186" fgcolor="#000000" bgcolor="#BFBFFF"
             type="rectangle" x="731" y="115" width="46" height="17"/>
    </entry>
    <entry id="386" name="ko:K15187" type="ortholog"
        link="https://www.kegg.jp/dbget-bin/www_bget?K15187">
        <graphics name="K15187" fgcolor="#000000" bgcolor="#BFBFFF"
             type="rectangle" x="786" y="115" width="46" height="17"/>
    </entry>
    <entry id="387" name="ko:K15613" type="ortholog"
        link="https://www.kegg.jp/dbget-bin/www_bget?K15613">
        <graphics name="K15613" fgcolor="#000000" bgcolor="#BFBFFF"
             type="rectangle" x="913" y="97" width="46" height="17"/>
    </entry>
    <entry id="388" name="ko:K21950" type="ortholog"
        link="https://www.kegg.jp/dbget-bin/www_bget?K21950">
        <graphics name="K21950" fgcolor="#000000" bgcolor="#BFBFFF"
             type="rectangle" x="966" y="97" width="46" height="17"/>
    </entry>
    <entry id="389" name="ko:K17443" type="ortholog"
        link="https://www.kegg.jp/dbget-bin/www_bget?K17443">
        <graphics name="K17443" fgcolor="#000000" bgcolor="#BFBFFF"
             type="rectangle" x="913" y="119" width="46" height="17"/>
    </entry>
    <entry id="390" name="ko:K21951" type="ortholog"
        link="https://www.kegg.jp/dbget-bin/www_bget?K21951">
        <graphics name="K21951" fgcolor="#000000" bgcolor="#BFBFFF"
             type="rectangle" x="966" y="119" width="46" height="17"/>
    </entry>
    <entry id="391" name="ko:K15614" type="ortholog"
        link="https://www.kegg.jp/dbget-bin/www_bget?K15614">
        <graphics name="K15614" fgcolor="#000000" bgcolor="#BFBFFF"
             type="rectangle" x="1019" y="119" width="46" height="17"/>
    </entry>
    <entry id="392" name="ko:K15615" type="ortholog"
        link="https://www.kegg.jp/dbget-bin/www_bget?K15615">
        <graphics name="K15615" fgcolor="#000000" bgcolor="#BFBFFF"
             type="rectangle" x="913" y="141" width="46" height="17"/>
    </entry>
    <entry id="393" name="ko:K15616" type="ortholog"
        link="https://www.kegg.jp/dbget-bin/www_bget?K15616">
        <graphics name="K15616" fgcolor="#000000" bgcolor="#BFBFFF"
             type="rectangle" x="966" y="141" width="46" height="17"/>
    </entry>
    <entry id="394" name="ko:K06622" type="ortholog"
        link="https://www.kegg.jp/dbget-bin/www_bget?K06622">
        <graphics name="K06622" fgcolor="#000000" bgcolor="#BFBFFF"
             type="rectangle" x="1019" y="141" width="46" height="17"/>
    </entry>
    <entry id="395" name="ko:K00069" type="ortholog"
        link="https://www.kegg.jp/dbget-bin/www_bget?K00069">
        <graphics name="K00069" fgcolor="#000000" bgcolor="#BFBFFF"
             type="rectangle" x="913" y="163" width="46" height="17"/>
    </entry>
    <entry id="396" name="ko:K05199" type="ortholog"
        link="https://www.kegg.jp/dbget-bin/www_bget?K05199">
        <graphics name="K05199" fgcolor="#000000" bgcolor="#BFBFFF"
             type="rectangle" x="966" y="163" width="46" height="17"/>
    </entry>
    <entry id="397" name="ko:K00717" type="ortholog"
        link="https://www.kegg.jp/dbget-bin/www_bget?K00717">
        <graphics name="K00717" fgcolor="#000000" bgcolor="#BFBFFF"
             type="rectangle" x="1019" y="163" width="46" height="17"/>
    </entry>
    <entry id="403" name="ko:K09340" type="ortholog"
        link="https://www.kegg.jp/dbget-bin/www_bget?K09340">
        <graphics name="K09340" fgcolor="#000000" bgcolor="#BFBFFF"
             type="rectangle" x="731" y="209" width="46" height="17"/>
    </entry>
    <entry id="404" name="ko:K15607" type="ortholog"
        link="https://www.kegg.jp/dbget-bin/www_bget?K15607">
        <graphics name="K15607" fgcolor="#000000" bgcolor="#BFBFFF"
             type="rectangle" x="731" y="157" width="46" height="17"/>
    </entry>
    <entry id="407" name="ko:K22046" type="ortholog"
        link="https://www.kegg.jp/dbget-bin/www_bget?K22046">
        <graphics name="K22046" fgcolor="#000000" bgcolor="#BFBFFF"
             type="rectangle" x="913" y="209" width="46" height="17"/>
    </entry>
    <entry id="410" name="ko:K15618" type="ortholog"
        link="https://www.kegg.jp/dbget-bin/www_bget?K15618">
        <graphics name="K15618" fgcolor="#000000" bgcolor="#BFBFFF"
             type="rectangle" x="731" y="455" width="46" height="17"/>
    </entry>
    <entry id="411" name="ko:K06856" type="ortholog"
        link="https://www.kegg.jp/dbget-bin/www_bget?K06856">
        <graphics name="K06856" fgcolor="#000000" bgcolor="#BFBFFF"
             type="rectangle" x="731" y="564" width="46" height="17"/>
    </entry>
    <entry id="412" name="ko:K11424" type="ortholog"
        link="https://www.kegg.jp/dbget-bin/www_bget?K11424">
        <graphics name="K11424" fgcolor="#000000" bgcolor="#BFBFFF"
             type="rectangle" x="786" y="564" width="46" height="17"/>
    </entry>
    <entry id="413" name="ko:K11253" type="ortholog"
        link="https://www.kegg.jp/dbget-bin/www_bget?K11253">
        <graphics name="K11253" fgcolor="#000000" bgcolor="#BFBFFF"
             type="rectangle" x="863" y="565" width="46" height="17"/>
    </entry>
    <entry id="419" name="ko:K10151" type="ortholog"
        link="https://www.kegg.jp/dbget-bin/www_bget?K10151">
        <graphics name="K10151" fgcolor="#000000" bgcolor="#BFBFFF"
             type="rectangle" x="928" y="603" width="46" height="17"/>
    </entry>
    <entry id="421" name="ko:K14651" type="ortholog"
        link="https://www.kegg.jp/dbget-bin/www_bget?K14651">
        <graphics name="K14651" fgcolor="#000000" bgcolor="#BFBFFF"
             type="rectangle" x="1280" y="715" width="46" height="17"/>
    </entry>
    <entry id="422" name="ko:K08559" type="ortholog"
        link="https://www.kegg.jp/dbget-bin/www_bget?K08559">
        <graphics name="K08559" fgcolor="#000000" bgcolor="#BFBFFF"
             type="rectangle" x="1335" y="715" width="46" height="17"/>
    </entry>
    <entry id="428" name="ko:K01343" type="ortholog"
        link="https://www.kegg.jp/dbget-bin/www_bget?K01343">
        <graphics name="K01343" fgcolor="#000000" bgcolor="#BFBFFF"
             type="rectangle" x="979" y="867" width="46" height="17"/>
    </entry>
    <entry id="429" name="ko:K06067" type="ortholog"
        link="https://www.kegg.jp/dbget-bin/www_bget?K06067">
        <graphics name="K06067" fgcolor="#000000" bgcolor="#BFBFFF"
             type="rectangle" x="178" y="302" width="46" height="17"/>
    </entry>
    <entry id="430" name="ko:K06067" type="ortholog"
        link="https://www.kegg.jp/dbget-bin/www_bget?K06067">
        <graphics name="K06067" fgcolor="#000000" bgcolor="#BFBFFF"
             type="rectangle" x="261" y="711" width="46" height="17"/>
    </entry>
    <entry id="432" name="ko:K02580 ko:K04735" type="ortholog"
        link="https://www.kegg.jp/dbget-bin/www_bget?K02580+K04735">
        <graphics name="K02580..." fgcolor="#000000" bgcolor="#BFBFFF"
             type="rectangle" x="1410" y="812" width="46" height="17"/>
    </entry>
    <entry id="433" name="path:ko04115" type="map"
        link="https://www.kegg.jp/dbget-bin/www_bget?ko04115">
        <graphics name="p53 signaling pathway" fgcolor="#000000" bgcolor="#FFFFFF"
             type="roundrectangle" x="1391" y="1120" width="134" height="25"/>
    </entry>
    <entry id="434" name="ko:K15612" type="ortholog"
        link="https://www.kegg.jp/dbget-bin/www_bget?K15612">
        <graphics name="K15612" fgcolor="#000000" bgcolor="#BFBFFF"
             type="rectangle" x="731" y="277" width="46" height="17"/>
    </entry>
    <entry id="435" name="ko:K15617" type="ortholog"
        link="https://www.kegg.jp/dbget-bin/www_bget?K15617">
        <graphics name="K15617" fgcolor="#000000" bgcolor="#BFBFFF"
             type="rectangle" x="731" y="294" width="46" height="17"/>
    </entry>
    <entry id="436" name="ko:K15604" type="ortholog"
        link="https://www.kegg.jp/dbget-bin/www_bget?K15604">
        <graphics name="K15604" fgcolor="#000000" bgcolor="#BFBFFF"
             type="rectangle" x="807" y="290" width="46" height="17"/>
    </entry>
    <entry id="437" name="ko:K09063" type="ortholog"
        link="https://www.kegg.jp/dbget-bin/www_bget?K09063">
        <graphics name="K09063" fgcolor="#000000" bgcolor="#BFBFFF"
             type="rectangle" x="807" y="307" width="46" height="17"/>
    </entry>
    <entry id="444" name="ko:K08024" type="ortholog"
        link="https://www.kegg.jp/dbget-bin/www_bget?K08024">
        <graphics name="K08024" fgcolor="#000000" bgcolor="#BFBFFF"
             type="rectangle" x="937" y="283" width="46" height="17"/>
    </entry>
    <entry id="445" name="ko:K06056" type="ortholog"
        link="https://www.kegg.jp/dbget-bin/www_bget?K06056">
        <graphics name="K06056" fgcolor="#000000" bgcolor="#BFBFFF"
             type="rectangle" x="937" y="311" width="46" height="17"/>
    </entry>
    <entry id="490" name="path:ko05215" type="map"
        link="https://www.kegg.jp/dbget-bin/www_bget?ko05215">
        <graphics name="Prostate cancer" fgcolor="#000000" bgcolor="#FFFFFF"
             type="roundrectangle" x="1002" y="1067" width="97" height="25"/>
    </entry>
    <entry id="491" name="path:ko05211" type="map"
        link="https://www.kegg.jp/dbget-bin/www_bget?ko05211">
        <graphics name="Renal cell carcinoma" fgcolor="#000000" bgcolor="#FFFFFF"
             type="roundrectangle" x="1013" y="792" width="124" height="25"/>
    </entry>
    <entry id="495" name="ko:K04451" type="ortholog"
        link="https://www.kegg.jp/dbget-bin/www_bget?K04451">
        <graphics name="K04451" fgcolor="#000000" bgcolor="#BFBFFF"
             type="rectangle" x="1280" y="1092" width="46" height="17"/>
    </entry>
    <entry id="498" name="ko:K06625" type="ortholog"
        link="https://www.kegg.jp/dbget-bin/www_bget?K06625">
        <graphics name="K06625" fgcolor="#000000" bgcolor="#BFBFFF"
             type="rectangle" x="1506" y="1070" width="46" height="17"/>
    </entry>
    <entry id="499" name="ko:K04402" type="ortholog"
        link="https://www.kegg.jp/dbget-bin/www_bget?K04402">
        <graphics name="K04402" fgcolor="#000000" bgcolor="#BFBFFF"
             type="rectangle" x="1558" y="1070" width="46" height="17"/>
    </entry>
    <entry id="500" name="ko:K02159" type="ortholog"
        link="https://www.kegg.jp/dbget-bin/www_bget?K02159">
        <graphics name="K02159" fgcolor="#000000" bgcolor="#BFBFFF"
             type="rectangle" x="1506" y="1092" width="46" height="17"/>
    </entry>
    <entry id="501" name="ko:K14021" type="ortholog"
        link="https://www.kegg.jp/dbget-bin/www_bget?K14021">
        <graphics name="K14021" fgcolor="#000000" bgcolor="#BFBFFF"
             type="rectangle" x="1558" y="1092" width="46" height="17"/>
    </entry>
    <entry id="502" name="ko:K10140" type="ortholog"
        link="https://www.kegg.jp/dbget-bin/www_bget?K10140">
        <graphics name="K10140" fgcolor="#000000" bgcolor="#BFBFFF"
             type="rectangle" x="1506" y="1114" width="46" height="17"/>
    </entry>
    <entry id="503" name="ko:K03511" type="ortholog"
        link="https://www.kegg.jp/dbget-bin/www_bget?K03511">
        <graphics name="K03511" fgcolor="#000000" bgcolor="#BFBFFF"
             type="rectangle" x="1558" y="1114" width="46" height="17"/>
    </entry>
    <entry id="507" name="ko:K10151" type="ortholog"
        link="https://www.kegg.jp/dbget-bin/www_bget?K10151">
        <graphics name="K10151" fgcolor="#000000" bgcolor="#BFBFFF"
             type="rectangle" x="913" y="353" width="46" height="17"/>
    </entry>
    <entry id="510" name="ko:K09455" type="ortholog"
        link="https://www.kegg.jp/dbget-bin/www_bget?K09455">
        <graphics name="K09455" fgcolor="#000000" bgcolor="#BFBFFF"
             type="rectangle" x="1503" y="545" width="46" height="17"/>
    </entry>
    <relation entry1="179" entry2="180" type="GErel">
        <subtype name="expression" value="--&gt;"/>
    </relation>
    <relation entry1="185" entry2="186" type="GErel">
        <subtype name="expression" value="--&gt;"/>
    </relation>
    <relation entry1="185" entry2="187" type="GErel">
        <subtype name="expression" value="--&gt;"/>
    </relation>
    <relation entry1="185" entry2="188" type="GErel">
        <subtype name="expression" value="--&gt;"/>
    </relation>
    <relation entry1="251" entry2="250" type="PPrel">
        <subtype name="binding/association" value="---"/>
    </relation>
    <relation entry1="126" entry2="127" type="PPrel">
        <subtype name="binding/association" value="---"/>
    </relation>
    <relation entry1="436" entry2="437" type="PPrel">
        <subtype name="binding/association" value="---"/>
    </relation>
    <relation entry1="313" entry2="314" type="PPrel">
        <subtype name="binding/association" value="---"/>
    </relation>
    <relation entry1="83" entry2="432" type="PPrel">
        <subtype name="binding/association" value="---"/>
    </relation>
</pathway>
