<?xml version="1.0"?>
<!DOCTYPE pathway SYSTEM "https://www.kegg.jp/kegg/xml/KGML_v0.7.2_.dtd">
<!-- Creation date: Jun 6, 2019 10:34:23 +0900 (GMT+9) -->
<pathway name="path:ko05144" org="ko" number="05144"
         title="Malaria"
         image="https://www.kegg.jp/kegg/pathway/ko/ko05144.png"
         link="https://www.kegg.jp/kegg-bin/show_pathway?ko05144">
    <entry id="23" name="ko:K06490" type="ortholog"
        link="https://www.kegg.jp/dbget-bin/www_bget?K06490">
        <graphics name="K06490" fgcolor="#000000" bgcolor="#BFBFFF"
             type="rectangle" x="1423" y="913" width="46" height="17"/>
    </entry>
    <entry id="47" name="ko:K13850" type="ortholog"
        link="https://www.kegg.jp/dbget-bin/www_bget?K13850">
        <graphics name="K13850" fgcolor="#000000" bgcolor="#BFBFFF"
             type="rectangle" x="1205" y="709" width="46" height="17"/>
    </entry>
    <entry id="48" name="ko:K13833" type="ortholog"
        link="https://www.kegg.jp/dbget-bin/www_bget?K13833">
        <graphics name="K13833" fgcolor="#000000" bgcolor="#BFBFFF"
             type="rectangle" x="250" y="281" width="46" height="17"/>
    </entry>
    <entry id="53" name="ko:K13834" type="ortholog"
        link="https://www.kegg.jp/dbget-bin/www_bget?K13834">
        <graphics name="K13834" fgcolor="#000000" bgcolor="#BFBFFF"
             type="rectangle" x="250" y="300" width="46" height="17"/>
    </entry>
    <entry id="54" name="ko:K13835" type="ortholog"
        link="https://www.kegg.jp/dbget-bin/www_bget?K13835">
        <graphics name="K13835" fgcolor="#000000" bgcolor="#BFBFFF"
             type="rectangle" x="250" y="319" width="46" height="17"/>
    </entry>
    <entry id="57" name="ko:K13836" type="ortholog"
        link="https://www.kegg.jp/dbget-bin/www_bget?K13836">
        <graphics name="K13836" fgcolor="#000000" bgcolor="#BFBFFF"
             type="rectangle" x="442" y="376" width="46" height="17"/>
    </entry>
    <entry id="58" name="ko:K13837" type="ortholog"
        link="https://www.kegg.jp/dbget-bin/www_bget?K13837">
        <graphics name="K13837" fgcolor="#000000" bgcolor="#BFBFFF"
             type="rectangle" x="442" y="395" width="46" height="17"/>
    </entry>
    <entry id="59" name="ko:K05460" type="ortholog"
        link="https://www.kegg.jp/dbget-bin/www_bget?K05460">
        <graphics name="K05460" fgcolor="#000000" bgcolor="#BFBFFF"
             type="rectangle" x="479" y="442" width="46" height="17"/>
    </entry>
    <entry id="60" name="ko:K06257 ko:K16336" type="ortholog"
        link="https://www.kegg.jp/dbget-bin/www_bget?K06257+K16336">
        <graphics name="K06257..." fgcolor="#000000" bgcolor="#BFBFFF"
             type="rectangle" x="540" y="376" width="46" height="17"/>
    </entry>
    <entry id="61" name="ko:K04550" type="ortholog"
        link="https://www.kegg.jp/dbget-bin/www_bget?K04550">
        <graphics name="K04550" fgcolor="#000000" bgcolor="#BFBFFF"
             type="rectangle" x="540" y="395" width="46" height="17"/>
    </entry>
    <entry id="62" name="ko:K06508" type="ortholog"
        link="https://www.kegg.jp/dbget-bin/www_bget?K06508">
        <graphics name="K06508" fgcolor="#000000" bgcolor="#BFBFFF"
             type="rectangle" x="540" y="414" width="46" height="17"/>
    </entry>
    <entry id="63" name="ko:K05099" type="ortholog"
        link="https://www.kegg.jp/dbget-bin/www_bget?K05099">
        <graphics name="K05099" fgcolor="#000000" bgcolor="#BFBFFF"
             type="rectangle" x="540" y="433" width="46" height="17"/>
    </entry>
    <entry id="69" name="ko:K13838 ko:K13839 ko:K13840 ko:K13841 ko:K13842 ko:K13843 ko:K13844" type="ortholog"
        link="https://www.kegg.jp/dbget-bin/www_bget?K13838+K13839+K13840+K13841+K13842+K13843+K13844">
        <graphics name="K13838..." fgcolor="#000000" bgcolor="#BFBFFF"
             type="rectangle" x="598" y="613" width="46" height="17"/>
    </entry>
    <entry id="70" name="ko:K13845" type="ortholog"
        link="https://www.kegg.jp/dbget-bin/www_bget?K13845">
        <graphics name="K13845" fgcolor="#000000" bgcolor="#BFBFFF"
             type="rectangle" x="598" y="632" width="46" height="17"/>
    </entry>
    <entry id="71" name="ko:K13846" type="ortholog"
        link="https://www.kegg.jp/dbget-bin/www_bget?K13846">
        <graphics name="K13846" fgcolor="#000000" bgcolor="#BFBFFF"
             type="rectangle" x="598" y="651" width="46" height="17"/>
    </entry>
    <entry id="72" name="ko:K13847" type="ortholog"
        link="https://www.kegg.jp/dbget-bin/www_bget?K13847">
        <graphics name="K13847" fgcolor="#000000" bgcolor="#BFBFFF"
             type="rectangle" x="598" y="670" width="46" height="17"/>
    </entry>
    <entry id="73" name="ko:K13848" type="ortholog"
        link="https://www.kegg.jp/dbget-bin/www_bget?K13848">
        <graphics name="K13848" fgcolor="#000000" bgcolor="#BFBFFF"
             type="rectangle" x="598" y="689" width="46" height="17"/>
    </entry>
    <entry id="74" name="ko:K13849" type="ortholog"
        link="https://www.kegg.jp/dbget-bin/www_bget?K13849">
        <graphics name="K13849" fgcolor="#000000" bgcolor="#BFBFFF"
             type="rectangle" x="598" y="708" width="46" height="17"/>
    </entry>
    <entry id="75" name="ko:K06574" type="ortholog"
        link="https://www.kegg.jp/dbget-bin/www_bget?K06574">
        <graphics name="K06574" fgcolor="#000000" bgcolor="#BFBFFF"
             type="rectangle" x="721" y="651" width="46" height="17"/>
    </entry>
    <entry id="76" name="ko:K06575 ko:K20925" type="ortholog"
        link="https://www.kegg.jp/dbget-bin/www_bget?K06575+K20925">
        <graphics name="K06575..." fgcolor="#000000" bgcolor="#BFBFFF"
             type="rectangle" x="721" y="670" width="46" height="17"/>
    </entry>
    <entry id="77" name="ko:K06576" type="ortholog"
        link="https://www.kegg.jp/dbget-bin/www_bget?K06576">
        <graphics name="K06576" fgcolor="#000000" bgcolor="#BFBFFF"
             type="rectangle" x="721" y="689" width="46" height="17"/>
    </entry>
    <entry id="89" name="ko:K06527" type="ortholog"
        link="https://www.kegg.jp/dbget-bin/www_bget?K06527">
        <graphics name="K06527" fgcolor="#000000" bgcolor="#BFBFFF"
             type="rectangle" x="1423" y="724" width="46" height="17"/>
    </entry>
    <entry id="90" name="ko:K06259" type="ortholog"
        link="https://www.kegg.jp/dbget-bin/www_bget?K06259">
        <graphics name="K06259" fgcolor="#000000" bgcolor="#BFBFFF"
             type="rectangle" x="1230" y="933" width="46" height="17"/>
    </entry>
    <entry id="91" name="ko:K06471" type="ortholog"
        link="https://www.kegg.jp/dbget-bin/www_bget?K06471">
        <graphics name="K06471" fgcolor="#000000" bgcolor="#BFBFFF"
             type="rectangle" x="1423" y="665" width="46" height="17"/>
    </entry>
    <entry id="99" name="ko:K13822 ko:K13823" type="ortholog"
        link="https://www.kegg.jp/dbget-bin/www_bget?K13822+K13823">
        <graphics name="K13822..." fgcolor="#000000" bgcolor="#BFBFFF"
             type="rectangle" x="825" y="262" width="46" height="17"/>
    </entry>
    <entry id="106" name="ko:K10161" type="ortholog"
        link="https://www.kegg.jp/dbget-bin/www_bget?K10161">
        <graphics name="K10161" fgcolor="#000000" bgcolor="#BFBFFF"
             type="rectangle" x="956" y="262" width="46" height="17"/>
    </entry>
    <entry id="107" name="ko:K10159 ko:K10160" type="ortholog"
        link="https://www.kegg.jp/dbget-bin/www_bget?K10159+K10160">
        <graphics name="K10159..." fgcolor="#000000" bgcolor="#BFBFFF"
             type="rectangle" x="956" y="294" width="46" height="17"/>
    </entry>
    <entry id="108" name="ko:K04729" type="ortholog"
        link="https://www.kegg.jp/dbget-bin/www_bget?K04729">
        <graphics name="K04729" fgcolor="#000000" bgcolor="#BFBFFF"
             type="rectangle" x="1013" y="278" width="46" height="17"/>
    </entry>
    <entry id="109" name="ko:K05443" type="ortholog"
        link="https://www.kegg.jp/dbget-bin/www_bget?K05443">
        <graphics name="K05443" fgcolor="#000000" bgcolor="#BFBFFF"
             type="rectangle" x="1189" y="217" width="46" height="17"/>
    </entry>
    <entry id="110" name="ko:K04687" type="ortholog"
        link="https://www.kegg.jp/dbget-bin/www_bget?K04687">
        <graphics name="K04687" fgcolor="#000000" bgcolor="#BFBFFF"
             type="rectangle" x="1189" y="416" width="46" height="17"/>
    </entry>
    <entry id="111" name="ko:K05405" type="ortholog"
        link="https://www.kegg.jp/dbget-bin/www_bget?K05405">
        <graphics name="K05405" fgcolor="#000000" bgcolor="#BFBFFF"
             type="rectangle" x="1189" y="297" width="46" height="17"/>
    </entry>
    <entry id="112" name="ko:K14624" type="ortholog"
        link="https://www.kegg.jp/dbget-bin/www_bget?K14624">
        <graphics name="K14624" fgcolor="#000000" bgcolor="#BFBFFF"
             type="rectangle" x="1189" y="316" width="46" height="17"/>
    </entry>
    <entry id="113" name="ko:K03156" type="ortholog"
        link="https://www.kegg.jp/dbget-bin/www_bget?K03156">
        <graphics name="K03156" fgcolor="#000000" bgcolor="#BFBFFF"
             type="rectangle" x="1189" y="385" width="46" height="17"/>
    </entry>
    <entry id="114" name="ko:K05406" type="ortholog"
        link="https://www.kegg.jp/dbget-bin/www_bget?K05406">
        <graphics name="K05406" fgcolor="#000000" bgcolor="#BFBFFF"
             type="rectangle" x="1031" y="349" width="46" height="17"/>
    </entry>
    <entry id="115" name="ko:K05482" type="ortholog"
        link="https://www.kegg.jp/dbget-bin/www_bget?K05482">
        <graphics name="K05482" fgcolor="#000000" bgcolor="#BFBFFF"
             type="rectangle" x="1031" y="368" width="46" height="17"/>
    </entry>
    <entry id="125" name="cpd:C00533" type="compound"
        link="https://www.kegg.jp/dbget-bin/www_bget?C00533">
        <graphics name="C00533" fgcolor="#000000" bgcolor="#FFFFFF"
             type="circle" x="1542" y="539" width="8" height="8"/>
    </entry>
    <entry id="129" name="ko:K13850" type="ortholog"
        link="https://www.kegg.jp/dbget-bin/www_bget?K13850">
        <graphics name="K13850" fgcolor="#000000" bgcolor="#BFBFFF"
             type="rectangle" x="825" y="334" width="46" height="17"/>
    </entry>
    <entry id="130" name="ko:K13851" type="ortholog"
        link="https://www.kegg.jp/dbget-bin/www_bget?K13851">
        <graphics name="K13851" fgcolor="#000000" bgcolor="#BFBFFF"
             type="rectangle" x="825" y="353" width="46" height="17"/>
    </entry>
    <entry id="131" name="ko:K13852" type="ortholog"
        link="https://www.kegg.jp/dbget-bin/www_bget?K13852">
        <graphics name="K13852" fgcolor="#000000" bgcolor="#BFBFFF"
             type="rectangle" x="825" y="372" width="46" height="17"/>
    </entry>
    <entry id="132" name="ko:K04011" type="ortholog"
        link="https://www.kegg.jp/dbget-bin/www_bget?K04011">
        <graphics name="K04011" fgcolor="#000000" bgcolor="#BFBFFF"
             type="rectangle" x="1073" y="874" width="46" height="17"/>
    </entry>
    <entry id="133" name="cpd:C00634" type="compound"
        link="https://www.kegg.jp/dbget-bin/www_bget?C00634">
        <graphics name="C00634" fgcolor="#000000" bgcolor="#FFFFFF"
             type="circle" x="1437" y="810" width="8" height="8"/>
    </entry>
    <entry id="134" name="ko:K06259" type="ortholog"
        link="https://www.kegg.jp/dbget-bin/www_bget?K06259">
        <graphics name="K06259" fgcolor="#000000" bgcolor="#BFBFFF"
             type="rectangle" x="1073" y="854" width="46" height="17"/>
    </entry>
    <entry id="135" name="ko:K06259" type="ortholog"
        link="https://www.kegg.jp/dbget-bin/www_bget?K06259">
        <graphics name="K06259" fgcolor="#000000" bgcolor="#BFBFFF"
             type="rectangle" x="1423" y="684" width="46" height="17"/>
    </entry>
    <entry id="139" name="ko:K05718 ko:K06464" type="ortholog"
        link="https://www.kegg.jp/dbget-bin/www_bget?K05718+K06464">
        <graphics name="K05718..." fgcolor="#000000" bgcolor="#BFBFFF"
             type="rectangle" x="1307" y="942" width="46" height="17"/>
    </entry>
    <entry id="141" name="path:ko04620" type="map"
        link="https://www.kegg.jp/dbget-bin/www_bget?ko04620">
        <graphics name="Toll-like receptor signaling pathway" fgcolor="#000000" bgcolor="#FFFFFF"
             type="roundrectangle" x="952" y="206" width="97" height="34"/>
    </entry>
    <entry id="142" name="ko:K03161" type="ortholog"
        link="https://www.kegg.jp/dbget-bin/www_bget?K03161">
        <graphics name="K03161" fgcolor="#000000" bgcolor="#BFBFFF"
             type="rectangle" x="1307" y="961" width="46" height="17"/>
    </entry>
    <entry id="143" name="ko:K03160" type="ortholog"
        link="https://www.kegg.jp/dbget-bin/www_bget?K03160">
        <graphics name="K03160" fgcolor="#000000" bgcolor="#BFBFFF"
             type="rectangle" x="1423" y="961" width="46" height="17"/>
    </entry>
    <entry id="144" name="ko:K05718 ko:K06464" type="ortholog"
        link="https://www.kegg.jp/dbget-bin/www_bget?K05718+K06464">
        <graphics name="K05718..." fgcolor="#000000" bgcolor="#BFBFFF"
             type="rectangle" x="1307" y="1048" width="46" height="17"/>
    </entry>
    <entry id="147" name="path:ko04610" type="map"
        link="https://www.kegg.jp/dbget-bin/www_bget?ko04610">
        <graphics name="Complement and coagulation cascades" fgcolor="#000000" bgcolor="#FFFFFF"
             type="roundrectangle" x="1153" y="861" width="80" height="34"/>
    </entry>
    <entry id="154" name="ko:K16857 ko:K04659" type="ortholog"
        link="https://www.kegg.jp/dbget-bin/www_bget?K16857+K04659">
        <graphics name="K16857..." fgcolor="#000000" bgcolor="#BFBFFF"
             type="rectangle" x="1423" y="743" width="46" height="17"/>
    </entry>
    <entry id="155" name="ko:K06494" type="ortholog"
        link="https://www.kegg.jp/dbget-bin/www_bget?K06494">
        <graphics name="K06494" fgcolor="#000000" bgcolor="#BFBFFF"
             type="rectangle" x="1423" y="762" width="46" height="17"/>
    </entry>
    <entry id="158" name="ko:K13850" type="ortholog"
        link="https://www.kegg.jp/dbget-bin/www_bget?K13850">
        <graphics name="K13850" fgcolor="#000000" bgcolor="#BFBFFF"
             type="rectangle" x="1150" y="750" width="46" height="17"/>
    </entry>
    <entry id="162" name="gl:G10505" type="compound"
        link="https://www.kegg.jp/dbget-bin/www_bget?G10505">
        <graphics name="G10505" fgcolor="#000000" bgcolor="#FFFFFF"
             type="circle" x="1437" y="827" width="8" height="8"/>
    </entry>
    <entry id="174" name="ko:K13375 ko:K13376 ko:K13377" type="ortholog"
        link="https://www.kegg.jp/dbget-bin/www_bget?K13375+K13376+K13377">
        <graphics name="K13375..." fgcolor="#000000" bgcolor="#BFBFFF"
             type="rectangle" x="1189" y="236" width="46" height="17"/>
    </entry>
    <entry id="175" name="ko:K04519" type="ortholog"
        link="https://www.kegg.jp/dbget-bin/www_bget?K04519">
        <graphics name="K04519" fgcolor="#000000" bgcolor="#BFBFFF"
             type="rectangle" x="1189" y="365" width="46" height="17"/>
    </entry>
    <entry id="176" name="ko:K05423" type="ortholog"
        link="https://www.kegg.jp/dbget-bin/www_bget?K05423">
        <graphics name="K05423" fgcolor="#000000" bgcolor="#BFBFFF"
             type="rectangle" x="1189" y="335" width="46" height="17"/>
    </entry>
    <entry id="177" name="ko:K10030" type="ortholog"
        link="https://www.kegg.jp/dbget-bin/www_bget?K10030">
        <graphics name="K10030" fgcolor="#000000" bgcolor="#BFBFFF"
             type="rectangle" x="1189" y="278" width="46" height="17"/>
    </entry>
    <entry id="182" name="ko:K06543 ko:K06728 ko:K23459" type="ortholog"
        link="https://www.kegg.jp/dbget-bin/www_bget?K06543+K06728+K23459">
        <graphics name="K06543..." fgcolor="#000000" bgcolor="#BFBFFF"
             type="rectangle" x="1016" y="441" width="46" height="17"/>
    </entry>
    <entry id="183" name="ko:K10784 ko:K10785" type="ortholog"
        link="https://www.kegg.jp/dbget-bin/www_bget?K10784+K10785">
        <graphics name="K10784..." fgcolor="#000000" bgcolor="#BFBFFF"
             type="rectangle" x="1016" y="588" width="46" height="17"/>
    </entry>
    <entry id="184" name="ko:K06543 ko:K06728 ko:K23459" type="ortholog"
        link="https://www.kegg.jp/dbget-bin/www_bget?K06543+K06728+K23459">
        <graphics name="K06543..." fgcolor="#000000" bgcolor="#BFBFFF"
             type="rectangle" x="1016" y="568" width="46" height="17"/>
    </entry>
    <entry id="185" name="gl:G00054 gl:G00052" type="compound"
        link="https://www.kegg.jp/dbget-bin/www_bget?G00054+G00052">
        <graphics name="G00054..." fgcolor="#000000" bgcolor="#FFFFFF"
             type="circle" x="1066" y="832" width="8" height="8"/>
    </entry>
    <entry id="186" name="ko:K06496" type="ortholog"
        link="https://www.kegg.jp/dbget-bin/www_bget?K06496">
        <graphics name="K06496" fgcolor="#000000" bgcolor="#BFBFFF"
             type="rectangle" x="1307" y="980" width="46" height="17"/>
    </entry>
    <entry id="187" name="path:ko04210" type="map"
        link="https://www.kegg.jp/dbget-bin/www_bget?ko04210">
        <graphics name="Apoptosis" fgcolor="#000000" bgcolor="#FFFFFF"
             type="roundrectangle" x="1536" y="900" width="80" height="25"/>
    </entry>
    <entry id="204" name="path:ko04514" type="map"
        link="https://www.kegg.jp/dbget-bin/www_bget?ko04514">
        <graphics name="Cell adhesion molecules" fgcolor="#000000" bgcolor="#FFFFFF"
             type="roundrectangle" x="1565" y="711" width="144" height="25"/>
    </entry>
    <entry id="209" name="path:ko05144" type="map"
        link="https://www.kegg.jp/dbget-bin/www_bget?ko05144">
        <graphics name="TITLE:Malaria" fgcolor="#000000" bgcolor="#FFFFFF"
             type="roundrectangle" x="86" y="58" width="92" height="25"/>
    </entry>
    <relation entry1="59" entry2="63" type="PPrel">
        <subtype name="activation" value="--&gt;"/>
    </relation>
    <relation entry1="71" entry2="75" type="PPrel">
        <subtype name="binding/association" value="---"/>
    </relation>
    <relation entry1="72" entry2="76" type="PPrel">
        <subtype name="binding/association" value="---"/>
    </relation>
    <relation entry1="73" entry2="77" type="PPrel">
        <subtype name="binding/association" value="---"/>
    </relation>
    <relation entry1="57" entry2="60" type="PPrel">
        <subtype name="binding/association" value="---"/>
    </relation>
    <relation entry1="57" entry2="61" type="PPrel">
        <subtype name="binding/association" value="---"/>
    </relation>
    <relation entry1="58" entry2="60" type="PPrel">
        <subtype name="binding/association" value="---"/>
    </relation>
    <relation entry1="106" entry2="108" type="PPrel">
        <subtype name="activation" value="--&gt;"/>
    </relation>
    <relation entry1="107" entry2="108" type="PPrel">
        <subtype name="activation" value="--&gt;"/>
    </relation>
    <relation entry1="158" entry2="185" type="PCrel">
        <subtype name="binding/association" value="---"/>
    </relation>
    <relation entry1="158" entry2="134" type="PPrel">
        <subtype name="binding/association" value="---"/>
    </relation>
    <relation entry1="158" entry2="132" type="PPrel">
        <subtype name="binding/association" value="---"/>
    </relation>
    <relation entry1="158" entry2="90" type="PPrel">
        <subtype name="binding/association" value="---"/>
    </relation>
    <relation entry1="47" entry2="135" type="PPrel">
        <subtype name="binding/association" value="---"/>
    </relation>
    <relation entry1="47" entry2="91" type="PPrel">
        <subtype name="binding/association" value="---"/>
    </relation>
    <relation entry1="47" entry2="133" type="PCrel">
        <subtype name="binding/association" value="---"/>
    </relation>
    <relation entry1="47" entry2="162" type="PCrel">
        <subtype name="binding/association" value="---"/>
    </relation>
    <relation entry1="47" entry2="89" type="PPrel">
        <subtype name="binding/association" value="---"/>
    </relation>
    <relation entry1="47" entry2="154" type="PPrel">
        <subtype name="binding/association" value="---"/>
    </relation>
    <relation entry1="47" entry2="155" type="PPrel">
        <subtype name="binding/association" value="---"/>
    </relation>
    <relation entry1="47" entry2="23" type="PPrel">
        <subtype name="binding/association" value="---"/>
    </relation>
    <relation entry1="139" entry2="23" type="PPrel">
        <subtype name="binding/association" value="---"/>
    </relation>
    <relation entry1="142" entry2="143" type="PPrel">
        <subtype name="binding/association" value="---"/>
    </relation>
    <relation entry1="144" entry2="23" type="PPrel">
        <subtype name="binding/association" value="---"/>
    </relation>
</pathway>
