id,trait1,trait2,trait3,trait4,trait5,trait6,trait7,trait8,trait9,trait10,trait11,trait12,trait13,env
5509874375129090220898_P2-A2.CEL,1,4,3,3,2,3,20,25.2,2.366666667,9.333333333,77.1,2.486666667,9.333333333,Mature
5509874375129090220898_P2-A3.CEL,3,3,4,1,2,3,4.266666667,27.53333333,5.5,6.1,62.73333333,1.39,18.3,Mature
5509874375129090220898_P2-A12.CEL,1,2,1,1,2,3,11,23.8,3.633333333,18.66666667,84.53333333,1.93,18.66666667,Mature
5509874375129090220898_P2-B1.CEL,1,1,1,1,2,4,11.76666667,27,4.2,16.83333333,82.36666667,1.973333333,16.83333333,Mature
5509874375129090220898_P2-B2.CEL,1,3,2,3,1,4,9.466666667,29.03333333,3.266666667,16.26666667,82.33333333,1.73,16.26666667,Mature
5509874375129090220898_P2-B5.CEL,1,1,1,3,2,3,16.4,25.4,3.066666667,12.95,84.5,1.23,12.95,Mature
5509874375129090220898_P2-B7.CEL,1,1,1,3,2,4,11.2,25.2,2.3,11.2,91.05,2.43,11.2,Mature
5509874375129090220902_P5-B7.CEL,1,1,1,1,2,4,12.5,17.46666667,2.433333333,14.3,89.53333333,2.123333333,14.3,Mature
5509874375129090220898_P2-B9.CEL,1,1,2,3,2,3,15.56666667,26.93333333,2.533333333,13.9,83.16666667,1.743333333,13.9,Mature
5509874375129090220898_P2-B10.CEL,1,1,1,1,2,3,15.8,27.76666667,2.2,11.03333333,78.8,1.673333333,11.03333333,Mature
5509874375129090220902_P5-B2.CEL,1,2,1,1,1,4,21.3,28.03333333,2.433333333,17.2,93.6,2.22,17.2,Mature
5509874375129090220898_P2-B11.CEL,1,2,1,1,2,4,17.5,26.63333333,3.233333333,17.2,84.26666667,1.99,17.2,Mature
5509874375129090220898_P2-C1.CEL,1,2,1,2,2,4,16.56666667,27.5,4.033333333,23,88.7,1.953333333,23,Mature
5509874375129090220898_P2-C2.CEL,1,3,1,1,2,3,17.33333333,25.5,3.166666667,17.13333333,86.3,2.37,17.13333333,Mature
5509874375129090220898_P2-C5.CEL,1,1,3,1,2,3,14.43333333,28.43333333,2.633333333,10.56666667,76.46666667,2.14,10.56666667,Mature
5509874375129090220898_P2-C6.CEL,1,1,1,2,4,4,10.96666667,25.23333333,2.5,14.33333333,88.86666667,1.486666667,14.33333333,Mature
5509874375129090220902_P5-B9.CEL,1,2,1,3,2,3,8.5,13.7,2.066666667,9.7,82.6,2.113333333,9.7,Mature
5509874375129090220898_P2-C7.CEL,1,1,2,3,2,3,14.26666667,27.66666667,3.166666667,18.9,85.33333333,1.99,18.9,Mature
5509874375129090220898_P2-C9.CEL,1,0,1,1,2,4,16,23.93333333,3,17.9,89.2,1.926666667,17.9,Mature
5509874375129090220898_P2-C10.CEL,1,3,1,1,2,4,15.16666667,23.96666667,3.533333333,12.56666667,86.83333333,2.046666667,12.56666667,Mature
5509874375129090220898_P2-C11.CEL,1,2,2,2,2,3,13.9,18.95,1.9,8.85,72.8,1.555,8.85,Mature
5509874375129090220898_P2-C12.CEL,1,1,1,1,2,3,10.36666667,23.5,2.233333333,15.9,78.9,1.73,15.9,Mature
5509874375129090220898_P2-D2.CEL,1,1,1,1,2,1,16.5,22.03333333,1.966666667,16.2,76.53333333,1.446666667,16.2,Mature
5509874375129090220898_P2-D3.CEL,1,0,1,1,1,4,11.96666667,24.03333333,2.9,16.8,81,2.16,16.8,Mature
5509874375129090220898_P2-D4.CEL,1,1,1,1,2,3,11.36666667,23.76666667,2.066666667,15.7,89.16666667,2.616666667,15.7,Mature
5509874375129090220898_P2-D5.CEL,1,1,1,1,2,4,15.36666667,22.23333333,2.2,19.03333333,91.03333333,2.083333333,19.03333333,Mature
5509874375129090220898_P2-D6.CEL,1,1,1,1,1,1,13.36666667,29.13333333,3.5,17.26666667,80.66666667,1.406666667,17.26666667,Mature
5509874375129090220898_P2-D8.CEL,1,1,1,1,2,3,13.4,24.56666667,2.066666667,9.566666667,63.3,1.073333333,9.566666667,Mature
5509874375129090220898_P2-D9.CEL,1,2,1,2,2,3,16.5,18.63333333,2.5,11.4,89.46666667,2.526666667,11.4,Mature
5509874375129090220898_P2-D10.CEL,1,1,1,1,2,4,10.3,22.83333333,2.733333333,8.9,78.83333333,1.48,8.9,Mature
5509874375129090220898_P2-D11.CEL,3,1,1,1,1,3,9.066666667,25.33333333,2.6,8.066666667,71.86666667,1.323333333,24.2,Mature
5509874375129090220898_P2-E1.CEL,1,1,1,1,2,4,12.1,28.06666667,4.133333333,16.96666667,82.36666667,1.16,16.96666667,Mature
5509874375129090220898_P2-E2.CEL,1,1,1,2,2,4,10.86666667,20.8,2,3.233333333,50.3,0.37,3.233333333,Mature
5509874375129090220898_P2-E3.CEL,1,1,6,2,2,3,14.86666667,29.56666667,2.3,11.4,80.36666667,0.956666667,11.4,Mature
5509874375129090220898_P2-E4.CEL,1,1,3,1,1,4,9.933333333,21.76666667,1.866666667,11.7,88,1.586666667,11.7,Mature
5509874375129090220898_P2-E6.CEL,1,2,1,2,2,3,11.55,17.65,1.6,2.65,37,0.46,2.65,Mature
5509874375129090220898_P2-E8.CEL,3,1,1,1,2,3,14.16666667,24,1.7,8.233333333,86.36666667,2.023333333,24.7,Mature
5509874375129090220898_P2-E10.CEL,1,3,1,1,2,3,17.5,24.83333333,2.866666667,19.46666667,87.46666667,1.766666667,19.46666667,Mature
5509874375129090220898_P2-E11.CEL,1,1,1,1,1,3,8.7,17.7,2.45,6.75,54.5,1.065,6.75,Mature
5509874375129090220898_P2-E12.CEL,1,1,5,2,2,4,12.36666667,26.75,2.533333333,9.7,81.06666667,1.126666667,9.7,Mature
5509874375129090220898_P2-F1.CEL,1,1,1,1,2,4,7,23.2,2.233333333,7.566666667,67.26666667,1.3,7.566666667,Mature
5509874375129090220898_P2-F2.CEL,1,2,1,1,2,3,12.9,25.76666667,2.9,17.03333333,88.73333333,1.776666667,17.03333333,Mature
5509874375129090220898_P2-F3.CEL,3,1,1,3,1,3,11.7,22.86666667,5.5,7.133333333,80.66666667,1.96,21.4,Mature
5509874375129090220898_P2-F4.CEL,1,3,1,3,2,3,14.56666667,26.1,2.033333333,18.73333333,83.66666667,2.573333333,18.73333333,Mature
5509874375129090220898_P2-F5.CEL,1,3,3,2,2,4,14.5,26.13333333,2.366666667,21.23333333,88.46666667,2.023333333,21.23333333,Mature
5509874375129090220898_P2-F6.CEL,1,2,1,2,2,3,23,21.86666667,2.7,16.1,87.5,1.89,16.1,Mature
5509874375129090220898_P2-F8.CEL,1,4,3,3,2,3,29.1,26.5,3.033333333,22.06666667,92.36666667,2.226666667,22.06666667,Mature
5509874375129090220898_P2-F9.CEL,1,2,1,1,2,3,11.03333333,24.8,2.6,16.9,88.86666667,1.733333333,16.9,Mature
5509874375129090220898_P2-F11.CEL,1,2,1,1,2,3,12.43333333,24.86666667,3.3,20.76666667,88.93333333,1.136666667,20.76666667,Mature
5509874375129090220898_P2-F12.CEL,1,4,3,3,2,4,12.43333333,23.23333333,3.5,21.5,91.33333333,2.056666667,21.5,Mature
5509874375129090220898_P2-G1.CEL,1,1,1,1,2,3,9.966666667,21.7,3.033333333,17.43333333,90.8,2.286666667,17.43333333,Mature
5509874375129090220898_P2-G2.CEL,1,1,1,2,2,4,10.26666667,23.56666667,2.866666667,17.1,80.96666667,1.54,17.1,Mature
5509874375129090220898_P2-G3.CEL,1,2,1,1,2,4,10.65,20.65,2.85,16.8,81.7,3.08,16.8,Mature
5509874375129090220898_P2-G6.CEL,1,1,1,1,2,3,12.16666667,27.9,3.833333333,18.56666667,85.4,2.15,18.56666667,Mature
5509874375129090220898_P2-G8.CEL,1,2,1,1,1,3,12.3,30.4,3,13.23333333,74.63333333,1.46,13.23333333,Mature
5509874375129090220898_P2-G10.CEL,1,3,1,1,1,4,25.06666667,23.66666667,3.033333333,11.2,88.06666667,1.683333333,11.2,Mature
5509874375129090220898_P2-G11.CEL,1,3,1,3,2,3,13.36666667,27.56666667,4,15.96666667,75.53333333,2.276666667,15.96666667,Mature
5509874375129090220898_P2-H1.CEL,1,2,1,1,1,4,16.66666667,28.03333333,3.3,19.63333333,88.63333333,1.783333333,19.63333333,Mature
5509874375129090220898_P2-H3.CEL,1,3,1,1,2,4,12.43333333,16.93333333,2.633333333,25.36666667,92.43333333,2.273333333,25.36666667,Mature
5509874375129090220898_P2-H4.CEL,1,2,1,1,2,3,19.23333333,23.73333333,3.633333333,9.033333333,79.73333333,1.086666667,9.033333333,Mature
5509874375129090220898_P2-H7.CEL,1,3,1,1,2,3,16.2,25.4,3.8,15.23333333,80.56666667,1.616666667,15.23333333,Mature
5509874375129090220898_P2-H8.CEL,1,1,1,1,1,4,7.366666667,25.26666667,3.433333333,19.2,85.1,1.79,19.2,Mature
5509874375129090220898_P2-H10.CEL,1,1,1,1,2,4,12.43333333,22.3,2.6,23.86666667,89.23333333,2.293333333,23.86666667,Mature
5509874375129090220898_P2-H11.CEL,1,1,2,2,1,3,5.8,17.66666667,2.533333333,9.6,76.1,1.443333333,9.6,Mature
5509874375129090220899_P3-A1.CEL,1,4,1,1,4,4,17.06666667,29.1,4.4,26.83333333,87.7,2.366666667,26.83333333,Mature
5509874375129090220899_P3-A2.CEL,1,1,1,1,2,3,7.833333333,22,4.066666667,26.2,86.3,2.02,26.2,Mature
5509874375129090220899_P3-A4.CEL,1,1,1,1,2,4,11.13333333,27,2.6,25.63333333,87.46666667,3.123333333,25.63333333,Mature
5509874375129090220899_P3-A5.CEL,1,1,1,2,2,4,11.23333333,20.33333333,3.266666667,15.8,77.03333333,1.796666667,15.8,Mature
5509874375129090220899_P3-A9.CEL,1,2,1,2,2,3,16,21.8,2.7,4.77,76.5,1.69,4.77,Mature
5509874375129090220899_P3-A10.CEL,1,1,1,1,2,3,12.53333333,29.3,3.266666667,26.5,86.63333333,2.293333333,26.5,Mature
5509874375129090220899_P3-B4.CEL,3,3,1,1,2,4,14.83333333,33,3.533333333,17.06666667,88.43333333,2.28,51.2,Mature
5509874375129090220899_P3-B6.CEL,5,3,1,1,2,3,15.63333333,28.76666667,2.6,21.26666667,89.56666667,2.516666667,106.3333333,Mature
5509874375129090220899_P3-B7.CEL,5,2,1,3,2,4,17.2,30.83333333,3.966666667,25.26666667,86.16666667,2.8,126.3333333,Mature
5509874375129090220899_P3-B11.CEL,1,1,1,2,2,3,22.83333333,31.33333333,3.476666667,36.2,82.5,2.103333333,36.2,Mature
5509874375129090220899_P3-C1.CEL,1,3,1,1,1,4,24.7,29.3,2.9,29,91,1.99,29,Mature
5509874375129090220902_P5-F10.CEL,1,4,1,3,2,4,20.86666667,26.2,4,35.5,93.56666667,2.073333333,35.5,Mature
5509874375129090220902_P5-D8.CEL,5,2,1,1,1,3,17.4,35.33333333,2.3,18.96666667,90.8,1.48,94.83333333,Mature
5509874375129090220902_P5-F11.CEL,3,3,3,3,2,4,19.86666667,19.2,2.933333333,7.033333333,89.13333333,3.053333333,21.1,Mature
5509874375129090220902_P5-G1.CEL,3,4,3,3,2,3,20.7,23.33333333,3.533333333,9.5,79.66666667,2.943333333,28.5,Mature
5509874375129090220902_P5-G3.CEL,1,4,3,1,2,4,30.83333333,27.43333333,2.9,41.2,91.6,2.733333333,41.2,Mature
5509874375129090220902_P5-G4.CEL,1,4,3,1,4,4,32.46666667,25.4,2.7,39.03333333,93.33333333,3.32,39.03333333,Mature
5509874375129090220902_P5-G5.CEL,1,4,3,1,2,3,19.5,31.53333333,2.833333333,35.06666667,88.8,2.603333333,35.06666667,Mature
5509874375129090220899_P3-H6.CEL,1,4,1,1,2,1,38.23333333,22.83333333,1.466666667,11.56666667,93.66666667,2.39,11.56666667,Mature
5509874375129090220899_P3-H7.CEL,1,4,1,1,2,4,32.53333333,29.63333333,2.833333333,29.43333333,94.76666667,2.506666667,29.43333333,Mature
5509874375129090220899_P3-H8.CEL,1,4,3,1,2,4,26.23333333,25.7,2.6,33.56666667,94.46666667,2.36,33.56666667,Mature
5509874375129090220902_P5-C2.CEL,1,4,3,1,2,3,31.06666667,21.8,2.533333333,21.6,91.46666667,3.353333333,21.6,Mature
5509874375129090220899_P3-H9.CEL,1,4,1,3,2,3,32.06666667,28.46666667,2.4,22.63333333,92.76666667,2.953333333,22.63333333,Mature
5509874375129090220899_P3-H10.CEL,1,4,1,3,4,3,17.76666667,26.9,3.033333333,25.4,89.7,2.296666667,25.4,Mature
5509874375129090220899_P3-H11.CEL,3,4,1,1,2,4,23.8,23.46666667,2.166666667,14.93333333,93.03333333,2.96,44.8,Mature
5509874375129090220899_P3-H12.CEL,1,3,7,1,4,4,14.86666667,31.43333333,5,27.36666667,83.13333333,3.306666667,27.36666667,Mature
5509874375129090220902_P5-C3.CEL,1,3,3,3,2,3,22.46666667,36.06666667,2.833333333,13.23333333,84.46666667,3.07,13.23333333,Mature
5509874375129090220902_P5-C4.CEL,1,3,1,3,4,3,33.43333333,34.5,2.733333333,37.03333333,76.73333333,2.746666667,37.03333333,Mature
5509874375129090220901_P4-A2.CEL,1,4,4,3,1,3,24,31.43333333,4.666666667,47.3,89.23333333,4.096666667,47.3,Mature
5509874375129090220901_P4-A3.CEL,1,3,3,1,2,5,15.4,40.3,3.166666667,40,92.26666667,2.793333333,40,Mature
5509874375129090220901_P4-A5.CEL,1,4,1,3,2,3,19.13333333,26,3.333333333,24.03333333,93.2,2.38,24.03333333,Mature
5509874375129090220901_P4-A6.CEL,1,3,1,3,2,3,17.36666667,28.3,2.5,22.66666667,89.53333333,2.196666667,22.66666667,Mature
5509874375129090220901_P4-A7.CEL,1,3,1,2,4,3,13.6,25.36666667,2.833333333,18.8,86.3,1.956666667,18.8,Mature
5509874375129090220901_P4-A8.CEL,1,4,1,1,2,3,23.06666667,31.13333333,3.266666667,36.9,92.33333333,2.78,36.9,Mature
5509874375129090220901_P4-A9.CEL,1,4,3,2,2,3,21.5,20.6,2.233333333,14.76666667,87.53333333,1.783333333,14.76666667,Mature
5509874375129090220899_P3-E8.CEL,1,2,1,1,2,4,14.13333333,25.6,2.366666667,18.66666667,85.93333333,1.775,18.66666667,Mature
5509874375129090220899_P3-E10.CEL,1,1,1,3,1,4,16.2,22.4,3.266666667,15.46666667,80.76666667,1.9,15.46666667,Mature
5509874375129090220899_P3-E12.CEL,1,2,1,2,2,3,12.5,27.13333333,3,12.53333333,72.5,1.113333333,12.53333333,Mature
5509874375129090220899_P3-G9.CEL,1,4,1,3,2,3,38.76666667,27.46666667,3.5,32.33333333,88.96666667,2.83,32.33333333,Mature
5509874375129090220899_P3-G11.CEL,1,4,4,1,2,3,38.66666667,28.53333333,3.366666667,25.93333333,90.63333333,3.213333333,25.93333333,Mature
5509874375129090220899_P3-G12.CEL,1,3,4,1,2,3,26.5,23.9,3.566666667,37.1,90.96666667,2.483333333,37.1,Mature
5509874375129090220899_P3-H1.CEL,1,4,3,1,1,4,25.73333333,26.1,2.933333333,39.46666667,91.3,2.436666667,39.46666667,Mature
5509874375129090220899_P3-H4.CEL,3,4,4,1,2,3,17.5,23.76666667,3,11.23333333,87.8,3.036666667,33.7,Mature
5509874375129090220899_P3-H5.CEL,3,3,4,3,1,3,19.7,23.66666667,3,12.03333333,85.26666667,3.053333333,36.1,Mature
5509874375129090220901_P4-E10.CEL,1,1,7,3,2,4,4.266666667,14.93333333,4.4,14.16666667,78.1,1.63,14.16666667,Mature
5509874375129090220901_P4-E12.CEL,5,3,1,1,2,3,20.03333333,23.56666667,2.033333333,6.833333333,83.51666667,2.656666667,34.16666667,Mature
5509874375129090220901_P4-F2.CEL,1,4,1,2,2,4,32.13333333,28.26666667,2.833333333,10.03333333,85.03333333,1.816666667,10.03333333,Mature
5509874375129090220901_P4-F3.CEL,3,3,6,3,4,3,19.23333333,28.46666667,2.8,10.93333333,83.46666667,1.64,32.8,Mature
5509874375129090220901_P4-F6.CEL,1,4,1,3,2,4,32,41.8,3,30.4,87.76666667,2.64,30.4,Mature
5509874375129090220901_P4-F7.CEL,1,4,6,1,2,3,30.66666667,44.06666667,2,32.3,91.26666667,2.206666667,32.3,Mature
5509874375129090220901_P4-F12.CEL,1,1,6,1,3,4,4.2,29.46666667,2.033333333,11.76666667,61.13333333,1.483333333,11.76666667,Mature
5509874375129090220901_P4-G2.CEL,1,3,1,2,2,3,27.66666667,31.06666667,2.533333333,15.56666667,83.1,2.425,15.56666667,Mature
5509874375129090220901_P4-G3.CEL,3,3,6,1,2,3,10.26666667,25.3,1.8,13.13333333,93.9,2.696666667,39.4,Mature
5509874375129090220899_P3-F1.CEL,1,1,1,1,2,3,13,27.2,2.933333333,10.83333333,73.76666667,1.016666667,10.83333333,Mature
5509874375129090220899_P3-F4.CEL,1,2,1,1,2,1,13.63333333,20.4,2.3,9.05,63.83333333,1.423333333,9.05,Mature
5509874375129090220899_P3-F5.CEL,1,3,1,1,2,3,11.76666667,21.3,2.933333333,21.7,77.36666667,2.136666667,21.7,Mature
5509874375129090220899_P3-F6.CEL,1,1,1,1,2,4,6.55,19.83333333,3.4,21.26666667,82.43333333,1.826666667,21.26666667,Mature
5509874375129090220899_P3-C9.CEL,3,3,3,3,1,4,18.03333333,22.93333333,2.566666667,8.466666667,87.16666667,2.28,25.4,Mature
5509874375129090220899_P3-C10.CEL,1,1,1,3,3,3,13.2,33,3.333333333,20.5,82.73333333,2.556666667,20.5,Mature
5509874375129090220899_P3-G7.CEL,1,2,1,1,2,4,9.4,33.16666667,3.3,21.23333333,88.6,2.203333333,21.23333333,Mature
5509874375129090220899_P3-E3.CEL,1,4,3,1,2,1,30.26666667,22.16666667,2,14.93333333,90.53333333,2.61,14.93333333,Mature
5509874375129090220899_P3-E4.CEL,1,4,1,1,2,1,31.73333333,23.7,2.2,18.4,92.56666667,2.803333333,18.4,Mature
5509874375129090220899_P3-E5.CEL,1,4,1,1,2,3,35.76666667,30.93333333,3.833333333,17.96666667,87.96666667,3.053333333,17.96666667,Mature
5509874375129090220899_P3-E7.CEL,1,2,1,3,2,3,14.8,24.1,2.3,15.9,87.4,2.415,15.9,Mature
5509874375129090220899_P3-C3.CEL,1,3,1,1,2,3,14.9,30,3.466666667,11.76666667,86.36666667,2.896666667,11.76666667,Mature
5509874375129090220899_P3-C4.CEL,3,2,1,3,2,3,16.93333333,30.53333333,4.066666667,9.166666667,84.36666667,2.496666667,27.5,Mature
5509874375129090220899_P3-D5.CEL,1,1,1,1,2,3,7.466666667,24.53333333,2.933333333,15.23333333,88,2.28,15.23333333,Mature
5509874375129090220899_P3-D6.CEL,1,3,1,3,2,3,21.8,27.46666667,3.033333333,21.63333333,77.4,2.5,21.63333333,Mature
5509874375129090220899_P3-D7.CEL,1,4,3,1,2,3,29.23333333,24.66666667,2.7,14.2,87.26666667,3.393333333,14.2,Mature
5509874375129090220901_P4-H1.CEL,1,4,1,1,2,5,24.76666667,25.2,2.7,16.2,92.33333333,2.553333333,16.2,Mature
5509874375129090220901_P4-H2.CEL,3,4,6,1,2,3,24.13333333,28.5,1.833333333,14.66666667,91.56666667,2.06,44,Mature
5509874375129090220902_P5-D6.CEL,1,4,1,3,2,4,20.36666667,29.26666667,3.766666667,33.5,91.96666667,2.63,33.5,Mature
5509874375129090220901_P4-G5.CEL,1,4,1,1,1,3,24.23333333,27.13333333,1.533333333,13.83333333,93.16666667,2.48,13.83333333,Mature
5509874375129090220901_P4-G6.CEL,1,3,1,1,2,4,19.56666667,21.23333333,2.566666667,16.2,85.9,2.316666667,16.2,Mature
5509874375129090220901_P4-G10.CEL,3,4,1,2,2,3,28.43333333,13.96666667,1.5,13.45,91.8,2.24,40.35,Mature
5509874375129090220901_P4-G11.CEL,1,4,1,2,6,4,23.9,30.8,2.633333333,19.1,91.6,3.126666667,19.1,Mature
5509874375129090220901_P4-G12.CEL,1,4,1,3,2,3,26.56666667,28.8,3,29.06666667,91,1.75,29.06666667,Mature
5509874375129090220902_P5-D3.CEL,1,4,3,2,2,1,17.96666667,26.73333333,2.6,15.1,86.56666667,2.57,15.1,Mature
5509874375129090220901_P4-F8.CEL,1,3,7,1,2,4,15.6,36.93333333,3.966666667,36.2,89.8,3.096666667,36.2,Mature
5509874375129090220901_P4-F9.CEL,1,4,5,2,2,4,28.03333333,31.03333333,2.233333333,16.7,88.63333333,1.41,16.7,Mature
5509874375129090220902_P5-D1.CEL,1,3,1,1,3,3,23.96666667,32.53333333,2.266666667,13.06666667,87.23333333,2.76,13.06666667,Mature
5509874375129090220901_P4-F10.CEL,1,4,6,1,2,3,26.63333333,25.33333333,3.9,18,86.73333333,2.686666667,18,Mature
5509874375129090220901_P4-B12.CEL,1,4,1,1,2,3,25.7,30.93333333,3.366666667,15.86666667,90.66666667,2.636666667,15.86666667,Mature
5509874375129090220901_P4-B7.CEL,1,4,1,1,2,3,20.8,32.33333333,3.2,27.8,90.86666667,2.32,27.8,Mature
5509874375129090220901_P4-B9.CEL,1,3,1,3,2,3,25.46666667,30.63333333,2.9,21.13333333,90.03333333,2.15,21.13333333,Mature
5509874375129090220902_P5-C6.CEL,1,1,3,3,2,3,13.83333333,23.8,2.5,23.56666667,89.33333333,3.02,23.56666667,Mature
5509874375129090220901_P4-B3.CEL,1,1,1,1,2,3,10.8,25.23333333,2.533333333,16.43333333,70.53333333,2.366666667,16.43333333,Mature
5509874375129090220901_P4-B5.CEL,1,3,1,1,2,3,7.133333333,27.83333333,3,18.83333333,87.76666667,2.493333333,18.83333333,Mature
5509874375129090220901_P4-B6.CEL,1,3,1,3,2,3,23.76666667,29.23333333,3.35,25.35,92.6,2.965,25.35,Mature
5509874375129090220899_P3-F12.CEL,1,4,1,3,2,3,22.9,29.16666667,2.966666667,28.16666667,95.16666667,2.56,28.16666667,Mature
5509874375129090220899_P3-G1.CEL,1,1,1,2,2,3,10.13333333,20.16666667,3.233333333,20.3,79.7,1.88,20.3,Mature
5509874375129090220899_P3-G2.CEL,1,3,1,3,1,3,23.8,27.46666667,3.366666667,25.63333333,86.1,2.696666667,25.63333333,Mature
5509874375129090220899_P3-G3.CEL,1,3,1,3,2,3,30.4,26.2,2.666666667,29.16666667,87.46666667,2.203333333,29.16666667,Mature
5509874375129090220902_P5-G11.CEL,1,3,1,1,2,3,21.5,28.36666667,2.3,19.23333333,90.5,3.036666667,19.23333333,Mature
5509874375129090220902_P5-G12.CEL,1,3,4,3,2,3,19.63333333,21.23333333,3.1,17.96666667,92.13333333,2.383333333,17.96666667,Mature
5509874375129090220902_P5-H3.CEL,1,3,1,3,2,4,24.53333333,30.43333333,3.466666667,24.73333333,87.33333333,2.363333333,24.73333333,Mature
5509874375129090220902_P5-H5.CEL,1,1,4,1,2,4,15.16666667,21.36666667,5.466666667,13.43333333,76.26666667,3.066666667,13.43333333,Mature
5509874375129090220902_P5-H7.CEL,3,4,4,3,2,3,30.36666667,19.73333333,3.6,8.666666667,79.1,3.086666667,26,Mature
5509874375129090220902_P5-H8.CEL,1,4,1,1,1,3,17.6,35.7,3.066666667,18.06666667,83.2,1.61,18.06666667,Mature
5509874375129090220901_P4-E3.CEL,1,1,4,2,2,3,21.63333333,29.9,3.6,29.16666667,91.06666667,1.5,29.16666667,Mature
5509874375129090220901_P4-E7.CEL,1,4,1,1,2,3,18.93333333,27.9,3.333333333,23.06666667,82.4,2.216666667,23.06666667,Mature
5509874375129090220901_P4-E8.CEL,1,4,1,1,2,3,20.3,30,3.5,22.7,82.36666667,2.423333333,22.7,Mature
5509874375129090220902_P5-C12.CEL,1,4,4,3,2,3,24.76666667,28.96666667,3.166666667,20.86666667,87.8,2.603333333,20.86666667,Mature
5509874375129090220901_P4-E9.CEL,1,4,1,1,4,3,17.36666667,25.83333333,2.666666667,16.13333333,90.4,3.01,16.13333333,Mature
5509874375129090220901_P4-H10.CEL,1,3,1,3,2,3,13.1,25.3,1.666666667,11.6,85.53333333,2.666666667,11.6,Mature
5509874375129090220901_P4-H11.CEL,1,4,1,3,2,3,18.1,33.93333333,2.5,21.96666667,91.83333333,2.893333333,21.96666667,Mature
5509874375129090220902_P5-D9.CEL,1,0,1,2,2,3,8.066666667,39.16666667,3.533333333,23.3,76.16666667,1.883333333,23.3,Mature
5509874375129090220902_P5-D11.CEL,1,1,1,1,1,4,12.16666667,27.5,3.133333333,19.93333333,74.16666667,2.153333333,19.93333333,Mature
5509874375129090220902_P5-D12.CEL,1,0,1,2,2,3,15.66666667,34.76666667,2.8,21.1,68.73333333,1.453333333,21.1,Mature
5509874375129090220902_P5-E1.CEL,1,1,3,2,2,3,15.93333333,22,2.866666667,11.36666667,66.8,1.933333333,11.36666667,Mature
5509874375129090220902_P5-E11.CEL,3,2,1,3,1,3,10.33333333,24.96666667,1.833333333,4.5,75.06666667,1.993333333,13.5,Mature
5509874375129090220901_P4-C11.CEL,1,4,1,1,2,4,21.46666667,33.76666667,3.666666667,27.43333333,91.13333333,4.21,27.43333333,Mature
5509874375129090220901_P4-D2.CEL,1,4,3,1,2,3,17.63333333,28.9,3,21.2,88.6,3.086666667,21.2,Mature
5509874375129090220899_P3-D11.CEL,1,4,3,1,2,4,33.56666667,27.86666667,3.266666667,24.33333333,88.8,2.393333333,24.33333333,Mature
5509874375129090220899_P3-E1.CEL,1,1,3,3,2,3,10.83333333,22.36666667,3.833333333,19,89.2,2.73,19,Mature
5509874375129090220901_P4-C6.CEL,1,3,3,1,4,1,23.13333333,31,4.366666667,18,85.43333333,1.846666667,18,Mature
5509874375129090220901_P4-C7.CEL,5,2,1,2,2,4,30.1,14.96666667,1.4,2.6,82.33333333,1.853333333,13,Mature
5509874375129090220901_P4-C8.CEL,3,3,1,2,2,3,37.8,29.1,1.533333333,8.2,86.26666667,2.846666667,24.6,Mature
5509874375129090220902_P5-C10.CEL,1,3,1,1,4,3,21.4,33.6,3.4,19.16666667,87.46666667,1.726666667,19.16666667,Mature
5509874375129090220901_P4-C9.CEL,1,4,1,1,2,4,22.8,25.86666667,2.3,2.65,71.5,1.556666667,2.65,Mature
5509874375129090220901_P4-C10.CEL,1,4,3,1,5,3,28.16666667,23.23333333,2.5,13.86666667,91.7,3.046666667,13.86666667,Mature
5509874375129090220901_P4-D7.CEL,1,3,6,1,2,3,13.26666667,24.13333333,1.733333333,12.76666667,95.16666667,2.14,12.76666667,Mature
5509874375129090220901_P4-D9.CEL,1,2,1,3,2,3,7.533333333,22.83333333,4.366666667,10.63333333,68.13333333,1.426666667,10.63333333,Mature
5509874375129090220901_P4-D10.CEL,1,4,1,1,2,4,11.26666667,29.4,2.433333333,17.56666667,87.66666667,2.233333333,17.56666667,Mature
5509874375129090220901_P4-D11.CEL,1,4,1,1,2,3,17.2,21.56666667,2.6,15.46666667,90.3,2.27,15.46666667,Mature
5509874375129090220901_P4-E1.CEL,1,4,1,1,3,3,18.36666667,26.23333333,2.533333333,16.7,89.7,2.233333333,16.7,Mature
5509874375129090220902_P5-F1.CEL,1,4,3,3,2,3,26.63333333,31.1,3.233333333,28.63333333,82.06666667,2.113333333,28.63333333,Mature
5509874375129090220902_P5-F3.CEL,1,4,3,3,2,3,91,15.2,3.3,29.96666667,91.9,3.366666667,29.96666667,Mature
5509874375129090220902_P5-F5.CEL,1,0,3,1,2,3,12.13333333,20.86666667,2.4,21.7,79.4,2.576666667,21.7,Mature
5509874375129090220902_P5-F6.CEL,1,1,7,1,4,3,10,16.83333333,5.266666667,31.33333333,85.93333333,2.24,31.33333333,Mature
5509874375129090220902_P5-F7.CEL,1,2,1,1,4,3,18.3,18.2,3.6,12.1,86.6,2.403333333,12.1,Mature
5509874375129090220902_P5-F9.CEL,1,3,3,3,2,3,21.9,21.83333333,4,26.1,89.9,2.086666667,26.1,Mature
5509874375129090220902_P5-H11.CEL,1,4,4,1,5,3,16.83333333,26.13333333,3.833333333,18.66666667,86.23333333,3.14,18.66666667,Mature
5509874375129090220902_P5-H12.CEL,1,2,3,1,1,4,17.43333333,29.53333333,3.6,17.13333333,82.2,3.096666667,17.13333333,Mature
5509874375129090220901_P4-H3.CEL,1,4,3,1,4,4,19.4,23.7,3.2,30.4,94.56666667,2.666666667,30.4,Mature
5509874375129090220901_P4-H4.CEL,3,3,1,1,2,4,20.06666667,24.6,2.2,13.93333333,86.93333333,1.49,41.8,Mature
5509874375129090220901_P4-H5.CEL,1,3,1,1,1,4,23.8,22.23333333,1.766666667,11.26666667,92.9,1.863333333,11.26666667,Mature
5509874375129090220901_P4-H6.CEL,1,3,1,1,1,4,19.43333333,23.96666667,2.4,15.06666667,85.43333333,2.243333333,15.06666667,Mature
5509874375129090220901_P4-H7.CEL,1,3,1,1,2,3,11.9,23.63333333,3.6,14.63333333,79.4,2.186666667,14.63333333,Mature
